sequence,seedId,name,normalizedName,mealCategory,mealTypeSuggested,countryOfOriginSuggested,discovery,studentAthleteTarget,mealPrepCandidate,imageSearchQuery,assetMainFile,assetCardFile,imageStatus
1,REC-CAND-0001,Senegalese Chicken Yassa,senegalese chicken yassa,Main Meal,Lunch,Tunisia,True,True,True,Senegalese Chicken Yassa recipe,assets/main.avif,assets/card.avif,not-included-see-readme
2,REC-CAND-0002,Georgian Lobio Bean Stew,georgian lobio bean stew,Main Meal,Lunch,Indonesia,True,True,True,Georgian Lobio Bean Stew recipe,assets/main.avif,assets/card.avif,not-included-see-readme
3,REC-CAND-0003,Afghan Kabuli Pulao,afghan kabuli pulao,Main Meal,Lunch,Egypt,True,True,True,Afghan Kabuli Pulao recipe,assets/main.avif,assets/card.avif,not-included-see-readme
4,REC-CAND-0004,Tunisian Chickpea Tagine,tunisian chickpea tagine,Main Meal,Lunch,Mongolia,True,True,True,Tunisian Chickpea Tagine recipe,assets/main.avif,assets/card.avif,not-included-see-readme
5,REC-CAND-0005,Egyptian Koshari Bowl,egyptian koshari bowl,Main Meal,Dinner,Nepal,True,True,True,Egyptian Koshari Bowl recipe,assets/main.avif,assets/card.avif,not-included-see-readme
6,REC-CAND-0006,Sri Lankan Dhal Curry,sri lankan dhal curry,Main Meal,Lunch,Ethiopia,True,True,True,Sri Lankan Dhal Curry recipe,assets/main.avif,assets/card.avif,not-included-see-readme
7,REC-CAND-0007,Botswanan Seswaa Beef Bowl,botswanan seswaa beef bowl,Main Meal,Lunch,Senegal,True,True,True,Botswanan Seswaa Beef Bowl recipe,assets/main.avif,assets/card.avif,not-included-see-readme
8,REC-CAND-0008,Indonesian Tempeh Sambal Rice,indonesian tempeh sambal rice,Main Meal,Lunch,Botswana,True,True,True,Indonesian Tempeh Sambal Rice recipe,assets/main.avif,assets/card.avif,not-included-see-readme
9,REC-CAND-0009,Uzbek Chicken Pilaf,uzbek chicken pilaf,Main Meal,Lunch,Mongolia,True,True,True,Uzbek Chicken Pilaf recipe,assets/main.avif,assets/card.avif,not-included-see-readme
10,REC-CAND-0010,Ghanaian Groundnut Chicken Stew,ghanaian groundnut chicken stew,Main Meal,Dinner,Mongolia,True,True,True,Ghanaian Groundnut Chicken Stew recipe,assets/main.avif,assets/card.avif,not-included-see-readme
11,REC-CAND-0011,Nigerian Jollof Rice with Turkey,nigerian jollof rice with turkey,Main Meal,Dinner,Botswana,True,True,True,Nigerian Jollof Rice with Turkey recipe,assets/main.avif,assets/card.avif,not-included-see-readme
12,REC-CAND-0012,Lebanese Mujadara Bowl,lebanese mujadara bowl,Main Meal,Dinner,Nepal,True,True,True,Lebanese Mujadara Bowl recipe,assets/main.avif,assets/card.avif,not-included-see-readme
13,REC-CAND-0013,Moroccan Lentil Soup,moroccan lentil soup,Main Meal,Lunch,Georgia,True,True,True,Moroccan Lentil Soup recipe,assets/main.avif,assets/card.avif,not-included-see-readme
14,REC-CAND-0014,Armenian Herb Flatbread Plate,armenian herb flatbread plate,Main Meal,Dinner,Lebanon,True,True,True,Armenian Herb Flatbread Plate recipe,assets/main.avif,assets/card.avif,not-included-see-readme
15,REC-CAND-0015,Nepalese Chicken Tarkari,nepalese chicken tarkari,Main Meal,Lunch,Indonesia,True,True,True,Nepalese Chicken Tarkari recipe,assets/main.avif,assets/card.avif,not-included-see-readme
16,REC-CAND-0016,Croatian Bean and Sausage Stew,croatian bean and sausage stew,Main Meal,Dinner,Sri Lanka,True,True,True,Croatian Bean and Sausage Stew recipe,assets/main.avif,assets/card.avif,not-included-see-readme
17,REC-CAND-0017,Romanian Stuffed Pepper Bowl,romanian stuffed pepper bowl,Main Meal,Lunch,Tunisia,True,True,True,Romanian Stuffed Pepper Bowl recipe,assets/main.avif,assets/card.avif,not-included-see-readme
18,REC-CAND-0018,Mongolian Beef and Cabbage Bowl,mongolian beef and cabbage bowl,Main Meal,Lunch,Nigeria,True,True,True,Mongolian Beef and Cabbage Bowl recipe,assets/main.avif,assets/card.avif,not-included-see-readme
19,REC-CAND-0019,Albanian Baked Pepper and Rice Plate,albanian baked pepper and rice plate,Main Meal,Dinner,Ghana,True,True,True,Albanian Baked Pepper and Rice Plate recipe,assets/main.avif,assets/card.avif,not-included-see-readme
20,REC-CAND-0020,Peruvian Aji Chicken Bowl,peruvian aji chicken bowl,Main Meal,Dinner,Croatia,True,True,True,Peruvian Aji Chicken Bowl recipe,assets/main.avif,assets/card.avif,not-included-see-readme
21,REC-CAND-0021,Brazilian Black Bean Beef Skillet,brazilian black bean beef skillet,Main Meal,Dinner,Ethiopia,True,True,True,Brazilian Black Bean Beef Skillet recipe,assets/main.avif,assets/card.avif,not-included-see-readme
22,REC-CAND-0022,Filipino Chicken Adobo Rice Bowl,filipino chicken adobo rice bowl,Main Meal,Lunch,Mongolia,True,True,True,Filipino Chicken Adobo Rice Bowl recipe,assets/main.avif,assets/card.avif,not-included-see-readme
23,REC-CAND-0023,Tunisian Shakshuka Plate,tunisian shakshuka plate,Main Meal,Breakfast,Nigeria,True,True,True,Tunisian Shakshuka Plate recipe,assets/main.avif,assets/card.avif,not-included-see-readme
24,REC-CAND-0024,Moroccan Chermoula Fish Tray Bake,moroccan chermoula fish tray bake,Main Meal,Dinner,Senegal,True,True,True,Moroccan Chermoula Fish Tray Bake recipe,assets/main.avif,assets/card.avif,not-included-see-readme
25,REC-CAND-0025,Thai Lentil Flatbread,thai lentil flatbread,Main Meal,Lunch,United States,False,True,True,Thai Lentil Flatbread recipe,assets/main.avif,assets/card.avif,not-included-see-readme
26,REC-CAND-0026,Mediterranean Lean Beef with Quinoa,mediterranean lean beef with quinoa,Main Meal,Dinner,Spain,False,True,True,Mediterranean Lean Beef with Quinoa recipe,assets/main.avif,assets/card.avif,not-included-see-readme
27,REC-CAND-0027,Thai Lentil with Rice,thai lentil with rice,Main Meal,Lunch,France,False,True,True,Thai Lentil with Rice recipe,assets/main.avif,assets/card.avif,not-included-see-readme
28,REC-CAND-0028,Chinese Shrimp with Vegetables,chinese shrimp with vegetables,Main Meal,Dinner,Greece,False,True,True,Chinese Shrimp with Vegetables recipe,assets/main.avif,assets/card.avif,not-included-see-readme
29,REC-CAND-0029,Spanish Shrimp with Rice,spanish shrimp with rice,Main Meal,Dinner,Greece,False,True,True,Spanish Shrimp with Rice recipe,assets/main.avif,assets/card.avif,not-included-see-readme
30,REC-CAND-0030,Chinese Sausage with Potatoes,chinese sausage with potatoes,Main Meal,Dinner,Greece,False,True,True,Chinese Sausage with Potatoes recipe,assets/main.avif,assets/card.avif,not-included-see-readme
31,REC-CAND-0031,Blackened Black Bean with Green Beans,blackened black bean with green beans,Main Meal,Dinner,Italy,False,True,True,Blackened Black Bean with Green Beans recipe,assets/main.avif,assets/card.avif,not-included-see-readme
32,REC-CAND-0032,Turkey and Kale Orzo Skillet,turkey and kale orzo skillet,Main Meal,Dinner,Jamaica,False,True,True,Turkey and Kale Orzo Skillet recipe,assets/main.avif,assets/card.avif,not-included-see-readme
33,REC-CAND-0033,Buffalo Lean Beef Salad Bowl,buffalo lean beef salad bowl,Main Meal,Lunch,Japan,False,True,True,Buffalo Lean Beef Salad Bowl recipe,assets/main.avif,assets/card.avif,not-included-see-readme
34,REC-CAND-0034,Cod Taco Bowl,cod taco bowl,Main Meal,Lunch,Thailand,False,True,True,Cod Taco Bowl recipe,assets/main.avif,assets/card.avif,not-included-see-readme
35,REC-CAND-0035,Mediterranean Salmon with Vegetables,mediterranean salmon with vegetables,Main Meal,Lunch,France,False,True,True,Mediterranean Salmon with Vegetables recipe,assets/main.avif,assets/card.avif,not-included-see-readme
36,REC-CAND-0036,Peruvian Lentil Tacos,peruvian lentil tacos,Main Meal,Dinner,France,False,True,True,Peruvian Lentil Tacos recipe,assets/main.avif,assets/card.avif,not-included-see-readme
37,REC-CAND-0037,Caribbean Chicken with Potatoes,caribbean chicken with potatoes,Main Meal,Lunch,United States,False,True,True,Caribbean Chicken with Potatoes recipe,assets/main.avif,assets/card.avif,not-included-see-readme
38,REC-CAND-0038,Moroccan Lean Beef Pasta,moroccan lean beef pasta,Main Meal,Lunch,Jamaica,False,True,True,Moroccan Lean Beef Pasta recipe,assets/main.avif,assets/card.avif,not-included-see-readme
39,REC-CAND-0039,Japanese Sausage Noodle Bowl,japanese sausage noodle bowl,Main Meal,Lunch,China,False,True,True,Japanese Sausage Noodle Bowl recipe,assets/main.avif,assets/card.avif,not-included-see-readme
40,REC-CAND-0040,Sheet Pan Tuna and Kale,sheet pan tuna and kale,Main Meal,Dinner,Thailand,False,True,True,Sheet Pan Tuna and Kale recipe,assets/main.avif,assets/card.avif,not-included-see-readme
41,REC-CAND-0041,Spicy Shrimp Chili,spicy shrimp chili,Main Meal,Lunch,France,False,True,True,Spicy Shrimp Chili recipe,assets/main.avif,assets/card.avif,not-included-see-readme
42,REC-CAND-0042,Blackened Shrimp Rice Bowl,blackened shrimp rice bowl,Main Meal,Lunch,Greece,False,True,True,Blackened Shrimp Rice Bowl recipe,assets/main.avif,assets/card.avif,not-included-see-readme
43,REC-CAND-0043,Jamaican Tempeh with Quinoa,jamaican tempeh with quinoa,Main Meal,Lunch,Greece,False,True,True,Jamaican Tempeh with Quinoa recipe,assets/main.avif,assets/card.avif,not-included-see-readme
44,REC-CAND-0044,Sausage Taco Bowl,sausage taco bowl,Main Meal,Lunch,Mexico,False,True,True,Sausage Taco Bowl recipe,assets/main.avif,assets/card.avif,not-included-see-readme
45,REC-CAND-0045,Tomato Basil Lentil Stew,tomato basil lentil stew,Main Meal,Lunch,Armenia,True,True,True,Tomato Basil Lentil Stew recipe,assets/main.avif,assets/card.avif,not-included-see-readme
46,REC-CAND-0046,Lemon Chickpea with Zucchini,lemon chickpea with zucchini,Main Meal,Dinner,Greece,False,True,True,Lemon Chickpea with Zucchini recipe,assets/main.avif,assets/card.avif,not-included-see-readme
47,REC-CAND-0047,Smoky Black Bean with Carrots,smoky black bean with carrots,Main Meal,Lunch,Brazil,False,True,True,Smoky Black Bean with Carrots recipe,assets/main.avif,assets/card.avif,not-included-see-readme
48,REC-CAND-0048,Coconut Steak Quinoa Bowl,coconut steak quinoa bowl,Main Meal,Lunch,Mexico,False,True,True,Coconut Steak Quinoa Bowl recipe,assets/main.avif,assets/card.avif,not-included-see-readme
49,REC-CAND-0049,Black Bean Burrito Bowl,black bean burrito bowl,Main Meal,Dinner,Italy,False,True,True,Black Bean Burrito Bowl recipe,assets/main.avif,assets/card.avif,not-included-see-readme
50,REC-CAND-0050,Chickpea Skillet,chickpea skillet,Main Meal,Dinner,Philippines,False,True,True,Chickpea Skillet recipe,assets/main.avif,assets/card.avif,not-included-see-readme
51,REC-CAND-0051,Tuna Pita Plate,tuna pita plate,Main Meal,Dinner,United States,False,True,True,Tuna Pita Plate recipe,assets/main.avif,assets/card.avif,not-included-see-readme
52,REC-CAND-0052,Moroccan Turkey Wraps,moroccan turkey wraps,Main Meal,Lunch,United States,False,True,True,Moroccan Turkey Wraps recipe,assets/main.avif,assets/card.avif,not-included-see-readme
53,REC-CAND-0053,Roasted Lean Beef with Kale,roasted lean beef with kale,Main Meal,Lunch,China,False,True,True,Roasted Lean Beef with Kale recipe,assets/main.avif,assets/card.avif,not-included-see-readme
54,REC-CAND-0054,Italian Shrimp Flatbread,italian shrimp flatbread,Main Meal,Dinner,China,False,True,True,Italian Shrimp Flatbread recipe,assets/main.avif,assets/card.avif,not-included-see-readme
55,REC-CAND-0055,Tuna Taco Bowl,tuna taco bowl,Main Meal,Dinner,Spain,False,True,True,Tuna Taco Bowl recipe,assets/main.avif,assets/card.avif,not-included-see-readme
56,REC-CAND-0056,Tempeh Pita Plate,tempeh pita plate,Main Meal,Lunch,Mexico,False,True,True,Tempeh Pita Plate recipe,assets/main.avif,assets/card.avif,not-included-see-readme
57,REC-CAND-0057,Sheet Pan Tuna and Bell Peppers,sheet pan tuna and bell peppers,Main Meal,Lunch,Peru,False,True,True,Sheet Pan Tuna and Bell Peppers recipe,assets/main.avif,assets/card.avif,not-included-see-readme
58,REC-CAND-0058,Japanese Lentil Flatbread,japanese lentil flatbread,Main Meal,Lunch,France,False,True,True,Japanese Lentil Flatbread recipe,assets/main.avif,assets/card.avif,not-included-see-readme
59,REC-CAND-0059,Korean Tofu Orzo Skillet,korean tofu orzo skillet,Main Meal,Lunch,Peru,False,True,True,Korean Tofu Orzo Skillet recipe,assets/main.avif,assets/card.avif,not-included-see-readme
60,REC-CAND-0060,Balsamic Pork Tenderloin with Tomatoes,balsamic pork tenderloin with tomatoes,Main Meal,Dinner,Philippines,False,True,True,Balsamic Pork Tenderloin with Tomatoes recipe,assets/main.avif,assets/card.avif,not-included-see-readme
61,REC-CAND-0061,Crispy Cod Sweet Potato Hash,crispy cod sweet potato hash,Main Meal,Breakfast,Mexico,False,True,True,Crispy Cod Sweet Potato Hash recipe,assets/main.avif,assets/card.avif,not-included-see-readme
62,REC-CAND-0062,Cod and Green Beans Quinoa Bowl,cod and green beans quinoa bowl,Main Meal,Dinner,Spain,False,True,True,Cod and Green Beans Quinoa Bowl recipe,assets/main.avif,assets/card.avif,not-included-see-readme
63,REC-CAND-0063,Roasted Egg Grain Bowl,roasted egg grain bowl,Main Meal,Lunch,Mexico,False,True,True,Roasted Egg Grain Bowl recipe,assets/main.avif,assets/card.avif,not-included-see-readme
64,REC-CAND-0064,Turkey Taco Bowl,turkey taco bowl,Main Meal,Dinner,United States,False,True,True,Turkey Taco Bowl recipe,assets/main.avif,assets/card.avif,not-included-see-readme
65,REC-CAND-0065,Chipotle Turkey with Kale,chipotle turkey with kale,Main Meal,Lunch,Spain,False,True,True,Chipotle Turkey with Kale recipe,assets/main.avif,assets/card.avif,not-included-see-readme
66,REC-CAND-0066,Black Bean and Zucchini Casserole,black bean and zucchini casserole,Main Meal,Lunch,Jamaica,False,True,True,Black Bean and Zucchini Casserole recipe,assets/main.avif,assets/card.avif,not-included-see-readme
67,REC-CAND-0067,Chicken Skillet,chicken skillet,Main Meal,Lunch,Brazil,False,True,True,Chicken Skillet recipe,assets/main.avif,assets/card.avif,not-included-see-readme
68,REC-CAND-0068,Ginger Salmon Orzo Skillet,ginger salmon orzo skillet,Main Meal,Dinner,Brazil,False,True,True,Ginger Salmon Orzo Skillet recipe,assets/main.avif,assets/card.avif,not-included-see-readme
69,REC-CAND-0069,Honey Soy Tuna with Mushrooms,honey soy tuna with mushrooms,Main Meal,Lunch,Greece,False,True,True,Honey Soy Tuna with Mushrooms recipe,assets/main.avif,assets/card.avif,not-included-see-readme
70,REC-CAND-0070,American Chickpea Skillet,american chickpea skillet,Main Meal,Dinner,Jamaica,False,True,True,American Chickpea Skillet recipe,assets/main.avif,assets/card.avif,not-included-see-readme
71,REC-CAND-0071,Spanish Chickpea Grain Bowl,spanish chickpea grain bowl,Main Meal,Dinner,Peru,False,True,True,Spanish Chickpea Grain Bowl recipe,assets/main.avif,assets/card.avif,not-included-see-readme
72,REC-CAND-0072,Cod Pasta Bake,cod pasta bake,Main Meal,Dinner,Philippines,False,True,True,Cod Pasta Bake recipe,assets/main.avif,assets/card.avif,not-included-see-readme
73,REC-CAND-0073,Tomato Basil Steak Soup,tomato basil steak soup,Main Meal,Dinner,Philippines,False,True,True,Tomato Basil Steak Soup recipe,assets/main.avif,assets/card.avif,not-included-see-readme
74,REC-CAND-0074,Sheet Pan Tuna and Spinach,sheet pan tuna and spinach,Main Meal,Dinner,France,False,True,True,Sheet Pan Tuna and Spinach recipe,assets/main.avif,assets/card.avif,not-included-see-readme
75,REC-CAND-0075,Tofu Pasta Bake,tofu pasta bake,Main Meal,Dinner,China,False,True,True,Tofu Pasta Bake recipe,assets/main.avif,assets/card.avif,not-included-see-readme
76,REC-CAND-0076,Pork Tenderloin Skillet,pork tenderloin skillet,Main Meal,Lunch,Philippines,False,True,True,Pork Tenderloin Skillet recipe,assets/main.avif,assets/card.avif,not-included-see-readme
77,REC-CAND-0077,Buffalo Tofu Soup,buffalo tofu soup,Main Meal,Dinner,Japan,False,True,True,Buffalo Tofu Soup recipe,assets/main.avif,assets/card.avif,not-included-see-readme
78,REC-CAND-0078,Crispy Black Bean Casserole,crispy black bean casserole,Main Meal,Lunch,Spain,False,True,True,Crispy Black Bean Casserole recipe,assets/main.avif,assets/card.avif,not-included-see-readme
79,REC-CAND-0079,Greek Sausage Noodle Bowl,greek sausage noodle bowl,Main Meal,Lunch,Korea,False,True,True,Greek Sausage Noodle Bowl recipe,assets/main.avif,assets/card.avif,not-included-see-readme
80,REC-CAND-0080,Honey Soy Tofu Chili,honey soy tofu chili,Main Meal,Lunch,United States,False,True,True,Honey Soy Tofu Chili recipe,assets/main.avif,assets/card.avif,not-included-see-readme
81,REC-CAND-0081,Lean Beef Stuffed Sweet Potatoes,lean beef stuffed sweet potatoes,Main Meal,Dinner,Lebanon,True,True,True,Lean Beef Stuffed Sweet Potatoes recipe,assets/main.avif,assets/card.avif,not-included-see-readme
82,REC-CAND-0082,Sesame Chickpea Chili,sesame chickpea chili,Main Meal,Lunch,Peru,False,True,True,Sesame Chickpea Chili recipe,assets/main.avif,assets/card.avif,not-included-see-readme
83,REC-CAND-0083,Tomato Basil Shrimp Tacos,tomato basil shrimp tacos,Main Meal,Lunch,India,False,True,True,Tomato Basil Shrimp Tacos recipe,assets/main.avif,assets/card.avif,not-included-see-readme
84,REC-CAND-0084,Chinese Egg Noodle Bowl,chinese egg noodle bowl,Main Meal,Dinner,France,False,True,True,Chinese Egg Noodle Bowl recipe,assets/main.avif,assets/card.avif,not-included-see-readme
85,REC-CAND-0085,Coconut Black Bean Casserole,coconut black bean casserole,Main Meal,Lunch,Japan,False,True,True,Coconut Black Bean Casserole recipe,assets/main.avif,assets/card.avif,not-included-see-readme
86,REC-CAND-0086,American Sausage Chili,american sausage chili,Main Meal,Dinner,Philippines,False,True,True,American Sausage Chili recipe,assets/main.avif,assets/card.avif,not-included-see-readme
87,REC-CAND-0087,Spanish Cod Skillet,spanish cod skillet,Main Meal,Lunch,Italy,False,True,True,Spanish Cod Skillet recipe,assets/main.avif,assets/card.avif,not-included-see-readme
88,REC-CAND-0088,Chickpea Curry Bowl,chickpea curry bowl,Main Meal,Dinner,Korea,False,True,True,Chickpea Curry Bowl recipe,assets/main.avif,assets/card.avif,not-included-see-readme
89,REC-CAND-0089,Turkey Stuffed Peppers,turkey stuffed peppers,Main Meal,Dinner,Brazil,False,True,True,Turkey Stuffed Peppers recipe,assets/main.avif,assets/card.avif,not-included-see-readme
90,REC-CAND-0090,Chicken Curry Bowl,chicken curry bowl,Main Meal,Lunch,India,False,True,True,Chicken Curry Bowl recipe,assets/main.avif,assets/card.avif,not-included-see-readme
91,REC-CAND-0091,Sesame Shrimp Curry,sesame shrimp curry,Main Meal,Dinner,China,False,True,True,Sesame Shrimp Curry recipe,assets/main.avif,assets/card.avif,not-included-see-readme
92,REC-CAND-0092,Korean Salmon Tacos,korean salmon tacos,Main Meal,Dinner,Peru,False,True,True,Korean Salmon Tacos recipe,assets/main.avif,assets/card.avif,not-included-see-readme
93,REC-CAND-0093,Blackened Chicken Stew,blackened chicken stew,Main Meal,Dinner,United States,False,True,True,Blackened Chicken Stew recipe,assets/main.avif,assets/card.avif,not-included-see-readme
94,REC-CAND-0094,Sheet Pan Tempeh and Green Beans,sheet pan tempeh and green beans,Main Meal,Dinner,Jamaica,False,True,True,Sheet Pan Tempeh and Green Beans recipe,assets/main.avif,assets/card.avif,not-included-see-readme
95,REC-CAND-0095,Ginger Black Bean Curry,ginger black bean curry,Main Meal,Lunch,Philippines,False,True,True,Ginger Black Bean Curry recipe,assets/main.avif,assets/card.avif,not-included-see-readme
96,REC-CAND-0096,Chipotle Shrimp Pasta,chipotle shrimp pasta,Main Meal,Lunch,Greece,False,True,True,Chipotle Shrimp Pasta recipe,assets/main.avif,assets/card.avif,not-included-see-readme
97,REC-CAND-0097,Korean Pork Tenderloin Chili,korean pork tenderloin chili,Main Meal,Lunch,France,False,True,True,Korean Pork Tenderloin Chili recipe,assets/main.avif,assets/card.avif,not-included-see-readme
98,REC-CAND-0098,Cod Stuffed Peppers,cod stuffed peppers,Main Meal,Lunch,Jamaica,False,True,True,Cod Stuffed Peppers recipe,assets/main.avif,assets/card.avif,not-included-see-readme
99,REC-CAND-0099,Steak Pilaf Bowl,steak pilaf bowl,Main Meal,Lunch,China,False,True,True,Steak Pilaf Bowl recipe,assets/main.avif,assets/card.avif,not-included-see-readme
100,REC-CAND-0100,Shrimp Stuffed Peppers,shrimp stuffed peppers,Main Meal,Lunch,Jamaica,False,True,True,Shrimp Stuffed Peppers recipe,assets/main.avif,assets/card.avif,not-included-see-readme
101,REC-CAND-0101,Sheet Pan Black Bean and Cabbage,sheet pan black bean and cabbage,Main Meal,Dinner,United States,False,True,True,Sheet Pan Black Bean and Cabbage recipe,assets/main.avif,assets/card.avif,not-included-see-readme
102,REC-CAND-0102,Sesame Steak Stew,sesame steak stew,Main Meal,Lunch,China,False,True,True,Sesame Steak Stew recipe,assets/main.avif,assets/card.avif,not-included-see-readme
103,REC-CAND-0103,Harissa Cod Casserole,harissa cod casserole,Main Meal,Dinner,China,False,True,True,Harissa Cod Casserole recipe,assets/main.avif,assets/card.avif,not-included-see-readme
104,REC-CAND-0104,Cajun Shrimp with Carrots,cajun shrimp with carrots,Main Meal,Dinner,Jamaica,False,True,True,Cajun Shrimp with Carrots recipe,assets/main.avif,assets/card.avif,not-included-see-readme
105,REC-CAND-0105,Sheet Pan Chickpea and Carrots,sheet pan chickpea and carrots,Main Meal,Dinner,Italy,False,True,True,Sheet Pan Chickpea and Carrots recipe,assets/main.avif,assets/card.avif,not-included-see-readme
106,REC-CAND-0106,Lentil Fried Rice,lentil fried rice,Main Meal,Lunch,India,False,True,True,Lentil Fried Rice recipe,assets/main.avif,assets/card.avif,not-included-see-readme
107,REC-CAND-0107,Tuna Curry Bowl,tuna curry bowl,Main Meal,Lunch,Botswana,True,True,True,Tuna Curry Bowl recipe,assets/main.avif,assets/card.avif,not-included-see-readme
108,REC-CAND-0108,Mexican Sausage with Potatoes,mexican sausage with potatoes,Main Meal,Lunch,China,False,True,True,Mexican Sausage with Potatoes recipe,assets/main.avif,assets/card.avif,not-included-see-readme
109,REC-CAND-0109,Sheet Pan Lentil and Cabbage,sheet pan lentil and cabbage,Main Meal,Dinner,China,False,True,True,Sheet Pan Lentil and Cabbage recipe,assets/main.avif,assets/card.avif,not-included-see-readme
110,REC-CAND-0110,Chipotle Egg with Mushrooms,chipotle egg with mushrooms,Main Meal,Lunch,Mexico,False,True,True,Chipotle Egg with Mushrooms recipe,assets/main.avif,assets/card.avif,not-included-see-readme
111,REC-CAND-0111,Cajun Steak with Zucchini,cajun steak with zucchini,Main Meal,Dinner,Philippines,False,True,True,Cajun Steak with Zucchini recipe,assets/main.avif,assets/card.avif,not-included-see-readme
112,REC-CAND-0112,Ginger Tofu with Mushrooms,ginger tofu with mushrooms,Main Meal,Lunch,Korea,False,True,True,Ginger Tofu with Mushrooms recipe,assets/main.avif,assets/card.avif,not-included-see-readme
113,REC-CAND-0113,Teriyaki Chicken Grain Bowl,teriyaki chicken grain bowl,Main Meal,Dinner,United States,False,True,True,Teriyaki Chicken Grain Bowl recipe,assets/main.avif,assets/card.avif,not-included-see-readme
114,REC-CAND-0114,Mexican Sausage with Quinoa,mexican sausage with quinoa,Main Meal,Dinner,Thailand,False,True,True,Mexican Sausage with Quinoa recipe,assets/main.avif,assets/card.avif,not-included-see-readme
115,REC-CAND-0115,Cajun Salmon Soup,cajun salmon soup,Main Meal,Lunch,Brazil,False,True,True,Cajun Salmon Soup recipe,assets/main.avif,assets/card.avif,not-included-see-readme
116,REC-CAND-0116,Sausage and Bell Peppers Pasta,sausage and bell peppers pasta,Main Meal,Dinner,Jamaica,False,True,True,Sausage and Bell Peppers Pasta recipe,assets/main.avif,assets/card.avif,not-included-see-readme
117,REC-CAND-0117,Shrimp Stir Fry Bowl,shrimp stir fry bowl,Main Meal,Lunch,France,False,True,True,Shrimp Stir Fry Bowl recipe,assets/main.avif,assets/card.avif,not-included-see-readme
118,REC-CAND-0118,Chickpea Pilaf Bowl,chickpea pilaf bowl,Main Meal,Lunch,Japan,False,True,True,Chickpea Pilaf Bowl recipe,assets/main.avif,assets/card.avif,not-included-see-readme
119,REC-CAND-0119,Thai Steak Wraps,thai steak wraps,Main Meal,Lunch,Italy,False,True,True,Thai Steak Wraps recipe,assets/main.avif,assets/card.avif,not-included-see-readme
120,REC-CAND-0120,Roasted Lean Beef Salad Bowl,roasted lean beef salad bowl,Main Meal,Dinner,Thailand,False,True,True,Roasted Lean Beef Salad Bowl recipe,assets/main.avif,assets/card.avif,not-included-see-readme
121,REC-CAND-0121,Lemon Shrimp Soup,lemon shrimp soup,Main Meal,Lunch,Spain,False,True,True,Lemon Shrimp Soup recipe,assets/main.avif,assets/card.avif,not-included-see-readme
122,REC-CAND-0122,Ginger Tuna with Cabbage,ginger tuna with cabbage,Main Meal,Lunch,Spain,False,True,True,Ginger Tuna with Cabbage recipe,assets/main.avif,assets/card.avif,not-included-see-readme
123,REC-CAND-0123,Italian Pork Tenderloin with Vegetables,italian pork tenderloin with vegetables,Main Meal,Dinner,Philippines,False,True,True,Italian Pork Tenderloin with Vegetables recipe,assets/main.avif,assets/card.avif,not-included-see-readme
124,REC-CAND-0124,Steak Pasta Bake,steak pasta bake,Main Meal,Dinner,India,False,True,True,Steak Pasta Bake recipe,assets/main.avif,assets/card.avif,not-included-see-readme
125,REC-CAND-0125,Sheet Pan Lean Beef and Cauliflower,sheet pan lean beef and cauliflower,Main Meal,Dinner,France,False,True,True,Sheet Pan Lean Beef and Cauliflower recipe,assets/main.avif,assets/card.avif,not-included-see-readme
126,REC-CAND-0126,Mexican Lean Beef with Vegetables,mexican lean beef with vegetables,Main Meal,Lunch,United States,False,True,True,Mexican Lean Beef with Vegetables recipe,assets/main.avif,assets/card.avif,not-included-see-readme
127,REC-CAND-0127,Egg Skillet,egg skillet,Main Meal,Dinner,Brazil,False,True,True,Egg Skillet recipe,assets/main.avif,assets/card.avif,not-included-see-readme
128,REC-CAND-0128,Sheet Pan Sausage and Green Beans,sheet pan sausage and green beans,Main Meal,Lunch,Spain,False,True,True,Sheet Pan Sausage and Green Beans recipe,assets/main.avif,assets/card.avif,not-included-see-readme
129,REC-CAND-0129,Tempeh Stir Fry Bowl,tempeh stir fry bowl,Main Meal,Dinner,United States,False,True,True,Tempeh Stir Fry Bowl recipe,assets/main.avif,assets/card.avif,not-included-see-readme
130,REC-CAND-0130,Italian Egg Flatbread,italian egg flatbread,Main Meal,Dinner,France,False,True,True,Italian Egg Flatbread recipe,assets/main.avif,assets/card.avif,not-included-see-readme
131,REC-CAND-0131,Turkey and Cabbage Wraps,turkey and cabbage wraps,Main Meal,Dinner,Peru,False,True,True,Turkey and Cabbage Wraps recipe,assets/main.avif,assets/card.avif,not-included-see-readme
132,REC-CAND-0132,Sausage Stuffed Sweet Potatoes,sausage stuffed sweet potatoes,Main Meal,Lunch,Philippines,False,True,True,Sausage Stuffed Sweet Potatoes recipe,assets/main.avif,assets/card.avif,not-included-see-readme
133,REC-CAND-0133,Teriyaki Chicken with Spinach,teriyaki chicken with spinach,Main Meal,Lunch,Brazil,False,True,True,Teriyaki Chicken with Spinach recipe,assets/main.avif,assets/card.avif,not-included-see-readme
134,REC-CAND-0134,Moroccan Steak with Vegetables,moroccan steak with vegetables,Main Meal,Dinner,Philippines,False,True,True,Moroccan Steak with Vegetables recipe,assets/main.avif,assets/card.avif,not-included-see-readme
135,REC-CAND-0135,Indian Sausage Wraps,indian sausage wraps,Main Meal,Lunch,China,False,True,True,Indian Sausage Wraps recipe,assets/main.avif,assets/card.avif,not-included-see-readme
136,REC-CAND-0136,Pork Tenderloin Pasta Bake,pork tenderloin pasta bake,Main Meal,Dinner,Peru,False,True,True,Pork Tenderloin Pasta Bake recipe,assets/main.avif,assets/card.avif,not-included-see-readme
137,REC-CAND-0137,Tofu and Cucumber Stir-Fry,tofu and cucumber stir fry,Main Meal,Dinner,Thailand,False,True,True,Tofu and Cucumber Stir-Fry recipe,assets/main.avif,assets/card.avif,not-included-see-readme
138,REC-CAND-0138,Chipotle Tempeh Chili,chipotle tempeh chili,Main Meal,Lunch,Brazil,False,True,True,Chipotle Tempeh Chili recipe,assets/main.avif,assets/card.avif,not-included-see-readme
139,REC-CAND-0139,Sheet Pan Chickpea and Broccoli,sheet pan chickpea and broccoli,Main Meal,Dinner,Philippines,False,True,True,Sheet Pan Chickpea and Broccoli recipe,assets/main.avif,assets/card.avif,not-included-see-readme
140,REC-CAND-0140,Chickpea and Broccoli Noodle Bowl,chickpea and broccoli noodle bowl,Main Meal,Dinner,India,False,True,True,Chickpea and Broccoli Noodle Bowl recipe,assets/main.avif,assets/card.avif,not-included-see-readme
141,REC-CAND-0141,Spicy Egg Orzo Skillet,spicy egg orzo skillet,Main Meal,Lunch,Philippines,False,True,True,Spicy Egg Orzo Skillet recipe,assets/main.avif,assets/card.avif,not-included-see-readme
142,REC-CAND-0142,Moroccan Pork Tenderloin with Noodles,moroccan pork tenderloin with noodles,Main Meal,Dinner,France,False,True,True,Moroccan Pork Tenderloin with Noodles recipe,assets/main.avif,assets/card.avif,not-included-see-readme
143,REC-CAND-0143,Herbed Tempeh Salad Bowl,herbed tempeh salad bowl,Main Meal,Lunch,United States,False,True,True,Herbed Tempeh Salad Bowl recipe,assets/main.avif,assets/card.avif,not-included-see-readme
144,REC-CAND-0144,Greek Tofu Chili,greek tofu chili,Main Meal,Lunch,Jamaica,False,True,True,Greek Tofu Chili recipe,assets/main.avif,assets/card.avif,not-included-see-readme
145,REC-CAND-0145,Sheet Pan Salmon and Broccoli,sheet pan salmon and broccoli,Main Meal,Lunch,Jamaica,False,True,True,Sheet Pan Salmon and Broccoli recipe,assets/main.avif,assets/card.avif,not-included-see-readme
146,REC-CAND-0146,Teriyaki Lentil with Bell Peppers,teriyaki lentil with bell peppers,Main Meal,Dinner,India,False,True,True,Teriyaki Lentil with Bell Peppers recipe,assets/main.avif,assets/card.avif,not-included-see-readme
147,REC-CAND-0147,Salmon Pilaf Bowl,salmon pilaf bowl,Main Meal,Lunch,Ethiopia,True,True,True,Salmon Pilaf Bowl recipe,assets/main.avif,assets/card.avif,not-included-see-readme
148,REC-CAND-0148,Chinese Pork Tenderloin with Quinoa,chinese pork tenderloin with quinoa,Main Meal,Lunch,Japan,False,True,True,Chinese Pork Tenderloin with Quinoa recipe,assets/main.avif,assets/card.avif,not-included-see-readme
149,REC-CAND-0149,Coconut Tofu Chili,coconut tofu chili,Main Meal,Dinner,France,False,True,True,Coconut Tofu Chili recipe,assets/main.avif,assets/card.avif,not-included-see-readme
150,REC-CAND-0150,Cod Curry Bowl,cod curry bowl,Main Meal,Lunch,Mexico,False,True,True,Cod Curry Bowl recipe,assets/main.avif,assets/card.avif,not-included-see-readme
151,REC-CAND-0151,French Lentil with Rice,french lentil with rice,Main Meal,Dinner,Brazil,False,True,True,French Lentil with Rice recipe,assets/main.avif,assets/card.avif,not-included-see-readme
152,REC-CAND-0152,Ginger Chicken Chili,ginger chicken chili,Main Meal,Lunch,Jamaica,False,True,True,Ginger Chicken Chili recipe,assets/main.avif,assets/card.avif,not-included-see-readme
153,REC-CAND-0153,Thai Lentil with Potatoes,thai lentil with potatoes,Main Meal,Lunch,Spain,False,True,True,Thai Lentil with Potatoes recipe,assets/main.avif,assets/card.avif,not-included-see-readme
154,REC-CAND-0154,Sheet Pan Tofu and Tomatoes,sheet pan tofu and tomatoes,Main Meal,Lunch,Georgia,True,True,True,Sheet Pan Tofu and Tomatoes recipe,assets/main.avif,assets/card.avif,not-included-see-readme
155,REC-CAND-0155,Herbed Tofu with Bell Peppers,herbed tofu with bell peppers,Main Meal,Dinner,Italy,False,True,True,Herbed Tofu with Bell Peppers recipe,assets/main.avif,assets/card.avif,not-included-see-readme
156,REC-CAND-0156,Harissa Cod Chili,harissa cod chili,Main Meal,Dinner,Philippines,False,True,True,Harissa Cod Chili recipe,assets/main.avif,assets/card.avif,not-included-see-readme
157,REC-CAND-0157,Spicy Egg with Asparagus,spicy egg with asparagus,Main Meal,Dinner,Brazil,False,True,True,Spicy Egg with Asparagus recipe,assets/main.avif,assets/card.avif,not-included-see-readme
158,REC-CAND-0158,Brazilian Lentil with Vegetables,brazilian lentil with vegetables,Main Meal,Dinner,Mexico,False,True,True,Brazilian Lentil with Vegetables recipe,assets/main.avif,assets/card.avif,not-included-see-readme
159,REC-CAND-0159,Sheet Pan Cod and Cucumber,sheet pan cod and cucumber,Main Meal,Lunch,Mexico,False,True,True,Sheet Pan Cod and Cucumber recipe,assets/main.avif,assets/card.avif,not-included-see-readme
160,REC-CAND-0160,Chicken Stuffed Sweet Potatoes,chicken stuffed sweet potatoes,Main Meal,Lunch,Spain,False,True,True,Chicken Stuffed Sweet Potatoes recipe,assets/main.avif,assets/card.avif,not-included-see-readme
161,REC-CAND-0161,Coconut Tofu Stew,coconut tofu stew,Main Meal,Dinner,United States,False,True,True,Coconut Tofu Stew recipe,assets/main.avif,assets/card.avif,not-included-see-readme
162,REC-CAND-0162,Steak and Cabbage Orzo Skillet,steak and cabbage orzo skillet,Main Meal,Dinner,China,False,True,True,Steak and Cabbage Orzo Skillet recipe,assets/main.avif,assets/card.avif,not-included-see-readme
163,REC-CAND-0163,Korean Black Bean Flatbread,korean black bean flatbread,Main Meal,Dinner,Brazil,False,True,True,Korean Black Bean Flatbread recipe,assets/main.avif,assets/card.avif,not-included-see-readme
164,REC-CAND-0164,Sheet Pan Black Bean and Corn,sheet pan black bean and corn,Main Meal,Dinner,Greece,False,True,True,Sheet Pan Black Bean and Corn recipe,assets/main.avif,assets/card.avif,not-included-see-readme
165,REC-CAND-0165,Sheet Pan Shrimp and Kale,sheet pan shrimp and kale,Main Meal,Dinner,India,False,True,True,Sheet Pan Shrimp and Kale recipe,assets/main.avif,assets/card.avif,not-included-see-readme
166,REC-CAND-0166,Lemon Chickpea Soup,lemon chickpea soup,Main Meal,Lunch,Spain,False,True,True,Lemon Chickpea Soup recipe,assets/main.avif,assets/card.avif,not-included-see-readme
167,REC-CAND-0167,Chicken and Zucchini Quinoa Bowl,chicken and zucchini quinoa bowl,Main Meal,Lunch,Jamaica,False,True,True,Chicken and Zucchini Quinoa Bowl recipe,assets/main.avif,assets/card.avif,not-included-see-readme
168,REC-CAND-0168,Herbed Tuna with Cucumber,herbed tuna with cucumber,Main Meal,Lunch,Korea,False,True,True,Herbed Tuna with Cucumber recipe,assets/main.avif,assets/card.avif,not-included-see-readme
169,REC-CAND-0169,Korean Chicken Flatbread,korean chicken flatbread,Main Meal,Lunch,Jamaica,False,True,True,Korean Chicken Flatbread recipe,assets/main.avif,assets/card.avif,not-included-see-readme
170,REC-CAND-0170,Spicy Chicken with Green Beans,spicy chicken with green beans,Main Meal,Dinner,France,False,True,True,Spicy Chicken with Green Beans recipe,assets/main.avif,assets/card.avif,not-included-see-readme
171,REC-CAND-0171,Salmon Stir Fry Bowl,salmon stir fry bowl,Main Meal,Lunch,Mexico,False,True,True,Salmon Stir Fry Bowl recipe,assets/main.avif,assets/card.avif,not-included-see-readme
172,REC-CAND-0172,Jamaican Egg Tray Bake,jamaican egg tray bake,Main Meal,Lunch,Thailand,False,True,True,Jamaican Egg Tray Bake recipe,assets/main.avif,assets/card.avif,not-included-see-readme
173,REC-CAND-0173,Buffalo Turkey Sweet Potato Hash,buffalo turkey sweet potato hash,Main Meal,Breakfast,United States,False,True,True,Buffalo Turkey Sweet Potato Hash recipe,assets/main.avif,assets/card.avif,not-included-see-readme
174,REC-CAND-0174,Sesame Chickpea Soup,sesame chickpea soup,Main Meal,Lunch,Peru,False,True,True,Sesame Chickpea Soup recipe,assets/main.avif,assets/card.avif,not-included-see-readme
175,REC-CAND-0175,Pork Tenderloin Pita Plate,pork tenderloin pita plate,Main Meal,Dinner,India,False,True,True,Pork Tenderloin Pita Plate recipe,assets/main.avif,assets/card.avif,not-included-see-readme
176,REC-CAND-0176,Tofu Burrito Bowl,tofu burrito bowl,Main Meal,Lunch,Jamaica,False,True,True,Tofu Burrito Bowl recipe,assets/main.avif,assets/card.avif,not-included-see-readme
177,REC-CAND-0177,Tuna Pasta Bake,tuna pasta bake,Main Meal,Dinner,Brazil,False,True,True,Tuna Pasta Bake recipe,assets/main.avif,assets/card.avif,not-included-see-readme
178,REC-CAND-0178,Sheet Pan Black Bean and Cauliflower,sheet pan black bean and cauliflower,Main Meal,Dinner,Spain,False,True,True,Sheet Pan Black Bean and Cauliflower recipe,assets/main.avif,assets/card.avif,not-included-see-readme
179,REC-CAND-0179,Greek Pork Tenderloin Baked Potatoes,greek pork tenderloin baked potatoes,Main Meal,Dinner,Mexico,False,True,True,Greek Pork Tenderloin Baked Potatoes recipe,assets/main.avif,assets/card.avif,not-included-see-readme
180,REC-CAND-0180,Lentil Pita Plate,lentil pita plate,Main Meal,Dinner,India,False,True,True,Lentil Pita Plate recipe,assets/main.avif,assets/card.avif,not-included-see-readme
181,REC-CAND-0181,Spicy Black Bean Tray Bake,spicy black bean tray bake,Main Meal,Dinner,Japan,False,True,True,Spicy Black Bean Tray Bake recipe,assets/main.avif,assets/card.avif,not-included-see-readme
182,REC-CAND-0182,Steak and Zucchini Flatbread,steak and zucchini flatbread,Main Meal,Dinner,Spain,False,True,True,Steak and Zucchini Flatbread recipe,assets/main.avif,assets/card.avif,not-included-see-readme
183,REC-CAND-0183,Peruvian Steak Tray Bake,peruvian steak tray bake,Main Meal,Dinner,Jamaica,False,True,True,Peruvian Steak Tray Bake recipe,assets/main.avif,assets/card.avif,not-included-see-readme
184,REC-CAND-0184,Shrimp Pita Plate,shrimp pita plate,Main Meal,Lunch,Nepal,True,True,True,Shrimp Pita Plate recipe,assets/main.avif,assets/card.avif,not-included-see-readme
185,REC-CAND-0185,Japanese Cod with Noodles,japanese cod with noodles,Main Meal,Lunch,Ghana,True,True,True,Japanese Cod with Noodles recipe,assets/main.avif,assets/card.avif,not-included-see-readme
186,REC-CAND-0186,Pork Tenderloin and Spinach Flatbread,pork tenderloin and spinach flatbread,Main Meal,Lunch,Philippines,False,True,True,Pork Tenderloin and Spinach Flatbread recipe,assets/main.avif,assets/card.avif,not-included-see-readme
187,REC-CAND-0187,Sheet Pan Tuna and Carrots,sheet pan tuna and carrots,Main Meal,Dinner,Italy,False,True,True,Sheet Pan Tuna and Carrots recipe,assets/main.avif,assets/card.avif,not-included-see-readme
188,REC-CAND-0188,Tempeh and Broccoli Flatbread,tempeh and broccoli flatbread,Main Meal,Lunch,Italy,False,True,True,Tempeh and Broccoli Flatbread recipe,assets/main.avif,assets/card.avif,not-included-see-readme
189,REC-CAND-0189,Cod Pilaf Bowl,cod pilaf bowl,Main Meal,Dinner,China,False,True,True,Cod Pilaf Bowl recipe,assets/main.avif,assets/card.avif,not-included-see-readme
190,REC-CAND-0190,Filipino Steak with Vegetables,filipino steak with vegetables,Main Meal,Dinner,Thailand,False,True,True,Filipino Steak with Vegetables recipe,assets/main.avif,assets/card.avif,not-included-see-readme
191,REC-CAND-0191,Lemon Shrimp with Broccoli,lemon shrimp with broccoli,Main Meal,Lunch,Nigeria,True,True,True,Lemon Shrimp with Broccoli recipe,assets/main.avif,assets/card.avif,not-included-see-readme
192,REC-CAND-0192,Smoky Cod Stir-Fry,smoky cod stir fry,Main Meal,Dinner,Thailand,False,True,True,Smoky Cod Stir-Fry recipe,assets/main.avif,assets/card.avif,not-included-see-readme
193,REC-CAND-0193,Roasted Pork Tenderloin with Corn,roasted pork tenderloin with corn,Main Meal,Dinner,India,False,True,True,Roasted Pork Tenderloin with Corn recipe,assets/main.avif,assets/card.avif,not-included-see-readme
194,REC-CAND-0194,Herbed Chickpea Soup,herbed chickpea soup,Main Meal,Dinner,Brazil,False,True,True,Herbed Chickpea Soup recipe,assets/main.avif,assets/card.avif,not-included-see-readme
195,REC-CAND-0195,Black Bean Pasta Bake,black bean pasta bake,Main Meal,Dinner,Mexico,False,True,True,Black Bean Pasta Bake recipe,assets/main.avif,assets/card.avif,not-included-see-readme
196,REC-CAND-0196,Sheet Pan Tempeh and Cucumber,sheet pan tempeh and cucumber,Main Meal,Dinner,Mexico,False,True,True,Sheet Pan Tempeh and Cucumber recipe,assets/main.avif,assets/card.avif,not-included-see-readme
197,REC-CAND-0197,Brazilian Shrimp Stew,brazilian shrimp stew,Main Meal,Dinner,China,False,True,True,Brazilian Shrimp Stew recipe,assets/main.avif,assets/card.avif,not-included-see-readme
198,REC-CAND-0198,Japanese Shrimp Tacos,japanese shrimp tacos,Main Meal,Lunch,India,False,True,True,Japanese Shrimp Tacos recipe,assets/main.avif,assets/card.avif,not-included-see-readme
199,REC-CAND-0199,Lentil and Spinach Noodle Bowl,lentil and spinach noodle bowl,Main Meal,Lunch,Japan,False,True,True,Lentil and Spinach Noodle Bowl recipe,assets/main.avif,assets/card.avif,not-included-see-readme
200,REC-CAND-0200,Roasted Pork Tenderloin Casserole,roasted pork tenderloin casserole,Main Meal,Dinner,Ethiopia,True,True,True,Roasted Pork Tenderloin Casserole recipe,assets/main.avif,assets/card.avif,not-included-see-readme
201,REC-CAND-0201,Korean Tempeh Skillet,korean tempeh skillet,Main Meal,Dinner,Thailand,False,True,True,Korean Tempeh Skillet recipe,assets/main.avif,assets/card.avif,not-included-see-readme
202,REC-CAND-0202,Italian Cod Tacos,italian cod tacos,Main Meal,Dinner,Japan,False,True,True,Italian Cod Tacos recipe,assets/main.avif,assets/card.avif,not-included-see-readme
203,REC-CAND-0203,Caribbean Turkey with Rice,caribbean turkey with rice,Main Meal,Lunch,Spain,False,True,True,Caribbean Turkey with Rice recipe,assets/main.avif,assets/card.avif,not-included-see-readme
204,REC-CAND-0204,Buffalo Chickpea Salad Bowl,buffalo chickpea salad bowl,Main Meal,Lunch,Thailand,False,True,True,Buffalo Chickpea Salad Bowl recipe,assets/main.avif,assets/card.avif,not-included-see-readme
205,REC-CAND-0205,Cajun Sausage Soup,cajun sausage soup,Main Meal,Dinner,Jamaica,False,True,True,Cajun Sausage Soup recipe,assets/main.avif,assets/card.avif,not-included-see-readme
206,REC-CAND-0206,Herbed Salmon Casserole,herbed salmon casserole,Main Meal,Lunch,India,False,True,True,Herbed Salmon Casserole recipe,assets/main.avif,assets/card.avif,not-included-see-readme
207,REC-CAND-0207,Sheet Pan Lentil and Cauliflower,sheet pan lentil and cauliflower,Main Meal,Lunch,Spain,False,True,True,Sheet Pan Lentil and Cauliflower recipe,assets/main.avif,assets/card.avif,not-included-see-readme
208,REC-CAND-0208,Lean Beef Pasta Bake,lean beef pasta bake,Main Meal,Lunch,Japan,False,True,True,Lean Beef Pasta Bake recipe,assets/main.avif,assets/card.avif,not-included-see-readme
209,REC-CAND-0209,Korean Lean Beef with Quinoa,korean lean beef with quinoa,Main Meal,Lunch,Italy,False,True,True,Korean Lean Beef with Quinoa recipe,assets/main.avif,assets/card.avif,not-included-see-readme
210,REC-CAND-0210,Korean Chickpea Tacos,korean chickpea tacos,Main Meal,Dinner,Spain,False,True,True,Korean Chickpea Tacos recipe,assets/main.avif,assets/card.avif,not-included-see-readme
211,REC-CAND-0211,Lentil and Mushrooms Rice Bowl,lentil and mushrooms rice bowl,Main Meal,Dinner,Greece,False,True,True,Lentil and Mushrooms Rice Bowl recipe,assets/main.avif,assets/card.avif,not-included-see-readme
212,REC-CAND-0212,Korean Tuna Chili,korean tuna chili,Main Meal,Lunch,Japan,False,True,True,Korean Tuna Chili recipe,assets/main.avif,assets/card.avif,not-included-see-readme
213,REC-CAND-0213,Sheet Pan Salmon and Cauliflower,sheet pan salmon and cauliflower,Main Meal,Lunch,Spain,False,True,True,Sheet Pan Salmon and Cauliflower recipe,assets/main.avif,assets/card.avif,not-included-see-readme
214,REC-CAND-0214,Coconut Tofu with Cabbage,coconut tofu with cabbage,Main Meal,Dinner,Japan,False,True,True,Coconut Tofu with Cabbage recipe,assets/main.avif,assets/card.avif,not-included-see-readme
215,REC-CAND-0215,Chinese Lentil with Quinoa,chinese lentil with quinoa,Main Meal,Dinner,India,False,True,True,Chinese Lentil with Quinoa recipe,assets/main.avif,assets/card.avif,not-included-see-readme
216,REC-CAND-0216,Korean Tuna with Rice,korean tuna with rice,Main Meal,Dinner,Spain,False,True,True,Korean Tuna with Rice recipe,assets/main.avif,assets/card.avif,not-included-see-readme
217,REC-CAND-0217,Mediterranean Steak Sweet Potato Hash,mediterranean steak sweet potato hash,Main Meal,Breakfast,Jamaica,False,True,True,Mediterranean Steak Sweet Potato Hash recipe,assets/main.avif,assets/card.avif,not-included-see-readme
218,REC-CAND-0218,Cod Burrito Bowl,cod burrito bowl,Main Meal,Lunch,Peru,False,True,True,Cod Burrito Bowl recipe,assets/main.avif,assets/card.avif,not-included-see-readme
219,REC-CAND-0219,Lentil Stir Fry Bowl,lentil stir fry bowl,Main Meal,Lunch,Albania,True,True,True,Lentil Stir Fry Bowl recipe,assets/main.avif,assets/card.avif,not-included-see-readme
220,REC-CAND-0220,Sheet Pan Lean Beef and Broccoli,sheet pan lean beef and broccoli,Main Meal,Lunch,Peru,False,True,True,Sheet Pan Lean Beef and Broccoli recipe,assets/main.avif,assets/card.avif,not-included-see-readme
221,REC-CAND-0221,Cajun Pork Tenderloin Stew,cajun pork tenderloin stew,Main Meal,Dinner,Jamaica,False,True,True,Cajun Pork Tenderloin Stew recipe,assets/main.avif,assets/card.avif,not-included-see-readme
222,REC-CAND-0222,Coconut Chicken with Mushrooms,coconut chicken with mushrooms,Main Meal,Lunch,Brazil,False,True,True,Coconut Chicken with Mushrooms recipe,assets/main.avif,assets/card.avif,not-included-see-readme
223,REC-CAND-0223,French Black Bean with Rice,french black bean with rice,Main Meal,Lunch,United States,False,True,True,French Black Bean with Rice recipe,assets/main.avif,assets/card.avif,not-included-see-readme
224,REC-CAND-0224,Tomato Basil Egg Salad Bowl,tomato basil egg salad bowl,Main Meal,Lunch,India,False,True,True,Tomato Basil Egg Salad Bowl recipe,assets/main.avif,assets/card.avif,not-included-see-readme
225,REC-CAND-0225,Harissa Shrimp Noodle Bowl,harissa shrimp noodle bowl,Main Meal,Dinner,France,False,True,True,Harissa Shrimp Noodle Bowl recipe,assets/main.avif,assets/card.avif,not-included-see-readme
226,REC-CAND-0226,Chicken Pasta Bake,chicken pasta bake,Main Meal,Lunch,Japan,False,True,True,Chicken Pasta Bake recipe,assets/main.avif,assets/card.avif,not-included-see-readme
227,REC-CAND-0227,Indian Lean Beef Tray Bake,indian lean beef tray bake,Main Meal,Dinner,Jamaica,False,True,True,Indian Lean Beef Tray Bake recipe,assets/main.avif,assets/card.avif,not-included-see-readme
228,REC-CAND-0228,Turkey and Green Beans Tray Bake,turkey and green beans tray bake,Main Meal,Dinner,Brazil,False,True,True,Turkey and Green Beans Tray Bake recipe,assets/main.avif,assets/card.avif,not-included-see-readme
229,REC-CAND-0229,Sesame Salmon Soup,sesame salmon soup,Main Meal,Lunch,Japan,False,True,True,Sesame Salmon Soup recipe,assets/main.avif,assets/card.avif,not-included-see-readme
230,REC-CAND-0230,Spanish Tuna Rice Bowl,spanish tuna rice bowl,Main Meal,Dinner,Brazil,False,True,True,Spanish Tuna Rice Bowl recipe,assets/main.avif,assets/card.avif,not-included-see-readme
231,REC-CAND-0231,Ginger Turkey Wraps,ginger turkey wraps,Main Meal,Dinner,Brazil,False,True,True,Ginger Turkey Wraps recipe,assets/main.avif,assets/card.avif,not-included-see-readme
232,REC-CAND-0232,Ginger Steak Casserole,ginger steak casserole,Main Meal,Lunch,Korea,False,True,True,Ginger Steak Casserole recipe,assets/main.avif,assets/card.avif,not-included-see-readme
233,REC-CAND-0233,Jamaican Sausage Tray Bake,jamaican sausage tray bake,Main Meal,Dinner,Philippines,False,True,True,Jamaican Sausage Tray Bake recipe,assets/main.avif,assets/card.avif,not-included-see-readme
234,REC-CAND-0234,Japanese Black Bean with Noodles,japanese black bean with noodles,Main Meal,Lunch,Mexico,False,True,True,Japanese Black Bean with Noodles recipe,assets/main.avif,assets/card.avif,not-included-see-readme
235,REC-CAND-0235,Tofu Taco Bowl,tofu taco bowl,Main Meal,Dinner,Philippines,False,True,True,Tofu Taco Bowl recipe,assets/main.avif,assets/card.avif,not-included-see-readme
236,REC-CAND-0236,Egg Pasta Bake,egg pasta bake,Main Meal,Lunch,Spain,False,True,True,Egg Pasta Bake recipe,assets/main.avif,assets/card.avif,not-included-see-readme
237,REC-CAND-0237,Chickpea and Asparagus Tray Bake,chickpea and asparagus tray bake,Main Meal,Lunch,United States,False,True,True,Chickpea and Asparagus Tray Bake recipe,assets/main.avif,assets/card.avif,not-included-see-readme
238,REC-CAND-0238,Buffalo Egg with Spinach,buffalo egg with spinach,Main Meal,Dinner,Jamaica,False,True,True,Buffalo Egg with Spinach recipe,assets/main.avif,assets/card.avif,not-included-see-readme
239,REC-CAND-0239,Chickpea and Tomatoes Flatbread,chickpea and tomatoes flatbread,Main Meal,Dinner,Spain,False,True,True,Chickpea and Tomatoes Flatbread recipe,assets/main.avif,assets/card.avif,not-included-see-readme
240,REC-CAND-0240,Lentil and Tomatoes Salad Bowl,lentil and tomatoes salad bowl,Main Meal,Dinner,Ghana,True,True,True,Lentil and Tomatoes Salad Bowl recipe,assets/main.avif,assets/card.avif,not-included-see-readme
241,REC-CAND-0241,Pesto Tempeh Curry,pesto tempeh curry,Main Meal,Lunch,Philippines,False,True,True,Pesto Tempeh Curry recipe,assets/main.avif,assets/card.avif,not-included-see-readme
242,REC-CAND-0242,Mediterranean Chickpea with Quinoa,mediterranean chickpea with quinoa,Main Meal,Dinner,Greece,False,True,True,Mediterranean Chickpea with Quinoa recipe,assets/main.avif,assets/card.avif,not-included-see-readme
243,REC-CAND-0243,Korean Tuna Orzo Skillet,korean tuna orzo skillet,Main Meal,Lunch,Thailand,False,True,True,Korean Tuna Orzo Skillet recipe,assets/main.avif,assets/card.avif,not-included-see-readme
244,REC-CAND-0244,Caribbean Lean Beef Skillet,caribbean lean beef skillet,Main Meal,Dinner,India,False,True,True,Caribbean Lean Beef Skillet recipe,assets/main.avif,assets/card.avif,not-included-see-readme
245,REC-CAND-0245,Teriyaki Salmon with Cabbage,teriyaki salmon with cabbage,Main Meal,Lunch,Mexico,False,True,True,Teriyaki Salmon with Cabbage recipe,assets/main.avif,assets/card.avif,not-included-see-readme
246,REC-CAND-0246,Mexican Shrimp Noodle Bowl,mexican shrimp noodle bowl,Main Meal,Dinner,Korea,False,True,True,Mexican Shrimp Noodle Bowl recipe,assets/main.avif,assets/card.avif,not-included-see-readme
247,REC-CAND-0247,Greek Pork Tenderloin with Quinoa,greek pork tenderloin with quinoa,Main Meal,Dinner,Philippines,False,True,True,Greek Pork Tenderloin with Quinoa recipe,assets/main.avif,assets/card.avif,not-included-see-readme
248,REC-CAND-0248,Sheet Pan Black Bean and Bell Peppers,sheet pan black bean and bell peppers,Main Meal,Lunch,Spain,False,True,True,Sheet Pan Black Bean and Bell Peppers recipe,assets/main.avif,assets/card.avif,not-included-see-readme
249,REC-CAND-0249,Caribbean Egg Noodle Bowl,caribbean egg noodle bowl,Main Meal,Lunch,Italy,False,True,True,Caribbean Egg Noodle Bowl recipe,assets/main.avif,assets/card.avif,not-included-see-readme
250,REC-CAND-0250,Jamaican Turkey with Potatoes,jamaican turkey with potatoes,Main Meal,Dinner,Italy,False,True,True,Jamaican Turkey with Potatoes recipe,assets/main.avif,assets/card.avif,not-included-see-readme
251,REC-CAND-0251,French Lentil Sweet Potato Hash,french lentil sweet potato hash,Main Meal,Breakfast,Japan,False,True,True,French Lentil Sweet Potato Hash recipe,assets/main.avif,assets/card.avif,not-included-see-readme
252,REC-CAND-0252,French Cod Tacos,french cod tacos,Main Meal,Lunch,India,False,True,True,French Cod Tacos recipe,assets/main.avif,assets/card.avif,not-included-see-readme
253,REC-CAND-0253,Pork Tenderloin Stuffed Peppers,pork tenderloin stuffed peppers,Main Meal,Lunch,Georgia,True,True,True,Pork Tenderloin Stuffed Peppers recipe,assets/main.avif,assets/card.avif,not-included-see-readme
254,REC-CAND-0254,Herbed Turkey with Kale,herbed turkey with kale,Main Meal,Dinner,Jamaica,False,True,True,Herbed Turkey with Kale recipe,assets/main.avif,assets/card.avif,not-included-see-readme
255,REC-CAND-0255,Peruvian Chicken with Quinoa,peruvian chicken with quinoa,Main Meal,Dinner,Greece,False,True,True,Peruvian Chicken with Quinoa recipe,assets/main.avif,assets/card.avif,not-included-see-readme
256,REC-CAND-0256,Teriyaki Egg Casserole,teriyaki egg casserole,Main Meal,Dinner,Egypt,True,True,True,Teriyaki Egg Casserole recipe,assets/main.avif,assets/card.avif,not-included-see-readme
257,REC-CAND-0257,Caribbean Chickpea Tacos,caribbean chickpea tacos,Main Meal,Lunch,Korea,False,True,True,Caribbean Chickpea Tacos recipe,assets/main.avif,assets/card.avif,not-included-see-readme
258,REC-CAND-0258,Steak and Zucchini Curry,steak and zucchini curry,Main Meal,Lunch,Mexico,False,True,True,Steak and Zucchini Curry recipe,assets/main.avif,assets/card.avif,not-included-see-readme
259,REC-CAND-0259,Chickpea and Zucchini Casserole,chickpea and zucchini casserole,Main Meal,Dinner,Brazil,False,True,True,Chickpea and Zucchini Casserole recipe,assets/main.avif,assets/card.avif,not-included-see-readme
260,REC-CAND-0260,Japanese Tempeh Rice Bowl,japanese tempeh rice bowl,Main Meal,Dinner,Morocco,True,True,True,Japanese Tempeh Rice Bowl recipe,assets/main.avif,assets/card.avif,not-included-see-readme
261,REC-CAND-0261,Sesame Chicken Stew,sesame chicken stew,Main Meal,Dinner,Indonesia,True,True,True,Sesame Chicken Stew recipe,assets/main.avif,assets/card.avif,not-included-see-readme
262,REC-CAND-0262,Lemon Turkey Chili,lemon turkey chili,Main Meal,Lunch,India,False,True,True,Lemon Turkey Chili recipe,assets/main.avif,assets/card.avif,not-included-see-readme
263,REC-CAND-0263,Chipotle Tofu Salad Bowl,chipotle tofu salad bowl,Main Meal,Lunch,Indonesia,True,True,True,Chipotle Tofu Salad Bowl recipe,assets/main.avif,assets/card.avif,not-included-see-readme
264,REC-CAND-0264,Sheet Pan Steak and Asparagus,sheet pan steak and asparagus,Main Meal,Dinner,India,False,True,True,Sheet Pan Steak and Asparagus recipe,assets/main.avif,assets/card.avif,not-included-see-readme
265,REC-CAND-0265,Jamaican Tuna Tacos,jamaican tuna tacos,Main Meal,Lunch,United States,False,True,True,Jamaican Tuna Tacos recipe,assets/main.avif,assets/card.avif,not-included-see-readme
266,REC-CAND-0266,Tempeh and Carrots Baked Potatoes,tempeh and carrots baked potatoes,Main Meal,Lunch,France,False,True,True,Tempeh and Carrots Baked Potatoes recipe,assets/main.avif,assets/card.avif,not-included-see-readme
267,REC-CAND-0267,Brazilian Tempeh with Vegetables,brazilian tempeh with vegetables,Main Meal,Dinner,Korea,False,True,True,Brazilian Tempeh with Vegetables recipe,assets/main.avif,assets/card.avif,not-included-see-readme
268,REC-CAND-0268,Sheet Pan Tofu and Green Beans,sheet pan tofu and green beans,Main Meal,Lunch,Spain,False,True,True,Sheet Pan Tofu and Green Beans recipe,assets/main.avif,assets/card.avif,not-included-see-readme
269,REC-CAND-0269,Tofu Pita Plate,tofu pita plate,Main Meal,Lunch,Greece,False,True,True,Tofu Pita Plate recipe,assets/main.avif,assets/card.avif,not-included-see-readme
270,REC-CAND-0270,Sausage Pilaf Bowl,sausage pilaf bowl,Main Meal,Lunch,Italy,False,True,True,Sausage Pilaf Bowl recipe,assets/main.avif,assets/card.avif,not-included-see-readme
271,REC-CAND-0271,Sheet Pan Steak and Carrots,sheet pan steak and carrots,Main Meal,Lunch,China,False,True,True,Sheet Pan Steak and Carrots recipe,assets/main.avif,assets/card.avif,not-included-see-readme
272,REC-CAND-0272,Tuna Pilaf Bowl,tuna pilaf bowl,Main Meal,Lunch,Brazil,False,True,True,Tuna Pilaf Bowl recipe,assets/main.avif,assets/card.avif,not-included-see-readme
273,REC-CAND-0273,Smoky Tuna Salad Bowl,smoky tuna salad bowl,Main Meal,Dinner,China,False,True,True,Smoky Tuna Salad Bowl recipe,assets/main.avif,assets/card.avif,not-included-see-readme
274,REC-CAND-0274,Sheet Pan Egg and Cabbage,sheet pan egg and cabbage,Main Meal,Dinner,Spain,False,True,True,Sheet Pan Egg and Cabbage recipe,assets/main.avif,assets/card.avif,not-included-see-readme
275,REC-CAND-0275,Indian Sausage Flatbread,indian sausage flatbread,Main Meal,Dinner,Nigeria,True,True,True,Indian Sausage Flatbread recipe,assets/main.avif,assets/card.avif,not-included-see-readme
276,REC-CAND-0276,French Tofu Quinoa Bowl,french tofu quinoa bowl,Main Meal,Dinner,Korea,False,True,True,French Tofu Quinoa Bowl recipe,assets/main.avif,assets/card.avif,not-included-see-readme
277,REC-CAND-0277,Thai Sausage Flatbread,thai sausage flatbread,Main Meal,Dinner,Peru,False,True,True,Thai Sausage Flatbread recipe,assets/main.avif,assets/card.avif,not-included-see-readme
278,REC-CAND-0278,Smoky Steak Casserole,smoky steak casserole,Main Meal,Lunch,Spain,False,True,True,Smoky Steak Casserole recipe,assets/main.avif,assets/card.avif,not-included-see-readme
279,REC-CAND-0279,Honey Soy Turkey Soup,honey soy turkey soup,Main Meal,Lunch,Spain,False,True,True,Honey Soy Turkey Soup recipe,assets/main.avif,assets/card.avif,not-included-see-readme
280,REC-CAND-0280,Garlic Salmon with Carrots,garlic salmon with carrots,Main Meal,Dinner,Croatia,True,True,True,Garlic Salmon with Carrots recipe,assets/main.avif,assets/card.avif,not-included-see-readme
281,REC-CAND-0281,Tofu Stuffed Sweet Potatoes,tofu stuffed sweet potatoes,Main Meal,Lunch,India,False,True,True,Tofu Stuffed Sweet Potatoes recipe,assets/main.avif,assets/card.avif,not-included-see-readme
282,REC-CAND-0282,Black Bean Curry Bowl,black bean curry bowl,Main Meal,Dinner,Italy,False,True,True,Black Bean Curry Bowl recipe,assets/main.avif,assets/card.avif,not-included-see-readme
283,REC-CAND-0283,Mediterranean Chicken with Quinoa,mediterranean chicken with quinoa,Main Meal,Dinner,Spain,False,True,True,Mediterranean Chicken with Quinoa recipe,assets/main.avif,assets/card.avif,not-included-see-readme
284,REC-CAND-0284,Thai Egg Curry,thai egg curry,Main Meal,Lunch,Korea,False,True,True,Thai Egg Curry recipe,assets/main.avif,assets/card.avif,not-included-see-readme
285,REC-CAND-0285,Sheet Pan Cod and Corn,sheet pan cod and corn,Main Meal,Dinner,Jamaica,False,True,True,Sheet Pan Cod and Corn recipe,assets/main.avif,assets/card.avif,not-included-see-readme
286,REC-CAND-0286,Tuna Stir Fry Bowl,tuna stir fry bowl,Main Meal,Lunch,Korea,False,True,True,Tuna Stir Fry Bowl recipe,assets/main.avif,assets/card.avif,not-included-see-readme
287,REC-CAND-0287,Honey Soy Chicken Chili,honey soy chicken chili,Main Meal,Dinner,Korea,False,True,True,Honey Soy Chicken Chili recipe,assets/main.avif,assets/card.avif,not-included-see-readme
288,REC-CAND-0288,Blackened Chicken with Corn,blackened chicken with corn,Main Meal,Lunch,United States,False,True,True,Blackened Chicken with Corn recipe,assets/main.avif,assets/card.avif,not-included-see-readme
289,REC-CAND-0289,Brazilian Tofu Flatbread,brazilian tofu flatbread,Main Meal,Lunch,Philippines,False,True,True,Brazilian Tofu Flatbread recipe,assets/main.avif,assets/card.avif,not-included-see-readme
290,REC-CAND-0290,Lentil and Zucchini Casserole,lentil and zucchini casserole,Main Meal,Lunch,Thailand,False,True,True,Lentil and Zucchini Casserole recipe,assets/main.avif,assets/card.avif,not-included-see-readme
291,REC-CAND-0291,Peruvian Lentil Wraps,peruvian lentil wraps,Main Meal,Lunch,Jamaica,False,True,True,Peruvian Lentil Wraps recipe,assets/main.avif,assets/card.avif,not-included-see-readme
292,REC-CAND-0292,Sheet Pan Lean Beef and Cabbage,sheet pan lean beef and cabbage,Main Meal,Lunch,Mexico,False,True,True,Sheet Pan Lean Beef and Cabbage recipe,assets/main.avif,assets/card.avif,not-included-see-readme
293,REC-CAND-0293,Tuna and Bell Peppers Flatbread,tuna and bell peppers flatbread,Main Meal,Dinner,Korea,False,True,True,Tuna and Bell Peppers Flatbread recipe,assets/main.avif,assets/card.avif,not-included-see-readme
294,REC-CAND-0294,Moroccan Tuna Rice Bowl,moroccan tuna rice bowl,Main Meal,Lunch,Jamaica,False,True,True,Moroccan Tuna Rice Bowl recipe,assets/main.avif,assets/card.avif,not-included-see-readme
295,REC-CAND-0295,Coconut Tofu Rice Bowl,coconut tofu rice bowl,Main Meal,Lunch,Philippines,False,True,True,Coconut Tofu Rice Bowl recipe,assets/main.avif,assets/card.avif,not-included-see-readme
296,REC-CAND-0296,Filipino Lean Beef Quinoa Bowl,filipino lean beef quinoa bowl,Main Meal,Lunch,India,False,True,True,Filipino Lean Beef Quinoa Bowl recipe,assets/main.avif,assets/card.avif,not-included-see-readme
297,REC-CAND-0297,Sausage and Cauliflower Quinoa Bowl,sausage and cauliflower quinoa bowl,Main Meal,Lunch,Jamaica,False,True,True,Sausage and Cauliflower Quinoa Bowl recipe,assets/main.avif,assets/card.avif,not-included-see-readme
298,REC-CAND-0298,Lentil Curry Bowl,lentil curry bowl,Main Meal,Lunch,Mexico,False,True,True,Lentil Curry Bowl recipe,assets/main.avif,assets/card.avif,not-included-see-readme
299,REC-CAND-0299,Peruvian Steak Wraps,peruvian steak wraps,Main Meal,Lunch,Philippines,False,True,True,Peruvian Steak Wraps recipe,assets/main.avif,assets/card.avif,not-included-see-readme
300,REC-CAND-0300,Chinese Chicken Rice Bowl,chinese chicken rice bowl,Main Meal,Dinner,India,False,True,True,Chinese Chicken Rice Bowl recipe,assets/main.avif,assets/card.avif,not-included-see-readme
301,REC-CAND-0301,Caribbean Shrimp with Potatoes,caribbean shrimp with potatoes,Main Meal,Lunch,Peru,False,True,True,Caribbean Shrimp with Potatoes recipe,assets/main.avif,assets/card.avif,not-included-see-readme
302,REC-CAND-0302,Lemon Black Bean with Zucchini,lemon black bean with zucchini,Main Meal,Lunch,Mexico,False,True,True,Lemon Black Bean with Zucchini recipe,assets/main.avif,assets/card.avif,not-included-see-readme
303,REC-CAND-0303,Buffalo Turkey Salad Bowl,buffalo turkey salad bowl,Main Meal,Dinner,Egypt,True,True,True,Buffalo Turkey Salad Bowl recipe,assets/main.avif,assets/card.avif,not-included-see-readme
304,REC-CAND-0304,Korean Tuna with Potatoes,korean tuna with potatoes,Main Meal,Dinner,Brazil,False,True,True,Korean Tuna with Potatoes recipe,assets/main.avif,assets/card.avif,not-included-see-readme
305,REC-CAND-0305,French Tempeh Wraps,french tempeh wraps,Main Meal,Dinner,China,False,True,True,French Tempeh Wraps recipe,assets/main.avif,assets/card.avif,not-included-see-readme
306,REC-CAND-0306,Turkey Stir Fry Bowl,turkey stir fry bowl,Main Meal,Lunch,Thailand,False,True,True,Turkey Stir Fry Bowl recipe,assets/main.avif,assets/card.avif,not-included-see-readme
307,REC-CAND-0307,Teriyaki Chickpea with Carrots,teriyaki chickpea with carrots,Main Meal,Lunch,Brazil,False,True,True,Teriyaki Chickpea with Carrots recipe,assets/main.avif,assets/card.avif,not-included-see-readme
308,REC-CAND-0308,Pork Tenderloin Curry Bowl,pork tenderloin curry bowl,Main Meal,Lunch,India,False,True,True,Pork Tenderloin Curry Bowl recipe,assets/main.avif,assets/card.avif,not-included-see-readme
309,REC-CAND-0309,Thai Shrimp Curry,thai shrimp curry,Main Meal,Dinner,Peru,False,True,True,Thai Shrimp Curry recipe,assets/main.avif,assets/card.avif,not-included-see-readme
310,REC-CAND-0310,Thai Lean Beef with Quinoa,thai lean beef with quinoa,Main Meal,Lunch,Spain,False,True,True,Thai Lean Beef with Quinoa recipe,assets/main.avif,assets/card.avif,not-included-see-readme
311,REC-CAND-0311,Herbed Tuna Stew,herbed tuna stew,Main Meal,Dinner,Brazil,False,True,True,Herbed Tuna Stew recipe,assets/main.avif,assets/card.avif,not-included-see-readme
312,REC-CAND-0312,Thai Chicken Wraps,thai chicken wraps,Main Meal,Dinner,Philippines,False,True,True,Thai Chicken Wraps recipe,assets/main.avif,assets/card.avif,not-included-see-readme
313,REC-CAND-0313,Sheet Pan Tuna and Cabbage,sheet pan tuna and cabbage,Main Meal,Dinner,Jamaica,False,True,True,Sheet Pan Tuna and Cabbage recipe,assets/main.avif,assets/card.avif,not-included-see-readme
314,REC-CAND-0314,Caribbean Egg with Noodles,caribbean egg with noodles,Main Meal,Dinner,India,False,True,True,Caribbean Egg with Noodles recipe,assets/main.avif,assets/card.avif,not-included-see-readme
315,REC-CAND-0315,Sheet Pan Steak and Zucchini,sheet pan steak and zucchini,Main Meal,Dinner,Korea,False,True,True,Sheet Pan Steak and Zucchini recipe,assets/main.avif,assets/card.avif,not-included-see-readme
316,REC-CAND-0316,Tomato Basil Tofu with Green Beans,tomato basil tofu with green beans,Main Meal,Lunch,Croatia,True,True,True,Tomato Basil Tofu with Green Beans recipe,assets/main.avif,assets/card.avif,not-included-see-readme
317,REC-CAND-0317,Sesame Tempeh Casserole,sesame tempeh casserole,Main Meal,Dinner,Italy,False,True,True,Sesame Tempeh Casserole recipe,assets/main.avif,assets/card.avif,not-included-see-readme
318,REC-CAND-0318,Moroccan Pork Tenderloin Tacos,moroccan pork tenderloin tacos,Main Meal,Lunch,India,False,True,True,Moroccan Pork Tenderloin Tacos recipe,assets/main.avif,assets/card.avif,not-included-see-readme
319,REC-CAND-0319,Herbed Turkey with Bell Peppers,herbed turkey with bell peppers,Main Meal,Lunch,Mexico,False,True,True,Herbed Turkey with Bell Peppers recipe,assets/main.avif,assets/card.avif,not-included-see-readme
320,REC-CAND-0320,Garlic Tuna Sweet Potato Hash,garlic tuna sweet potato hash,Main Meal,Breakfast,France,False,True,True,Garlic Tuna Sweet Potato Hash recipe,assets/main.avif,assets/card.avif,not-included-see-readme
321,REC-CAND-0321,Mexican Sausage Noodle Bowl,mexican sausage noodle bowl,Main Meal,Lunch,China,False,True,True,Mexican Sausage Noodle Bowl recipe,assets/main.avif,assets/card.avif,not-included-see-readme
322,REC-CAND-0322,French Cod Rice Bowl,french cod rice bowl,Main Meal,Lunch,Jamaica,False,True,True,French Cod Rice Bowl recipe,assets/main.avif,assets/card.avif,not-included-see-readme
323,REC-CAND-0323,Spicy Steak with Zucchini,spicy steak with zucchini,Main Meal,Dinner,France,False,True,True,Spicy Steak with Zucchini recipe,assets/main.avif,assets/card.avif,not-included-see-readme
324,REC-CAND-0324,Honey Soy Shrimp Stir-Fry,honey soy shrimp stir fry,Main Meal,Dinner,Mexico,False,True,True,Honey Soy Shrimp Stir-Fry recipe,assets/main.avif,assets/card.avif,not-included-see-readme
325,REC-CAND-0325,Pesto Chickpea Grain Bowl,pesto chickpea grain bowl,Main Meal,Lunch,Philippines,False,True,True,Pesto Chickpea Grain Bowl recipe,assets/main.avif,assets/card.avif,not-included-see-readme
326,REC-CAND-0326,Spanish Sausage Stew,spanish sausage stew,Main Meal,Lunch,Peru,False,True,True,Spanish Sausage Stew recipe,assets/main.avif,assets/card.avif,not-included-see-readme
327,REC-CAND-0327,Honey Soy Tuna Flatbread,honey soy tuna flatbread,Main Meal,Lunch,Tunisia,True,True,True,Honey Soy Tuna Flatbread recipe,assets/main.avif,assets/card.avif,not-included-see-readme
328,REC-CAND-0328,Ginger Turkey with Broccoli,ginger turkey with broccoli,Main Meal,Lunch,Lebanon,True,True,True,Ginger Turkey with Broccoli recipe,assets/main.avif,assets/card.avif,not-included-see-readme
329,REC-CAND-0329,Pesto Lean Beef with Tomatoes,pesto lean beef with tomatoes,Main Meal,Dinner,France,False,True,True,Pesto Lean Beef with Tomatoes recipe,assets/main.avif,assets/card.avif,not-included-see-readme
330,REC-CAND-0330,Korean Tempeh Soup,korean tempeh soup,Main Meal,Dinner,India,False,True,True,Korean Tempeh Soup recipe,assets/main.avif,assets/card.avif,not-included-see-readme
331,REC-CAND-0331,Indian Steak Stew,indian steak stew,Main Meal,Dinner,Korea,False,True,True,Indian Steak Stew recipe,assets/main.avif,assets/card.avif,not-included-see-readme
332,REC-CAND-0332,Cajun Chicken with Carrots,cajun chicken with carrots,Main Meal,Dinner,Korea,False,True,True,Cajun Chicken with Carrots recipe,assets/main.avif,assets/card.avif,not-included-see-readme
333,REC-CAND-0333,Salmon Fried Rice,salmon fried rice,Main Meal,Lunch,Jamaica,False,True,True,Salmon Fried Rice recipe,assets/main.avif,assets/card.avif,not-included-see-readme
334,REC-CAND-0334,Lean Beef and Cauliflower Curry,lean beef and cauliflower curry,Main Meal,Dinner,Philippines,False,True,True,Lean Beef and Cauliflower Curry recipe,assets/main.avif,assets/card.avif,not-included-see-readme
335,REC-CAND-0335,Greek Lentil with Quinoa,greek lentil with quinoa,Main Meal,Dinner,Korea,False,True,True,Greek Lentil with Quinoa recipe,assets/main.avif,assets/card.avif,not-included-see-readme
336,REC-CAND-0336,Spicy Pork Tenderloin Salad Bowl,spicy pork tenderloin salad bowl,Main Meal,Dinner,India,False,True,True,Spicy Pork Tenderloin Salad Bowl recipe,assets/main.avif,assets/card.avif,not-included-see-readme
337,REC-CAND-0337,Caribbean Chicken Pasta,caribbean chicken pasta,Main Meal,Dinner,France,False,True,True,Caribbean Chicken Pasta recipe,assets/main.avif,assets/card.avif,not-included-see-readme
338,REC-CAND-0338,Filipino Chicken Stir-Fry,filipino chicken stir fry,Main Meal,Lunch,Philippines,False,True,True,Filipino Chicken Stir-Fry recipe,assets/main.avif,assets/card.avif,not-included-see-readme
339,REC-CAND-0339,Japanese Salmon with Noodles,japanese salmon with noodles,Main Meal,Dinner,Japan,False,True,True,Japanese Salmon with Noodles recipe,assets/main.avif,assets/card.avif,not-included-see-readme
340,REC-CAND-0340,Herbed Lentil Salad Bowl,herbed lentil salad bowl,Main Meal,Lunch,France,False,True,True,Herbed Lentil Salad Bowl recipe,assets/main.avif,assets/card.avif,not-included-see-readme
341,REC-CAND-0341,Sheet Pan Tofu and Carrots,sheet pan tofu and carrots,Main Meal,Dinner,Italy,False,True,True,Sheet Pan Tofu and Carrots recipe,assets/main.avif,assets/card.avif,not-included-see-readme
342,REC-CAND-0342,Thai Lentil Wraps,thai lentil wraps,Main Meal,Lunch,Spain,False,True,True,Thai Lentil Wraps recipe,assets/main.avif,assets/card.avif,not-included-see-readme
343,REC-CAND-0343,French Tuna Salad Bowl,french tuna salad bowl,Main Meal,Dinner,Brazil,False,True,True,French Tuna Salad Bowl recipe,assets/main.avif,assets/card.avif,not-included-see-readme
344,REC-CAND-0344,Pork Tenderloin and Mushrooms Stir-Fry,pork tenderloin and mushrooms stir fry,Main Meal,Dinner,Philippines,False,True,True,Pork Tenderloin and Mushrooms Stir-Fry recipe,assets/main.avif,assets/card.avif,not-included-see-readme
345,REC-CAND-0345,Lean Beef Stir Fry Bowl,lean beef stir fry bowl,Main Meal,Dinner,India,False,True,True,Lean Beef Stir Fry Bowl recipe,assets/main.avif,assets/card.avif,not-included-see-readme
346,REC-CAND-0346,Peruvian Turkey Tray Bake,peruvian turkey tray bake,Main Meal,Lunch,Mexico,False,True,True,Peruvian Turkey Tray Bake recipe,assets/main.avif,assets/card.avif,not-included-see-readme
347,REC-CAND-0347,Salmon Pasta Bake,salmon pasta bake,Main Meal,Dinner,Nepal,True,True,True,Salmon Pasta Bake recipe,assets/main.avif,assets/card.avif,not-included-see-readme
348,REC-CAND-0348,American Chicken Noodle Bowl,american chicken noodle bowl,Main Meal,Lunch,India,False,True,True,American Chicken Noodle Bowl recipe,assets/main.avif,assets/card.avif,not-included-see-readme
349,REC-CAND-0349,Chicken Burrito Bowl,chicken burrito bowl,Main Meal,Lunch,Mexico,False,True,True,Chicken Burrito Bowl recipe,assets/main.avif,assets/card.avif,not-included-see-readme
350,REC-CAND-0350,Chipotle Tofu with Asparagus,chipotle tofu with asparagus,Main Meal,Dinner,India,False,True,True,Chipotle Tofu with Asparagus recipe,assets/main.avif,assets/card.avif,not-included-see-readme
351,REC-CAND-0351,Chipotle Sausage Chili,chipotle sausage chili,Main Meal,Dinner,Mexico,False,True,True,Chipotle Sausage Chili recipe,assets/main.avif,assets/card.avif,not-included-see-readme
352,REC-CAND-0352,Spanish Steak Rice Bowl,spanish steak rice bowl,Main Meal,Lunch,Spain,False,True,True,Spanish Steak Rice Bowl recipe,assets/main.avif,assets/card.avif,not-included-see-readme
353,REC-CAND-0353,Japanese Salmon Rice Bowl,japanese salmon rice bowl,Main Meal,Lunch,Thailand,False,True,True,Japanese Salmon Rice Bowl recipe,assets/main.avif,assets/card.avif,not-included-see-readme
354,REC-CAND-0354,Pesto Salmon Tacos,pesto salmon tacos,Main Meal,Lunch,Philippines,False,True,True,Pesto Salmon Tacos recipe,assets/main.avif,assets/card.avif,not-included-see-readme
355,REC-CAND-0355,Coconut Black Bean with Corn,coconut black bean with corn,Main Meal,Dinner,Greece,False,True,True,Coconut Black Bean with Corn recipe,assets/main.avif,assets/card.avif,not-included-see-readme
356,REC-CAND-0356,Sheet Pan Steak and Green Beans,sheet pan steak and green beans,Main Meal,Dinner,Greece,False,True,True,Sheet Pan Steak and Green Beans recipe,assets/main.avif,assets/card.avif,not-included-see-readme
357,REC-CAND-0357,Sheet Pan Cod and Kale,sheet pan cod and kale,Main Meal,Dinner,France,False,True,True,Sheet Pan Cod and Kale recipe,assets/main.avif,assets/card.avif,not-included-see-readme
358,REC-CAND-0358,Sheet Pan Chickpea and Green Beans,sheet pan chickpea and green beans,Main Meal,Dinner,Brazil,False,True,True,Sheet Pan Chickpea and Green Beans recipe,assets/main.avif,assets/card.avif,not-included-see-readme
359,REC-CAND-0359,Salmon and Kale Stir-Fry,salmon and kale stir fry,Main Meal,Lunch,Korea,False,True,True,Salmon and Kale Stir-Fry recipe,assets/main.avif,assets/card.avif,not-included-see-readme
360,REC-CAND-0360,Tofu and Green Beans Orzo Skillet,tofu and green beans orzo skillet,Main Meal,Dinner,India,False,True,True,Tofu and Green Beans Orzo Skillet recipe,assets/main.avif,assets/card.avif,not-included-see-readme
361,REC-CAND-0361,Pork Tenderloin and Cauliflower Flatbread,pork tenderloin and cauliflower flatbread,Main Meal,Lunch,Indonesia,True,True,True,Pork Tenderloin and Cauliflower Flatbread recipe,assets/main.avif,assets/card.avif,not-included-see-readme
362,REC-CAND-0362,Salmon and Bell Peppers Baked Potatoes,salmon and bell peppers baked potatoes,Main Meal,Dinner,Korea,False,True,True,Salmon and Bell Peppers Baked Potatoes recipe,assets/main.avif,assets/card.avif,not-included-see-readme
363,REC-CAND-0363,Turkey and Carrots Tray Bake,turkey and carrots tray bake,Main Meal,Dinner,Greece,False,True,True,Turkey and Carrots Tray Bake recipe,assets/main.avif,assets/card.avif,not-included-see-readme
364,REC-CAND-0364,Balsamic Sausage Casserole,balsamic sausage casserole,Main Meal,Lunch,Italy,False,True,True,Balsamic Sausage Casserole recipe,assets/main.avif,assets/card.avif,not-included-see-readme
365,REC-CAND-0365,French Chicken with Potatoes,french chicken with potatoes,Main Meal,Dinner,India,False,True,True,French Chicken with Potatoes recipe,assets/main.avif,assets/card.avif,not-included-see-readme
366,REC-CAND-0366,Moroccan Egg Tacos,moroccan egg tacos,Main Meal,Lunch,France,False,True,True,Moroccan Egg Tacos recipe,assets/main.avif,assets/card.avif,not-included-see-readme
367,REC-CAND-0367,Ginger Lentil Salad Bowl,ginger lentil salad bowl,Main Meal,Dinner,Greece,False,True,True,Ginger Lentil Salad Bowl recipe,assets/main.avif,assets/card.avif,not-included-see-readme
368,REC-CAND-0368,Italian Shrimp with Noodles,italian shrimp with noodles,Main Meal,Lunch,Brazil,False,True,True,Italian Shrimp with Noodles recipe,assets/main.avif,assets/card.avif,not-included-see-readme
369,REC-CAND-0369,Steak Fried Rice,steak fried rice,Main Meal,Dinner,Brazil,False,True,True,Steak Fried Rice recipe,assets/main.avif,assets/card.avif,not-included-see-readme
370,REC-CAND-0370,Roasted Pork Tenderloin Wraps,roasted pork tenderloin wraps,Main Meal,Dinner,France,False,True,True,Roasted Pork Tenderloin Wraps recipe,assets/main.avif,assets/card.avif,not-included-see-readme
371,REC-CAND-0371,Sheet Pan Cod and Bell Peppers,sheet pan cod and bell peppers,Main Meal,Dinner,Philippines,False,True,True,Sheet Pan Cod and Bell Peppers recipe,assets/main.avif,assets/card.avif,not-included-see-readme
372,REC-CAND-0372,Sheet Pan Pork Tenderloin and Corn,sheet pan pork tenderloin and corn,Main Meal,Lunch,Brazil,False,True,True,Sheet Pan Pork Tenderloin and Corn recipe,assets/main.avif,assets/card.avif,not-included-see-readme
373,REC-CAND-0373,Sausage Curry Bowl,sausage curry bowl,Main Meal,Lunch,Thailand,False,True,True,Sausage Curry Bowl recipe,assets/main.avif,assets/card.avif,not-included-see-readme
374,REC-CAND-0374,Sheet Pan Chickpea and Corn,sheet pan chickpea and corn,Main Meal,Dinner,Thailand,False,True,True,Sheet Pan Chickpea and Corn recipe,assets/main.avif,assets/card.avif,not-included-see-readme
375,REC-CAND-0375,Sheet Pan Chicken and Kale,sheet pan chicken and kale,Main Meal,Lunch,Brazil,False,True,True,Sheet Pan Chicken and Kale recipe,assets/main.avif,assets/card.avif,not-included-see-readme
376,REC-CAND-0376,Balsamic Chickpea with Cucumber,balsamic chickpea with cucumber,Main Meal,Dinner,Thailand,False,True,True,Balsamic Chickpea with Cucumber recipe,assets/main.avif,assets/card.avif,not-included-see-readme
377,REC-CAND-0377,Tofu and Tomatoes Skillet,tofu and tomatoes skillet,Main Meal,Dinner,France,False,True,True,Tofu and Tomatoes Skillet recipe,assets/main.avif,assets/card.avif,not-included-see-readme
378,REC-CAND-0378,Cajun Turkey Soup,cajun turkey soup,Main Meal,Lunch,Mexico,False,True,True,Cajun Turkey Soup recipe,assets/main.avif,assets/card.avif,not-included-see-readme
379,REC-CAND-0379,Egg and Zucchini Rice Bowl,egg and zucchini rice bowl,Main Meal,Dinner,Peru,False,True,True,Egg and Zucchini Rice Bowl recipe,assets/main.avif,assets/card.avif,not-included-see-readme
380,REC-CAND-0380,Caribbean Cod Pasta,caribbean cod pasta,Main Meal,Lunch,Korea,False,True,True,Caribbean Cod Pasta recipe,assets/main.avif,assets/card.avif,not-included-see-readme
381,REC-CAND-0381,Indian Chickpea Stir-Fry,indian chickpea stir fry,Main Meal,Lunch,Philippines,False,True,True,Indian Chickpea Stir-Fry recipe,assets/main.avif,assets/card.avif,not-included-see-readme
382,REC-CAND-0382,Tuna Stuffed Sweet Potatoes,tuna stuffed sweet potatoes,Main Meal,Dinner,Ghana,True,True,True,Tuna Stuffed Sweet Potatoes recipe,assets/main.avif,assets/card.avif,not-included-see-readme
383,REC-CAND-0383,Brazilian Lean Beef Chili,brazilian lean beef chili,Main Meal,Dinner,Mexico,False,True,True,Brazilian Lean Beef Chili recipe,assets/main.avif,assets/card.avif,not-included-see-readme
384,REC-CAND-0384,Tofu and Asparagus Noodle Bowl,tofu and asparagus noodle bowl,Main Meal,Lunch,Spain,False,True,True,Tofu and Asparagus Noodle Bowl recipe,assets/main.avif,assets/card.avif,not-included-see-readme
385,REC-CAND-0385,Sheet Pan Chicken and Carrots,sheet pan chicken and carrots,Main Meal,Lunch,Philippines,False,True,True,Sheet Pan Chicken and Carrots recipe,assets/main.avif,assets/card.avif,not-included-see-readme
386,REC-CAND-0386,Smoky Black Bean with Cucumber,smoky black bean with cucumber,Main Meal,Lunch,Mexico,False,True,True,Smoky Black Bean with Cucumber recipe,assets/main.avif,assets/card.avif,not-included-see-readme
387,REC-CAND-0387,Greek Shrimp Noodle Bowl,greek shrimp noodle bowl,Main Meal,Dinner,France,False,True,True,Greek Shrimp Noodle Bowl recipe,assets/main.avif,assets/card.avif,not-included-see-readme
388,REC-CAND-0388,Jamaican Tofu Wraps,jamaican tofu wraps,Main Meal,Dinner,Philippines,False,True,True,Jamaican Tofu Wraps recipe,assets/main.avif,assets/card.avif,not-included-see-readme
389,REC-CAND-0389,Moroccan Turkey Chili,moroccan turkey chili,Main Meal,Dinner,Greece,False,True,True,Moroccan Turkey Chili recipe,assets/main.avif,assets/card.avif,not-included-see-readme
390,REC-CAND-0390,Sheet Pan Lean Beef and Green Beans,sheet pan lean beef and green beans,Main Meal,Dinner,Italy,False,True,True,Sheet Pan Lean Beef and Green Beans recipe,assets/main.avif,assets/card.avif,not-included-see-readme
391,REC-CAND-0391,Black Bean and Kale Tray Bake,black bean and kale tray bake,Main Meal,Dinner,Jamaica,False,True,True,Black Bean and Kale Tray Bake recipe,assets/main.avif,assets/card.avif,not-included-see-readme
392,REC-CAND-0392,Greek Chicken with Potatoes,greek chicken with potatoes,Main Meal,Lunch,United States,False,True,True,Greek Chicken with Potatoes recipe,assets/main.avif,assets/card.avif,not-included-see-readme
393,REC-CAND-0393,Greek Pork Tenderloin Curry,greek pork tenderloin curry,Main Meal,Lunch,Mongolia,True,True,True,Greek Pork Tenderloin Curry recipe,assets/main.avif,assets/card.avif,not-included-see-readme
394,REC-CAND-0394,Tempeh Skillet,tempeh skillet,Main Meal,Lunch,Brazil,False,True,True,Tempeh Skillet recipe,assets/main.avif,assets/card.avif,not-included-see-readme
395,REC-CAND-0395,Lemon Shrimp Salad Bowl,lemon shrimp salad bowl,Main Meal,Lunch,France,False,True,True,Lemon Shrimp Salad Bowl recipe,assets/main.avif,assets/card.avif,not-included-see-readme
396,REC-CAND-0396,Salmon and Corn Orzo Skillet,salmon and corn orzo skillet,Main Meal,Lunch,Ethiopia,True,True,True,Salmon and Corn Orzo Skillet recipe,assets/main.avif,assets/card.avif,not-included-see-readme
397,REC-CAND-0397,Jamaican Sausage with Potatoes,jamaican sausage with potatoes,Main Meal,Lunch,Korea,False,True,True,Jamaican Sausage with Potatoes recipe,assets/main.avif,assets/card.avif,not-included-see-readme
398,REC-CAND-0398,Herbed Cod Salad Bowl,herbed cod salad bowl,Main Meal,Lunch,Korea,False,True,True,Herbed Cod Salad Bowl recipe,assets/main.avif,assets/card.avif,not-included-see-readme
399,REC-CAND-0399,Japanese Salmon Tray Bake,japanese salmon tray bake,Main Meal,Lunch,Peru,False,True,True,Japanese Salmon Tray Bake recipe,assets/main.avif,assets/card.avif,not-included-see-readme
400,REC-CAND-0400,Honey Soy Chicken Quinoa Bowl,honey soy chicken quinoa bowl,Main Meal,Dinner,Thailand,False,True,True,Honey Soy Chicken Quinoa Bowl recipe,assets/main.avif,assets/card.avif,not-included-see-readme
401,REC-CAND-0401,Pork Tenderloin Taco Bowl,pork tenderloin taco bowl,Main Meal,Lunch,Korea,False,True,True,Pork Tenderloin Taco Bowl recipe,assets/main.avif,assets/card.avif,not-included-see-readme
402,REC-CAND-0402,Sheet Pan Tempeh and Tomatoes,sheet pan tempeh and tomatoes,Main Meal,Lunch,Mexico,False,True,True,Sheet Pan Tempeh and Tomatoes recipe,assets/main.avif,assets/card.avif,not-included-see-readme
403,REC-CAND-0403,Italian Shrimp Sweet Potato Hash,italian shrimp sweet potato hash,Main Meal,Breakfast,Peru,False,True,True,Italian Shrimp Sweet Potato Hash recipe,assets/main.avif,assets/card.avif,not-included-see-readme
404,REC-CAND-0404,Spanish Tofu Rice Bowl,spanish tofu rice bowl,Main Meal,Dinner,United States,False,True,True,Spanish Tofu Rice Bowl recipe,assets/main.avif,assets/card.avif,not-included-see-readme
405,REC-CAND-0405,Chipotle Sausage with Asparagus,chipotle sausage with asparagus,Main Meal,Lunch,Italy,False,True,True,Chipotle Sausage with Asparagus recipe,assets/main.avif,assets/card.avif,not-included-see-readme
406,REC-CAND-0406,Tomato Basil Chicken Chili,tomato basil chicken chili,Main Meal,Lunch,Korea,False,True,True,Tomato Basil Chicken Chili recipe,assets/main.avif,assets/card.avif,not-included-see-readme
407,REC-CAND-0407,Pesto Tofu with Cabbage,pesto tofu with cabbage,Main Meal,Dinner,China,False,True,True,Pesto Tofu with Cabbage recipe,assets/main.avif,assets/card.avif,not-included-see-readme
408,REC-CAND-0408,Lemon Pork Tenderloin with Broccoli,lemon pork tenderloin with broccoli,Main Meal,Dinner,Ethiopia,True,True,True,Lemon Pork Tenderloin with Broccoli recipe,assets/main.avif,assets/card.avif,not-included-see-readme
409,REC-CAND-0409,Egg and Cabbage Pasta,egg and cabbage pasta,Main Meal,Dinner,Spain,False,True,True,Egg and Cabbage Pasta recipe,assets/main.avif,assets/card.avif,not-included-see-readme
410,REC-CAND-0410,Korean Turkey with Noodles,korean turkey with noodles,Main Meal,Dinner,Brazil,False,True,True,Korean Turkey with Noodles recipe,assets/main.avif,assets/card.avif,not-included-see-readme
411,REC-CAND-0411,Pesto Tempeh with Mushrooms,pesto tempeh with mushrooms,Main Meal,Lunch,Mexico,False,True,True,Pesto Tempeh with Mushrooms recipe,assets/main.avif,assets/card.avif,not-included-see-readme
412,REC-CAND-0412,Tomato Basil Steak with Asparagus,tomato basil steak with asparagus,Main Meal,Dinner,Thailand,False,True,True,Tomato Basil Steak with Asparagus recipe,assets/main.avif,assets/card.avif,not-included-see-readme
413,REC-CAND-0413,Greek Cod with Vegetables,greek cod with vegetables,Main Meal,Lunch,United States,False,True,True,Greek Cod with Vegetables recipe,assets/main.avif,assets/card.avif,not-included-see-readme
414,REC-CAND-0414,Pork Tenderloin Stir Fry Bowl,pork tenderloin stir fry bowl,Main Meal,Dinner,Nigeria,True,True,True,Pork Tenderloin Stir Fry Bowl recipe,assets/main.avif,assets/card.avif,not-included-see-readme
415,REC-CAND-0415,Ginger Salmon Salad Bowl,ginger salmon salad bowl,Main Meal,Lunch,Philippines,False,True,True,Ginger Salmon Salad Bowl recipe,assets/main.avif,assets/card.avif,not-included-see-readme
416,REC-CAND-0416,Brazilian Pork Tenderloin Wraps,brazilian pork tenderloin wraps,Main Meal,Dinner,France,False,True,True,Brazilian Pork Tenderloin Wraps recipe,assets/main.avif,assets/card.avif,not-included-see-readme
417,REC-CAND-0417,Herbed Chicken Stew,herbed chicken stew,Main Meal,Dinner,Mexico,False,True,True,Herbed Chicken Stew recipe,assets/main.avif,assets/card.avif,not-included-see-readme
418,REC-CAND-0418,Turkey Pilaf Bowl,turkey pilaf bowl,Main Meal,Dinner,Brazil,False,True,True,Turkey Pilaf Bowl recipe,assets/main.avif,assets/card.avif,not-included-see-readme
419,REC-CAND-0419,Sheet Pan Chicken and Bell Peppers,sheet pan chicken and bell peppers,Main Meal,Lunch,Greece,False,True,True,Sheet Pan Chicken and Bell Peppers recipe,assets/main.avif,assets/card.avif,not-included-see-readme
420,REC-CAND-0420,Cod Pita Plate,cod pita plate,Main Meal,Lunch,France,False,True,True,Cod Pita Plate recipe,assets/main.avif,assets/card.avif,not-included-see-readme
421,REC-CAND-0421,Teriyaki Sausage Stew,teriyaki sausage stew,Main Meal,Dinner,Afghanistan,True,True,True,Teriyaki Sausage Stew recipe,assets/main.avif,assets/card.avif,not-included-see-readme
422,REC-CAND-0422,Thai Pork Tenderloin Wraps,thai pork tenderloin wraps,Main Meal,Lunch,Spain,False,True,True,Thai Pork Tenderloin Wraps recipe,assets/main.avif,assets/card.avif,not-included-see-readme
423,REC-CAND-0423,Pesto Lentil Chili,pesto lentil chili,Main Meal,Dinner,Peru,False,True,True,Pesto Lentil Chili recipe,assets/main.avif,assets/card.avif,not-included-see-readme
424,REC-CAND-0424,Cod Stuffed Sweet Potatoes,cod stuffed sweet potatoes,Main Meal,Dinner,Botswana,True,True,True,Cod Stuffed Sweet Potatoes recipe,assets/main.avif,assets/card.avif,not-included-see-readme
425,REC-CAND-0425,Honey Soy Chickpea with Bell Peppers,honey soy chickpea with bell peppers,Main Meal,Dinner,France,False,True,True,Honey Soy Chickpea with Bell Peppers recipe,assets/main.avif,assets/card.avif,not-included-see-readme
426,REC-CAND-0426,Chipotle Chicken with Tomatoes,chipotle chicken with tomatoes,Main Meal,Dinner,Uzbekistan,True,True,True,Chipotle Chicken with Tomatoes recipe,assets/main.avif,assets/card.avif,not-included-see-readme
427,REC-CAND-0427,Moroccan Tofu Tacos,moroccan tofu tacos,Main Meal,Lunch,United States,False,True,True,Moroccan Tofu Tacos recipe,assets/main.avif,assets/card.avif,not-included-see-readme
428,REC-CAND-0428,Buffalo Shrimp Rice Bowl,buffalo shrimp rice bowl,Main Meal,Lunch,Korea,False,True,True,Buffalo Shrimp Rice Bowl recipe,assets/main.avif,assets/card.avif,not-included-see-readme
429,REC-CAND-0429,Smoky Tempeh Tacos,smoky tempeh tacos,Main Meal,Lunch,Italy,False,True,True,Smoky Tempeh Tacos recipe,assets/main.avif,assets/card.avif,not-included-see-readme
430,REC-CAND-0430,Tofu Skillet,tofu skillet,Main Meal,Dinner,Botswana,True,True,True,Tofu Skillet recipe,assets/main.avif,assets/card.avif,not-included-see-readme
431,REC-CAND-0431,Japanese Lentil with Noodles,japanese lentil with noodles,Main Meal,Lunch,Italy,False,True,True,Japanese Lentil with Noodles recipe,assets/main.avif,assets/card.avif,not-included-see-readme
432,REC-CAND-0432,Chickpea Fried Rice,chickpea fried rice,Main Meal,Lunch,Peru,False,True,True,Chickpea Fried Rice recipe,assets/main.avif,assets/card.avif,not-included-see-readme
433,REC-CAND-0433,Korean Steak Baked Potatoes,korean steak baked potatoes,Main Meal,Dinner,Greece,False,True,True,Korean Steak Baked Potatoes recipe,assets/main.avif,assets/card.avif,not-included-see-readme
434,REC-CAND-0434,Cajun Salmon Pasta,cajun salmon pasta,Main Meal,Lunch,Japan,False,True,True,Cajun Salmon Pasta recipe,assets/main.avif,assets/card.avif,not-included-see-readme
435,REC-CAND-0435,American Lean Beef Tray Bake,american lean beef tray bake,Main Meal,Lunch,Philippines,False,True,True,American Lean Beef Tray Bake recipe,assets/main.avif,assets/card.avif,not-included-see-readme
436,REC-CAND-0436,Pesto Lentil Salad Bowl,pesto lentil salad bowl,Main Meal,Lunch,Spain,False,True,True,Pesto Lentil Salad Bowl recipe,assets/main.avif,assets/card.avif,not-included-see-readme
437,REC-CAND-0437,Roasted Egg Pasta,roasted egg pasta,Main Meal,Dinner,Korea,False,True,True,Roasted Egg Pasta recipe,assets/main.avif,assets/card.avif,not-included-see-readme
438,REC-CAND-0438,Lean Beef and Cauliflower Skillet,lean beef and cauliflower skillet,Main Meal,Lunch,Philippines,False,True,True,Lean Beef and Cauliflower Skillet recipe,assets/main.avif,assets/card.avif,not-included-see-readme
439,REC-CAND-0439,Balsamic Lean Beef Skillet,balsamic lean beef skillet,Main Meal,Lunch,China,False,True,True,Balsamic Lean Beef Skillet recipe,assets/main.avif,assets/card.avif,not-included-see-readme
440,REC-CAND-0440,Sheet Pan Black Bean and Spinach,sheet pan black bean and spinach,Main Meal,Lunch,Greece,False,True,True,Sheet Pan Black Bean and Spinach recipe,assets/main.avif,assets/card.avif,not-included-see-readme
441,REC-CAND-0441,French Cod Stir-Fry,french cod stir fry,Main Meal,Dinner,United States,False,True,True,French Cod Stir-Fry recipe,assets/main.avif,assets/card.avif,not-included-see-readme
442,REC-CAND-0442,Blackened Sausage Noodle Bowl,blackened sausage noodle bowl,Main Meal,Lunch,China,False,True,True,Blackened Sausage Noodle Bowl recipe,assets/main.avif,assets/card.avif,not-included-see-readme
443,REC-CAND-0443,Teriyaki Sausage with Broccoli,teriyaki sausage with broccoli,Main Meal,Dinner,Lebanon,True,True,True,Teriyaki Sausage with Broccoli recipe,assets/main.avif,assets/card.avif,not-included-see-readme
444,REC-CAND-0444,Sheet Pan Lean Beef and Bell Peppers,sheet pan lean beef and bell peppers,Main Meal,Dinner,Peru,False,True,True,Sheet Pan Lean Beef and Bell Peppers recipe,assets/main.avif,assets/card.avif,not-included-see-readme
445,REC-CAND-0445,Chipotle Salmon Casserole,chipotle salmon casserole,Main Meal,Lunch,Japan,False,True,True,Chipotle Salmon Casserole recipe,assets/main.avif,assets/card.avif,not-included-see-readme
446,REC-CAND-0446,Sheet Pan Turkey and Spinach,sheet pan turkey and spinach,Main Meal,Dinner,Jamaica,False,True,True,Sheet Pan Turkey and Spinach recipe,assets/main.avif,assets/card.avif,not-included-see-readme
447,REC-CAND-0447,Indian Sausage with Rice,indian sausage with rice,Main Meal,Lunch,China,False,True,True,Indian Sausage with Rice recipe,assets/main.avif,assets/card.avif,not-included-see-readme
448,REC-CAND-0448,Pork Tenderloin and Bell Peppers Orzo Skillet,pork tenderloin and bell peppers orzo skillet,Main Meal,Lunch,Greece,False,True,True,Pork Tenderloin and Bell Peppers Orzo Skillet recipe,assets/main.avif,assets/card.avif,not-included-see-readme
449,REC-CAND-0449,Cod Stir Fry Bowl,cod stir fry bowl,Main Meal,Dinner,China,False,True,True,Cod Stir Fry Bowl recipe,assets/main.avif,assets/card.avif,not-included-see-readme
450,REC-CAND-0450,Egg Burrito Bowl,egg burrito bowl,Main Meal,Lunch,China,False,True,True,Egg Burrito Bowl recipe,assets/main.avif,assets/card.avif,not-included-see-readme
451,REC-CAND-0451,Mediterranean Steak with Vegetables,mediterranean steak with vegetables,Main Meal,Dinner,Peru,False,True,True,Mediterranean Steak with Vegetables recipe,assets/main.avif,assets/card.avif,not-included-see-readme
452,REC-CAND-0452,Pesto Tempeh Chili,pesto tempeh chili,Main Meal,Dinner,Peru,False,True,True,Pesto Tempeh Chili recipe,assets/main.avif,assets/card.avif,not-included-see-readme
453,REC-CAND-0453,Garlic Tempeh Soup,garlic tempeh soup,Main Meal,Lunch,Brazil,False,True,True,Garlic Tempeh Soup recipe,assets/main.avif,assets/card.avif,not-included-see-readme
454,REC-CAND-0454,Tofu Stir Fry Bowl,tofu stir fry bowl,Main Meal,Lunch,Spain,False,True,True,Tofu Stir Fry Bowl recipe,assets/main.avif,assets/card.avif,not-included-see-readme
455,REC-CAND-0455,Crispy Egg Salad Bowl,crispy egg salad bowl,Main Meal,Dinner,Brazil,False,True,True,Crispy Egg Salad Bowl recipe,assets/main.avif,assets/card.avif,not-included-see-readme
456,REC-CAND-0456,French Salmon Rice Bowl,french salmon rice bowl,Main Meal,Lunch,Italy,False,True,True,French Salmon Rice Bowl recipe,assets/main.avif,assets/card.avif,not-included-see-readme
457,REC-CAND-0457,Roasted Tuna Wraps,roasted tuna wraps,Main Meal,Lunch,Thailand,False,True,True,Roasted Tuna Wraps recipe,assets/main.avif,assets/card.avif,not-included-see-readme
458,REC-CAND-0458,Chipotle Tuna Salad Bowl,chipotle tuna salad bowl,Main Meal,Lunch,China,False,True,True,Chipotle Tuna Salad Bowl recipe,assets/main.avif,assets/card.avif,not-included-see-readme
459,REC-CAND-0459,Garlic Shrimp Stew,garlic shrimp stew,Main Meal,Dinner,Brazil,False,True,True,Garlic Shrimp Stew recipe,assets/main.avif,assets/card.avif,not-included-see-readme
460,REC-CAND-0460,Japanese Lentil with Rice,japanese lentil with rice,Main Meal,Lunch,Japan,False,True,True,Japanese Lentil with Rice recipe,assets/main.avif,assets/card.avif,not-included-see-readme
461,REC-CAND-0461,Pesto Turkey with Cucumber,pesto turkey with cucumber,Main Meal,Lunch,Spain,False,True,True,Pesto Turkey with Cucumber recipe,assets/main.avif,assets/card.avif,not-included-see-readme
462,REC-CAND-0462,Crispy Cod Stew,crispy cod stew,Main Meal,Lunch,Thailand,False,True,True,Crispy Cod Stew recipe,assets/main.avif,assets/card.avif,not-included-see-readme
463,REC-CAND-0463,American Chicken with Noodles,american chicken with noodles,Main Meal,Dinner,China,False,True,True,American Chicken with Noodles recipe,assets/main.avif,assets/card.avif,not-included-see-readme
464,REC-CAND-0464,Thai Egg with Vegetables,thai egg with vegetables,Main Meal,Dinner,Brazil,False,True,True,Thai Egg with Vegetables recipe,assets/main.avif,assets/card.avif,not-included-see-readme
465,REC-CAND-0465,Sheet Pan Steak and Kale,sheet pan steak and kale,Main Meal,Dinner,India,False,True,True,Sheet Pan Steak and Kale recipe,assets/main.avif,assets/card.avif,not-included-see-readme
466,REC-CAND-0466,Greek Steak with Noodles,greek steak with noodles,Main Meal,Dinner,Ghana,True,True,True,Greek Steak with Noodles recipe,assets/main.avif,assets/card.avif,not-included-see-readme
467,REC-CAND-0467,Ginger Tofu with Cabbage,ginger tofu with cabbage,Main Meal,Lunch,Peru,False,True,True,Ginger Tofu with Cabbage recipe,assets/main.avif,assets/card.avif,not-included-see-readme
468,REC-CAND-0468,Buffalo Chickpea Skillet,buffalo chickpea skillet,Main Meal,Dinner,Spain,False,True,True,Buffalo Chickpea Skillet recipe,assets/main.avif,assets/card.avif,not-included-see-readme
469,REC-CAND-0469,Teriyaki Cod Stew,teriyaki cod stew,Main Meal,Lunch,France,False,True,True,Teriyaki Cod Stew recipe,assets/main.avif,assets/card.avif,not-included-see-readme
470,REC-CAND-0470,Japanese Salmon Grain Bowl,japanese salmon grain bowl,Main Meal,Lunch,Thailand,False,True,True,Japanese Salmon Grain Bowl recipe,assets/main.avif,assets/card.avif,not-included-see-readme
471,REC-CAND-0471,Sheet Pan Salmon and Zucchini,sheet pan salmon and zucchini,Main Meal,Dinner,Greece,False,True,True,Sheet Pan Salmon and Zucchini recipe,assets/main.avif,assets/card.avif,not-included-see-readme
472,REC-CAND-0472,American Tempeh with Quinoa,american tempeh with quinoa,Main Meal,Lunch,Brazil,False,True,True,American Tempeh with Quinoa recipe,assets/main.avif,assets/card.avif,not-included-see-readme
473,REC-CAND-0473,Sesame Turkey with Carrots,sesame turkey with carrots,Main Meal,Lunch,India,False,True,True,Sesame Turkey with Carrots recipe,assets/main.avif,assets/card.avif,not-included-see-readme
474,REC-CAND-0474,Tofu and Cucumber Stew,tofu and cucumber stew,Main Meal,Lunch,Italy,False,True,True,Tofu and Cucumber Stew recipe,assets/main.avif,assets/card.avif,not-included-see-readme
475,REC-CAND-0475,Lean Beef and Kale Baked Potatoes,lean beef and kale baked potatoes,Main Meal,Lunch,Korea,False,True,True,Lean Beef and Kale Baked Potatoes recipe,assets/main.avif,assets/card.avif,not-included-see-readme
476,REC-CAND-0476,Egg and Asparagus Curry,egg and asparagus curry,Main Meal,Lunch,France,False,True,True,Egg and Asparagus Curry recipe,assets/main.avif,assets/card.avif,not-included-see-readme
477,REC-CAND-0477,Lean Beef Curry Bowl,lean beef curry bowl,Main Meal,Dinner,China,False,True,True,Lean Beef Curry Bowl recipe,assets/main.avif,assets/card.avif,not-included-see-readme
478,REC-CAND-0478,Sheet Pan Chicken and Zucchini,sheet pan chicken and zucchini,Main Meal,Dinner,Senegal,True,True,True,Sheet Pan Chicken and Zucchini recipe,assets/main.avif,assets/card.avif,not-included-see-readme
479,REC-CAND-0479,Harissa Tuna with Kale,harissa tuna with kale,Main Meal,Dinner,Greece,False,True,True,Harissa Tuna with Kale recipe,assets/main.avif,assets/card.avif,not-included-see-readme
480,REC-CAND-0480,Pork Tenderloin Fried Rice,pork tenderloin fried rice,Main Meal,Lunch,Italy,False,True,True,Pork Tenderloin Fried Rice recipe,assets/main.avif,assets/card.avif,not-included-see-readme
481,REC-CAND-0481,Chinese Tofu Noodle Bowl,chinese tofu noodle bowl,Main Meal,Dinner,India,False,True,True,Chinese Tofu Noodle Bowl recipe,assets/main.avif,assets/card.avif,not-included-see-readme
482,REC-CAND-0482,Tomato Basil Pork Tenderloin with Green Beans,tomato basil pork tenderloin with green beans,Main Meal,Dinner,Italy,False,True,True,Tomato Basil Pork Tenderloin with Green Beans recipe,assets/main.avif,assets/card.avif,not-included-see-readme
483,REC-CAND-0483,Garlic Shrimp Chili,garlic shrimp chili,Main Meal,Lunch,France,False,True,True,Garlic Shrimp Chili recipe,assets/main.avif,assets/card.avif,not-included-see-readme
484,REC-CAND-0484,Mexican Turkey Orzo Skillet,mexican turkey orzo skillet,Main Meal,Dinner,Sri Lanka,True,True,True,Mexican Turkey Orzo Skillet recipe,assets/main.avif,assets/card.avif,not-included-see-readme
485,REC-CAND-0485,Steak and Carrots Grain Bowl,steak and carrots grain bowl,Main Meal,Lunch,Greece,False,True,True,Steak and Carrots Grain Bowl recipe,assets/main.avif,assets/card.avif,not-included-see-readme
486,REC-CAND-0486,Black Bean Pita Plate,black bean pita plate,Main Meal,Lunch,Philippines,False,True,True,Black Bean Pita Plate recipe,assets/main.avif,assets/card.avif,not-included-see-readme
487,REC-CAND-0487,Thai Sausage with Vegetables,thai sausage with vegetables,Main Meal,Dinner,Georgia,True,True,True,Thai Sausage with Vegetables recipe,assets/main.avif,assets/card.avif,not-included-see-readme
488,REC-CAND-0488,Tomato Basil Tofu Stew,tomato basil tofu stew,Main Meal,Dinner,Philippines,False,True,True,Tomato Basil Tofu Stew recipe,assets/main.avif,assets/card.avif,not-included-see-readme
489,REC-CAND-0489,Mexican Shrimp Rice Bowl,mexican shrimp rice bowl,Main Meal,Lunch,Peru,False,True,True,Mexican Shrimp Rice Bowl recipe,assets/main.avif,assets/card.avif,not-included-see-readme
490,REC-CAND-0490,Greek Sausage Tacos,greek sausage tacos,Main Meal,Lunch,Philippines,False,True,True,Greek Sausage Tacos recipe,assets/main.avif,assets/card.avif,not-included-see-readme
491,REC-CAND-0491,Ginger Shrimp Soup,ginger shrimp soup,Main Meal,Lunch,Mexico,False,True,True,Ginger Shrimp Soup recipe,assets/main.avif,assets/card.avif,not-included-see-readme
492,REC-CAND-0492,Spanish Tofu Tray Bake,spanish tofu tray bake,Main Meal,Lunch,Mexico,False,True,True,Spanish Tofu Tray Bake recipe,assets/main.avif,assets/card.avif,not-included-see-readme
493,REC-CAND-0493,Garlic Pork Tenderloin Salad Bowl,garlic pork tenderloin salad bowl,Main Meal,Lunch,Japan,False,True,True,Garlic Pork Tenderloin Salad Bowl recipe,assets/main.avif,assets/card.avif,not-included-see-readme
494,REC-CAND-0494,Tempeh Curry Bowl,tempeh curry bowl,Main Meal,Dinner,Japan,False,True,True,Tempeh Curry Bowl recipe,assets/main.avif,assets/card.avif,not-included-see-readme
495,REC-CAND-0495,Sesame Black Bean Tacos,sesame black bean tacos,Main Meal,Lunch,Brazil,False,True,True,Sesame Black Bean Tacos recipe,assets/main.avif,assets/card.avif,not-included-see-readme
496,REC-CAND-0496,Black Bean Pilaf Bowl,black bean pilaf bowl,Main Meal,Dinner,Italy,False,True,True,Black Bean Pilaf Bowl recipe,assets/main.avif,assets/card.avif,not-included-see-readme
497,REC-CAND-0497,Moroccan Chicken Noodle Bowl,moroccan chicken noodle bowl,Main Meal,Dinner,Peru,False,True,True,Moroccan Chicken Noodle Bowl recipe,assets/main.avif,assets/card.avif,not-included-see-readme
498,REC-CAND-0498,Sheet Pan Turkey and Kale,sheet pan turkey and kale,Main Meal,Lunch,United States,False,True,True,Sheet Pan Turkey and Kale recipe,assets/main.avif,assets/card.avif,not-included-see-readme
499,REC-CAND-0499,Pork Tenderloin and Broccoli Grain Bowl,pork tenderloin and broccoli grain bowl,Main Meal,Dinner,India,False,True,True,Pork Tenderloin and Broccoli Grain Bowl recipe,assets/main.avif,assets/card.avif,not-included-see-readme
500,REC-CAND-0500,Sesame Salmon with Green Beans,sesame salmon with green beans,Main Meal,Dinner,Lebanon,True,True,True,Sesame Salmon with Green Beans recipe,assets/main.avif,assets/card.avif,not-included-see-readme
501,REC-CAND-0501,Lemon Shrimp with Cauliflower,lemon shrimp with cauliflower,Main Meal,Dinner,Mexico,False,True,True,Lemon Shrimp with Cauliflower recipe,assets/main.avif,assets/card.avif,not-included-see-readme
502,REC-CAND-0502,Sheet Pan Egg and Carrots,sheet pan egg and carrots,Main Meal,Dinner,Mexico,False,True,True,Sheet Pan Egg and Carrots recipe,assets/main.avif,assets/card.avif,not-included-see-readme
503,REC-CAND-0503,Filipino Steak Noodle Bowl,filipino steak noodle bowl,Main Meal,Lunch,Tunisia,True,True,True,Filipino Steak Noodle Bowl recipe,assets/main.avif,assets/card.avif,not-included-see-readme
504,REC-CAND-0504,Buffalo Tofu Chili,buffalo tofu chili,Main Meal,Lunch,Korea,False,True,True,Buffalo Tofu Chili recipe,assets/main.avif,assets/card.avif,not-included-see-readme
505,REC-CAND-0505,Egg Pita Plate,egg pita plate,Main Meal,Dinner,Thailand,False,True,True,Egg Pita Plate recipe,assets/main.avif,assets/card.avif,not-included-see-readme
506,REC-CAND-0506,Sheet Pan Steak and Broccoli,sheet pan steak and broccoli,Main Meal,Dinner,Korea,False,True,True,Sheet Pan Steak and Broccoli recipe,assets/main.avif,assets/card.avif,not-included-see-readme
507,REC-CAND-0507,Balsamic Lentil Stew,balsamic lentil stew,Main Meal,Dinner,Brazil,False,True,True,Balsamic Lentil Stew recipe,assets/main.avif,assets/card.avif,not-included-see-readme
508,REC-CAND-0508,Thai Cod Casserole,thai cod casserole,Main Meal,Dinner,Peru,False,True,True,Thai Cod Casserole recipe,assets/main.avif,assets/card.avif,not-included-see-readme
509,REC-CAND-0509,Steak Pita Plate,steak pita plate,Main Meal,Dinner,Italy,False,True,True,Steak Pita Plate recipe,assets/main.avif,assets/card.avif,not-included-see-readme
510,REC-CAND-0510,Salmon and Corn Flatbread,salmon and corn flatbread,Main Meal,Dinner,Mexico,False,True,True,Salmon and Corn Flatbread recipe,assets/main.avif,assets/card.avif,not-included-see-readme
511,REC-CAND-0511,Tempeh Stuffed Sweet Potatoes,tempeh stuffed sweet potatoes,Main Meal,Dinner,Japan,False,True,True,Tempeh Stuffed Sweet Potatoes recipe,assets/main.avif,assets/card.avif,not-included-see-readme
512,REC-CAND-0512,Spanish Tofu Wraps,spanish tofu wraps,Main Meal,Lunch,Greece,False,True,True,Spanish Tofu Wraps recipe,assets/main.avif,assets/card.avif,not-included-see-readme
513,REC-CAND-0513,Tofu and Corn Tray Bake,tofu and corn tray bake,Main Meal,Dinner,India,False,True,True,Tofu and Corn Tray Bake recipe,assets/main.avif,assets/card.avif,not-included-see-readme
514,REC-CAND-0514,Lentil Pilaf Bowl,lentil pilaf bowl,Main Meal,Dinner,Spain,False,True,True,Lentil Pilaf Bowl recipe,assets/main.avif,assets/card.avif,not-included-see-readme
515,REC-CAND-0515,Chicken Taco Bowl,chicken taco bowl,Main Meal,Lunch,United States,False,True,True,Chicken Taco Bowl recipe,assets/main.avif,assets/card.avif,not-included-see-readme
516,REC-CAND-0516,French Cod with Potatoes,french cod with potatoes,Main Meal,Lunch,Brazil,False,True,True,French Cod with Potatoes recipe,assets/main.avif,assets/card.avif,not-included-see-readme
517,REC-CAND-0517,Teriyaki Tuna Soup,teriyaki tuna soup,Main Meal,Lunch,France,False,True,True,Teriyaki Tuna Soup recipe,assets/main.avif,assets/card.avif,not-included-see-readme
518,REC-CAND-0518,Jamaican Chickpea with Rice,jamaican chickpea with rice,Main Meal,Dinner,Peru,False,True,True,Jamaican Chickpea with Rice recipe,assets/main.avif,assets/card.avif,not-included-see-readme
519,REC-CAND-0519,Pesto Black Bean Skillet,pesto black bean skillet,Main Meal,Dinner,Philippines,False,True,True,Pesto Black Bean Skillet recipe,assets/main.avif,assets/card.avif,not-included-see-readme
520,REC-CAND-0520,Tuna and Carrots Wraps,tuna and carrots wraps,Main Meal,Lunch,Spain,False,True,True,Tuna and Carrots Wraps recipe,assets/main.avif,assets/card.avif,not-included-see-readme
521,REC-CAND-0521,Roasted Salmon Sweet Potato Hash,roasted salmon sweet potato hash,Main Meal,Breakfast,Albania,True,True,True,Roasted Salmon Sweet Potato Hash recipe,assets/main.avif,assets/card.avif,not-included-see-readme
522,REC-CAND-0522,Japanese Cod with Rice,japanese cod with rice,Main Meal,Dinner,Korea,False,True,True,Japanese Cod with Rice recipe,assets/main.avif,assets/card.avif,not-included-see-readme
523,REC-CAND-0523,Smoky Turkey Noodle Bowl,smoky turkey noodle bowl,Main Meal,Dinner,Jamaica,False,True,True,Smoky Turkey Noodle Bowl recipe,assets/main.avif,assets/card.avif,not-included-see-readme
524,REC-CAND-0524,Sesame Lentil with Cabbage,sesame lentil with cabbage,Main Meal,Lunch,Italy,False,True,True,Sesame Lentil with Cabbage recipe,assets/main.avif,assets/card.avif,not-included-see-readme
525,REC-CAND-0525,Salmon Burrito Bowl,salmon burrito bowl,Main Meal,Lunch,Korea,False,True,True,Salmon Burrito Bowl recipe,assets/main.avif,assets/card.avif,not-included-see-readme
526,REC-CAND-0526,Crispy Tempeh with Mushrooms,crispy tempeh with mushrooms,Main Meal,Dinner,Jamaica,False,True,True,Crispy Tempeh with Mushrooms recipe,assets/main.avif,assets/card.avif,not-included-see-readme
527,REC-CAND-0527,Balsamic Chicken with Carrots,balsamic chicken with carrots,Main Meal,Lunch,Peru,False,True,True,Balsamic Chicken with Carrots recipe,assets/main.avif,assets/card.avif,not-included-see-readme
528,REC-CAND-0528,Mediterranean Tempeh with Vegetables,mediterranean tempeh with vegetables,Main Meal,Dinner,Philippines,False,True,True,Mediterranean Tempeh with Vegetables recipe,assets/main.avif,assets/card.avif,not-included-see-readme
529,REC-CAND-0529,Garlic Lentil Soup,garlic lentil soup,Main Meal,Lunch,Japan,False,True,True,Garlic Lentil Soup recipe,assets/main.avif,assets/card.avif,not-included-see-readme
530,REC-CAND-0530,Japanese Lean Beef Noodle Bowl,japanese lean beef noodle bowl,Main Meal,Lunch,United States,False,True,True,Japanese Lean Beef Noodle Bowl recipe,assets/main.avif,assets/card.avif,not-included-see-readme
531,REC-CAND-0531,Mediterranean Tuna Rice Bowl,mediterranean tuna rice bowl,Main Meal,Lunch,Ghana,True,True,True,Mediterranean Tuna Rice Bowl recipe,assets/main.avif,assets/card.avif,not-included-see-readme
532,REC-CAND-0532,Spanish Chicken Salad Bowl,spanish chicken salad bowl,Main Meal,Lunch,Mexico,False,True,True,Spanish Chicken Salad Bowl recipe,assets/main.avif,assets/card.avif,not-included-see-readme
533,REC-CAND-0533,Roasted Cod with Tomatoes,roasted cod with tomatoes,Main Meal,Dinner,Croatia,True,True,True,Roasted Cod with Tomatoes recipe,assets/main.avif,assets/card.avif,not-included-see-readme
534,REC-CAND-0534,Sheet Pan Chickpea and Cauliflower,sheet pan chickpea and cauliflower,Main Meal,Dinner,Sri Lanka,True,True,True,Sheet Pan Chickpea and Cauliflower recipe,assets/main.avif,assets/card.avif,not-included-see-readme
535,REC-CAND-0535,Chicken Stuffed Peppers,chicken stuffed peppers,Main Meal,Lunch,Philippines,False,True,True,Chicken Stuffed Peppers recipe,assets/main.avif,assets/card.avif,not-included-see-readme
536,REC-CAND-0536,French Steak Stir-Fry,french steak stir fry,Main Meal,Dinner,Morocco,True,True,True,French Steak Stir-Fry recipe,assets/main.avif,assets/card.avif,not-included-see-readme
537,REC-CAND-0537,Moroccan Chickpea Wraps,moroccan chickpea wraps,Main Meal,Dinner,Italy,False,True,True,Moroccan Chickpea Wraps recipe,assets/main.avif,assets/card.avif,not-included-see-readme
538,REC-CAND-0538,Sheet Pan Tofu and Kale,sheet pan tofu and kale,Main Meal,Lunch,United States,False,True,True,Sheet Pan Tofu and Kale recipe,assets/main.avif,assets/card.avif,not-included-see-readme
539,REC-CAND-0539,Brazilian Turkey Tacos,brazilian turkey tacos,Main Meal,Lunch,Japan,False,True,True,Brazilian Turkey Tacos recipe,assets/main.avif,assets/card.avif,not-included-see-readme
540,REC-CAND-0540,Tuna and Bell Peppers Stew,tuna and bell peppers stew,Main Meal,Lunch,Italy,False,True,True,Tuna and Bell Peppers Stew recipe,assets/main.avif,assets/card.avif,not-included-see-readme
541,REC-CAND-0541,Greek Egg Grain Bowl,greek egg grain bowl,Main Meal,Lunch,Japan,False,True,True,Greek Egg Grain Bowl recipe,assets/main.avif,assets/card.avif,not-included-see-readme
542,REC-CAND-0542,Crispy Sausage with Bell Peppers,crispy sausage with bell peppers,Main Meal,Dinner,Mexico,False,True,True,Crispy Sausage with Bell Peppers recipe,assets/main.avif,assets/card.avif,not-included-see-readme
543,REC-CAND-0543,Buffalo Lean Beef Chili,buffalo lean beef chili,Main Meal,Dinner,France,False,True,True,Buffalo Lean Beef Chili recipe,assets/main.avif,assets/card.avif,not-included-see-readme
544,REC-CAND-0544,Sheet Pan Pork Tenderloin and Asparagus,sheet pan pork tenderloin and asparagus,Main Meal,Lunch,China,False,True,True,Sheet Pan Pork Tenderloin and Asparagus recipe,assets/main.avif,assets/card.avif,not-included-see-readme
545,REC-CAND-0545,Tempeh Pasta Bake,tempeh pasta bake,Main Meal,Dinner,Brazil,False,True,True,Tempeh Pasta Bake recipe,assets/main.avif,assets/card.avif,not-included-see-readme
546,REC-CAND-0546,Sheet Pan Tempeh and Carrots,sheet pan tempeh and carrots,Main Meal,Dinner,Jamaica,False,True,True,Sheet Pan Tempeh and Carrots recipe,assets/main.avif,assets/card.avif,not-included-see-readme
547,REC-CAND-0547,Greek Steak with Potatoes,greek steak with potatoes,Main Meal,Lunch,Peru,False,True,True,Greek Steak with Potatoes recipe,assets/main.avif,assets/card.avif,not-included-see-readme
548,REC-CAND-0548,Mexican Lean Beef Tacos,mexican lean beef tacos,Main Meal,Dinner,Brazil,False,True,True,Mexican Lean Beef Tacos recipe,assets/main.avif,assets/card.avif,not-included-see-readme
549,REC-CAND-0549,Peruvian Tuna Noodle Bowl,peruvian tuna noodle bowl,Main Meal,Lunch,Thailand,False,True,True,Peruvian Tuna Noodle Bowl recipe,assets/main.avif,assets/card.avif,not-included-see-readme
550,REC-CAND-0550,Chipotle Chickpea Salad Bowl,chipotle chickpea salad bowl,Main Meal,Lunch,India,False,True,True,Chipotle Chickpea Salad Bowl recipe,assets/main.avif,assets/card.avif,not-included-see-readme
551,REC-CAND-0551,Pesto Lentil with Kale,pesto lentil with kale,Main Meal,Lunch,Brazil,False,True,True,Pesto Lentil with Kale recipe,assets/main.avif,assets/card.avif,not-included-see-readme
552,REC-CAND-0552,Smoky Sausage Stew,smoky sausage stew,Main Meal,Dinner,Mexico,False,True,True,Smoky Sausage Stew recipe,assets/main.avif,assets/card.avif,not-included-see-readme
553,REC-CAND-0553,Sheet Pan Shrimp and Cabbage,sheet pan shrimp and cabbage,Main Meal,Dinner,China,False,True,True,Sheet Pan Shrimp and Cabbage recipe,assets/main.avif,assets/card.avif,not-included-see-readme
554,REC-CAND-0554,Spanish Turkey Flatbread,spanish turkey flatbread,Main Meal,Dinner,Brazil,False,True,True,Spanish Turkey Flatbread recipe,assets/main.avif,assets/card.avif,not-included-see-readme
555,REC-CAND-0555,Salmon Stuffed Peppers,salmon stuffed peppers,Main Meal,Dinner,India,False,True,True,Salmon Stuffed Peppers recipe,assets/main.avif,assets/card.avif,not-included-see-readme
556,REC-CAND-0556,Sheet Pan Shrimp and Green Beans,sheet pan shrimp and green beans,Main Meal,Dinner,Thailand,False,True,True,Sheet Pan Shrimp and Green Beans recipe,assets/main.avif,assets/card.avif,not-included-see-readme
557,REC-CAND-0557,Chicken and Carrots Sweet Potato Hash,chicken and carrots sweet potato hash,Main Meal,Breakfast,Greece,False,True,True,Chicken and Carrots Sweet Potato Hash recipe,assets/main.avif,assets/card.avif,not-included-see-readme
558,REC-CAND-0558,Cod and Bell Peppers Wraps,cod and bell peppers wraps,Main Meal,Lunch,Korea,False,True,True,Cod and Bell Peppers Wraps recipe,assets/main.avif,assets/card.avif,not-included-see-readme
559,REC-CAND-0559,Honey Soy Black Bean Casserole,honey soy black bean casserole,Main Meal,Lunch,Greece,False,True,True,Honey Soy Black Bean Casserole recipe,assets/main.avif,assets/card.avif,not-included-see-readme
560,REC-CAND-0560,Chicken Pita Plate,chicken pita plate,Main Meal,Lunch,Italy,False,True,True,Chicken Pita Plate recipe,assets/main.avif,assets/card.avif,not-included-see-readme
561,REC-CAND-0561,Turkey and Broccoli Flatbread,turkey and broccoli flatbread,Main Meal,Lunch,Japan,False,True,True,Turkey and Broccoli Flatbread recipe,assets/main.avif,assets/card.avif,not-included-see-readme
562,REC-CAND-0562,Mexican Chickpea with Rice,mexican chickpea with rice,Main Meal,Dinner,Greece,False,True,True,Mexican Chickpea with Rice recipe,assets/main.avif,assets/card.avif,not-included-see-readme
563,REC-CAND-0563,Sausage Stir Fry Bowl,sausage stir fry bowl,Main Meal,Lunch,Italy,False,True,True,Sausage Stir Fry Bowl recipe,assets/main.avif,assets/card.avif,not-included-see-readme
564,REC-CAND-0564,Honey Soy Chickpea Soup,honey soy chickpea soup,Main Meal,Dinner,Greece,False,True,True,Honey Soy Chickpea Soup recipe,assets/main.avif,assets/card.avif,not-included-see-readme
565,REC-CAND-0565,Steak Stuffed Peppers,steak stuffed peppers,Main Meal,Lunch,Peru,False,True,True,Steak Stuffed Peppers recipe,assets/main.avif,assets/card.avif,not-included-see-readme
566,REC-CAND-0566,Herbed Sausage Noodle Bowl,herbed sausage noodle bowl,Main Meal,Dinner,Peru,False,True,True,Herbed Sausage Noodle Bowl recipe,assets/main.avif,assets/card.avif,not-included-see-readme
567,REC-CAND-0567,Italian Black Bean Rice Bowl,italian black bean rice bowl,Main Meal,Dinner,Greece,False,True,True,Italian Black Bean Rice Bowl recipe,assets/main.avif,assets/card.avif,not-included-see-readme
568,REC-CAND-0568,Lentil and Cauliflower Flatbread,lentil and cauliflower flatbread,Main Meal,Dinner,Japan,False,True,True,Lentil and Cauliflower Flatbread recipe,assets/main.avif,assets/card.avif,not-included-see-readme
569,REC-CAND-0569,Peruvian Lean Beef with Potatoes,peruvian lean beef with potatoes,Main Meal,Lunch,United States,False,True,True,Peruvian Lean Beef with Potatoes recipe,assets/main.avif,assets/card.avif,not-included-see-readme
570,REC-CAND-0570,Blackened Steak with Cauliflower,blackened steak with cauliflower,Main Meal,Dinner,Philippines,False,True,True,Blackened Steak with Cauliflower recipe,assets/main.avif,assets/card.avif,not-included-see-readme
571,REC-CAND-0571,Caribbean Black Bean with Quinoa,caribbean black bean with quinoa,Main Meal,Lunch,Jamaica,False,True,True,Caribbean Black Bean with Quinoa recipe,assets/main.avif,assets/card.avif,not-included-see-readme
572,REC-CAND-0572,Caribbean Sausage Rice Bowl,caribbean sausage rice bowl,Main Meal,Dinner,Japan,False,True,True,Caribbean Sausage Rice Bowl recipe,assets/main.avif,assets/card.avif,not-included-see-readme
573,REC-CAND-0573,Korean Lentil Soup,korean lentil soup,Main Meal,Lunch,Philippines,False,True,True,Korean Lentil Soup recipe,assets/main.avif,assets/card.avif,not-included-see-readme
574,REC-CAND-0574,Balsamic Turkey Tacos,balsamic turkey tacos,Main Meal,Lunch,Jamaica,False,True,True,Balsamic Turkey Tacos recipe,assets/main.avif,assets/card.avif,not-included-see-readme
575,REC-CAND-0575,Filipino Sausage Casserole,filipino sausage casserole,Main Meal,Lunch,Japan,False,True,True,Filipino Sausage Casserole recipe,assets/main.avif,assets/card.avif,not-included-see-readme
576,REC-CAND-0576,Tofu and Asparagus Casserole,tofu and asparagus casserole,Main Meal,Dinner,Spain,False,True,True,Tofu and Asparagus Casserole recipe,assets/main.avif,assets/card.avif,not-included-see-readme
577,REC-CAND-0577,Buffalo Shrimp Casserole,buffalo shrimp casserole,Main Meal,Lunch,Korea,False,True,True,Buffalo Shrimp Casserole recipe,assets/main.avif,assets/card.avif,not-included-see-readme
578,REC-CAND-0578,Pesto Chickpea Flatbread,pesto chickpea flatbread,Main Meal,Lunch,Philippines,False,True,True,Pesto Chickpea Flatbread recipe,assets/main.avif,assets/card.avif,not-included-see-readme
579,REC-CAND-0579,Caribbean Tofu with Potatoes,caribbean tofu with potatoes,Main Meal,Lunch,France,False,True,True,Caribbean Tofu with Potatoes recipe,assets/main.avif,assets/card.avif,not-included-see-readme
580,REC-CAND-0580,Chickpea and Mushrooms Flatbread,chickpea and mushrooms flatbread,Main Meal,Lunch,China,False,True,True,Chickpea and Mushrooms Flatbread recipe,assets/main.avif,assets/card.avif,not-included-see-readme
581,REC-CAND-0581,French Lean Beef Sweet Potato Hash,french lean beef sweet potato hash,Main Meal,Breakfast,Croatia,True,True,True,French Lean Beef Sweet Potato Hash recipe,assets/main.avif,assets/card.avif,not-included-see-readme
582,REC-CAND-0582,Sesame Shrimp Salad Bowl,sesame shrimp salad bowl,Main Meal,Lunch,Brazil,False,True,True,Sesame Shrimp Salad Bowl recipe,assets/main.avif,assets/card.avif,not-included-see-readme
583,REC-CAND-0583,Sesame Steak with Cauliflower,sesame steak with cauliflower,Main Meal,Lunch,Spain,False,True,True,Sesame Steak with Cauliflower recipe,assets/main.avif,assets/card.avif,not-included-see-readme
584,REC-CAND-0584,Cajun Black Bean Tray Bake,cajun black bean tray bake,Main Meal,Dinner,Philippines,False,True,True,Cajun Black Bean Tray Bake recipe,assets/main.avif,assets/card.avif,not-included-see-readme
585,REC-CAND-0585,Balsamic Salmon with Green Beans,balsamic salmon with green beans,Main Meal,Dinner,Peru,False,True,True,Balsamic Salmon with Green Beans recipe,assets/main.avif,assets/card.avif,not-included-see-readme
586,REC-CAND-0586,Roasted Tuna with Zucchini,roasted tuna with zucchini,Main Meal,Dinner,Brazil,False,True,True,Roasted Tuna with Zucchini recipe,assets/main.avif,assets/card.avif,not-included-see-readme
587,REC-CAND-0587,Spicy Steak Pasta,spicy steak pasta,Main Meal,Lunch,Jamaica,False,True,True,Spicy Steak Pasta recipe,assets/main.avif,assets/card.avif,not-included-see-readme
588,REC-CAND-0588,Peruvian Black Bean Flatbread,peruvian black bean flatbread,Main Meal,Lunch,China,False,True,True,Peruvian Black Bean Flatbread recipe,assets/main.avif,assets/card.avif,not-included-see-readme
589,REC-CAND-0589,Coconut Steak Sweet Potato Hash,coconut steak sweet potato hash,Main Meal,Breakfast,United States,False,True,True,Coconut Steak Sweet Potato Hash recipe,assets/main.avif,assets/card.avif,not-included-see-readme
590,REC-CAND-0590,American Salmon with Quinoa,american salmon with quinoa,Main Meal,Dinner,France,False,True,True,American Salmon with Quinoa recipe,assets/main.avif,assets/card.avif,not-included-see-readme
591,REC-CAND-0591,Salmon Skillet,salmon skillet,Main Meal,Dinner,Jamaica,False,True,True,Salmon Skillet recipe,assets/main.avif,assets/card.avif,not-included-see-readme
592,REC-CAND-0592,Chickpea Stuffed Sweet Potatoes,chickpea stuffed sweet potatoes,Main Meal,Lunch,France,False,True,True,Chickpea Stuffed Sweet Potatoes recipe,assets/main.avif,assets/card.avif,not-included-see-readme
593,REC-CAND-0593,French Tempeh Noodle Bowl,french tempeh noodle bowl,Main Meal,Dinner,United States,False,True,True,French Tempeh Noodle Bowl recipe,assets/main.avif,assets/card.avif,not-included-see-readme
594,REC-CAND-0594,Thai Salmon with Quinoa,thai salmon with quinoa,Main Meal,Lunch,Brazil,False,True,True,Thai Salmon with Quinoa recipe,assets/main.avif,assets/card.avif,not-included-see-readme
595,REC-CAND-0595,Caribbean Tempeh Noodle Bowl,caribbean tempeh noodle bowl,Main Meal,Dinner,Peru,False,True,True,Caribbean Tempeh Noodle Bowl recipe,assets/main.avif,assets/card.avif,not-included-see-readme
596,REC-CAND-0596,Caribbean Salmon Rice Bowl,caribbean salmon rice bowl,Main Meal,Dinner,Jamaica,False,True,True,Caribbean Salmon Rice Bowl recipe,assets/main.avif,assets/card.avif,not-included-see-readme
597,REC-CAND-0597,Chickpea and Carrots Casserole,chickpea and carrots casserole,Main Meal,Lunch,Brazil,False,True,True,Chickpea and Carrots Casserole recipe,assets/main.avif,assets/card.avif,not-included-see-readme
598,REC-CAND-0598,Brazilian Black Bean Casserole,brazilian black bean casserole,Main Meal,Lunch,Mexico,False,True,True,Brazilian Black Bean Casserole recipe,assets/main.avif,assets/card.avif,not-included-see-readme
599,REC-CAND-0599,Spanish Shrimp with Noodles,spanish shrimp with noodles,Main Meal,Dinner,France,False,True,True,Spanish Shrimp with Noodles recipe,assets/main.avif,assets/card.avif,not-included-see-readme
600,REC-CAND-0600,Egg Taco Bowl,egg taco bowl,Main Meal,Lunch,Italy,False,True,True,Egg Taco Bowl recipe,assets/main.avif,assets/card.avif,not-included-see-readme
601,REC-CAND-0601,Shrimp and Zucchini Curry,shrimp and zucchini curry,Main Meal,Lunch,China,False,True,True,Shrimp and Zucchini Curry recipe,assets/main.avif,assets/card.avif,not-included-see-readme
602,REC-CAND-0602,Spicy Lean Beef Baked Potatoes,spicy lean beef baked potatoes,Main Meal,Dinner,Jamaica,False,True,True,Spicy Lean Beef Baked Potatoes recipe,assets/main.avif,assets/card.avif,not-included-see-readme
603,REC-CAND-0603,Lean Beef and Tomatoes Orzo Skillet,lean beef and tomatoes orzo skillet,Main Meal,Dinner,Mexico,False,True,True,Lean Beef and Tomatoes Orzo Skillet recipe,assets/main.avif,assets/card.avif,not-included-see-readme
604,REC-CAND-0604,Shrimp and Carrots Chili,shrimp and carrots chili,Main Meal,Lunch,Italy,False,True,True,Shrimp and Carrots Chili recipe,assets/main.avif,assets/card.avif,not-included-see-readme
605,REC-CAND-0605,Garlic Turkey Casserole,garlic turkey casserole,Main Meal,Dinner,Brazil,False,True,True,Garlic Turkey Casserole recipe,assets/main.avif,assets/card.avif,not-included-see-readme
606,REC-CAND-0606,Sheet Pan Black Bean and Mushrooms,sheet pan black bean and mushrooms,Main Meal,Lunch,Thailand,False,True,True,Sheet Pan Black Bean and Mushrooms recipe,assets/main.avif,assets/card.avif,not-included-see-readme
607,REC-CAND-0607,Caribbean Egg with Potatoes,caribbean egg with potatoes,Main Meal,Lunch,Japan,False,True,True,Caribbean Egg with Potatoes recipe,assets/main.avif,assets/card.avif,not-included-see-readme
608,REC-CAND-0608,French Pork Tenderloin Tacos,french pork tenderloin tacos,Main Meal,Dinner,Romania,True,True,True,French Pork Tenderloin Tacos recipe,assets/main.avif,assets/card.avif,not-included-see-readme
609,REC-CAND-0609,Filipino Tofu with Vegetables,filipino tofu with vegetables,Main Meal,Lunch,Greece,False,True,True,Filipino Tofu with Vegetables recipe,assets/main.avif,assets/card.avif,not-included-see-readme
610,REC-CAND-0610,Indian Chickpea Soup,indian chickpea soup,Main Meal,Lunch,China,False,True,True,Indian Chickpea Soup recipe,assets/main.avif,assets/card.avif,not-included-see-readme
611,REC-CAND-0611,Peruvian Cod with Quinoa,peruvian cod with quinoa,Main Meal,Lunch,Greece,False,True,True,Peruvian Cod with Quinoa recipe,assets/main.avif,assets/card.avif,not-included-see-readme
612,REC-CAND-0612,Roasted Pork Tenderloin Salad Bowl,roasted pork tenderloin salad bowl,Main Meal,Dinner,Nepal,True,True,True,Roasted Pork Tenderloin Salad Bowl recipe,assets/main.avif,assets/card.avif,not-included-see-readme
613,REC-CAND-0613,Sausage and Broccoli Wraps,sausage and broccoli wraps,Main Meal,Lunch,United States,False,True,True,Sausage and Broccoli Wraps recipe,assets/main.avif,assets/card.avif,not-included-see-readme
614,REC-CAND-0614,Roasted Steak Soup,roasted steak soup,Main Meal,Lunch,Greece,False,True,True,Roasted Steak Soup recipe,assets/main.avif,assets/card.avif,not-included-see-readme
615,REC-CAND-0615,Italian Lentil Salad Bowl,italian lentil salad bowl,Main Meal,Lunch,Brazil,False,True,True,Italian Lentil Salad Bowl recipe,assets/main.avif,assets/card.avif,not-included-see-readme
616,REC-CAND-0616,Lemon Cod Stew,lemon cod stew,Main Meal,Dinner,Greece,False,True,True,Lemon Cod Stew recipe,assets/main.avif,assets/card.avif,not-included-see-readme
617,REC-CAND-0617,Pesto Chicken Stew,pesto chicken stew,Main Meal,Lunch,Philippines,False,True,True,Pesto Chicken Stew recipe,assets/main.avif,assets/card.avif,not-included-see-readme
618,REC-CAND-0618,Crispy Egg with Kale,crispy egg with kale,Main Meal,Dinner,Mongolia,True,True,True,Crispy Egg with Kale recipe,assets/main.avif,assets/card.avif,not-included-see-readme
619,REC-CAND-0619,Italian Tempeh Noodle Bowl,italian tempeh noodle bowl,Main Meal,Dinner,Mexico,False,True,True,Italian Tempeh Noodle Bowl recipe,assets/main.avif,assets/card.avif,not-included-see-readme
620,REC-CAND-0620,Sesame Tofu with Broccoli,sesame tofu with broccoli,Main Meal,Lunch,Mexico,False,True,True,Sesame Tofu with Broccoli recipe,assets/main.avif,assets/card.avif,not-included-see-readme
621,REC-CAND-0621,Japanese Tempeh with Vegetables,japanese tempeh with vegetables,Main Meal,Dinner,Mexico,False,True,True,Japanese Tempeh with Vegetables recipe,assets/main.avif,assets/card.avif,not-included-see-readme
622,REC-CAND-0622,Korean Turkey Tacos,korean turkey tacos,Main Meal,Dinner,Italy,False,True,True,Korean Turkey Tacos recipe,assets/main.avif,assets/card.avif,not-included-see-readme
623,REC-CAND-0623,Honey Soy Tempeh Stew,honey soy tempeh stew,Main Meal,Dinner,United States,False,True,True,Honey Soy Tempeh Stew recipe,assets/main.avif,assets/card.avif,not-included-see-readme
624,REC-CAND-0624,Chipotle Pork Tenderloin Salad Bowl,chipotle pork tenderloin salad bowl,Main Meal,Dinner,Japan,False,True,True,Chipotle Pork Tenderloin Salad Bowl recipe,assets/main.avif,assets/card.avif,not-included-see-readme
625,REC-CAND-0625,Crispy Salmon Chili,crispy salmon chili,Main Meal,Lunch,Brazil,False,True,True,Crispy Salmon Chili recipe,assets/main.avif,assets/card.avif,not-included-see-readme
626,REC-CAND-0626,French Pork Tenderloin with Vegetables,french pork tenderloin with vegetables,Main Meal,Dinner,Korea,False,True,False,French Pork Tenderloin with Vegetables recipe,assets/main.avif,assets/card.avif,not-included-see-readme
627,REC-CAND-0627,Sheet Pan Chickpea and Tomatoes,sheet pan chickpea and tomatoes,Main Meal,Lunch,Jamaica,False,True,False,Sheet Pan Chickpea and Tomatoes recipe,assets/main.avif,assets/card.avif,not-included-see-readme
628,REC-CAND-0628,Brazilian Lean Beef Rice Bowl,brazilian lean beef rice bowl,Main Meal,Lunch,Jamaica,False,True,False,Brazilian Lean Beef Rice Bowl recipe,assets/main.avif,assets/card.avif,not-included-see-readme
629,REC-CAND-0629,Spicy Lean Beef Quinoa Bowl,spicy lean beef quinoa bowl,Main Meal,Lunch,Greece,False,True,False,Spicy Lean Beef Quinoa Bowl recipe,assets/main.avif,assets/card.avif,not-included-see-readme
630,REC-CAND-0630,Tuna Skillet,tuna skillet,Main Meal,Dinner,Thailand,False,True,False,Tuna Skillet recipe,assets/main.avif,assets/card.avif,not-included-see-readme
631,REC-CAND-0631,Lemon Lentil with Broccoli,lemon lentil with broccoli,Main Meal,Dinner,Spain,False,True,False,Lemon Lentil with Broccoli recipe,assets/main.avif,assets/card.avif,not-included-see-readme
632,REC-CAND-0632,Italian Cod Sweet Potato Hash,italian cod sweet potato hash,Main Meal,Breakfast,Brazil,False,True,False,Italian Cod Sweet Potato Hash recipe,assets/main.avif,assets/card.avif,not-included-see-readme
633,REC-CAND-0633,Jamaican Lean Beef Wraps,jamaican lean beef wraps,Main Meal,Lunch,Philippines,False,True,False,Jamaican Lean Beef Wraps recipe,assets/main.avif,assets/card.avif,not-included-see-readme
634,REC-CAND-0634,Balsamic Chickpea with Cabbage,balsamic chickpea with cabbage,Main Meal,Lunch,France,False,True,False,Balsamic Chickpea with Cabbage recipe,assets/main.avif,assets/card.avif,not-included-see-readme
635,REC-CAND-0635,Balsamic Black Bean Casserole,balsamic black bean casserole,Main Meal,Lunch,Peru,False,True,False,Balsamic Black Bean Casserole recipe,assets/main.avif,assets/card.avif,not-included-see-readme
636,REC-CAND-0636,Sheet Pan Salmon and Cabbage,sheet pan salmon and cabbage,Main Meal,Lunch,Spain,False,True,False,Sheet Pan Salmon and Cabbage recipe,assets/main.avif,assets/card.avif,not-included-see-readme
637,REC-CAND-0637,Chipotle Black Bean with Tomatoes,chipotle black bean with tomatoes,Main Meal,Lunch,France,False,True,False,Chipotle Black Bean with Tomatoes recipe,assets/main.avif,assets/card.avif,not-included-see-readme
638,REC-CAND-0638,Tofu and Cabbage Casserole,tofu and cabbage casserole,Main Meal,Dinner,Peru,False,True,False,Tofu and Cabbage Casserole recipe,assets/main.avif,assets/card.avif,not-included-see-readme
639,REC-CAND-0639,Sheet Pan Tofu and Cucumber,sheet pan tofu and cucumber,Main Meal,Dinner,United States,False,True,False,Sheet Pan Tofu and Cucumber recipe,assets/main.avif,assets/card.avif,not-included-see-readme
640,REC-CAND-0640,Sheet Pan Pork Tenderloin and Carrots,sheet pan pork tenderloin and carrots,Main Meal,Lunch,Italy,False,True,False,Sheet Pan Pork Tenderloin and Carrots recipe,assets/main.avif,assets/card.avif,not-included-see-readme
641,REC-CAND-0641,Indian Lentil with Noodles,indian lentil with noodles,Main Meal,Dinner,Mexico,False,True,False,Indian Lentil with Noodles recipe,assets/main.avif,assets/card.avif,not-included-see-readme
642,REC-CAND-0642,Blackened Tuna Stew,blackened tuna stew,Main Meal,Lunch,Thailand,False,True,False,Blackened Tuna Stew recipe,assets/main.avif,assets/card.avif,not-included-see-readme
643,REC-CAND-0643,Buffalo Tofu Quinoa Bowl,buffalo tofu quinoa bowl,Main Meal,Dinner,Peru,False,True,False,Buffalo Tofu Quinoa Bowl recipe,assets/main.avif,assets/card.avif,not-included-see-readme
644,REC-CAND-0644,Chipotle Black Bean with Cucumber,chipotle black bean with cucumber,Main Meal,Lunch,Philippines,False,True,False,Chipotle Black Bean with Cucumber recipe,assets/main.avif,assets/card.avif,not-included-see-readme
645,REC-CAND-0645,Sheet Pan Turkey and Broccoli,sheet pan turkey and broccoli,Main Meal,Lunch,India,False,True,False,Sheet Pan Turkey and Broccoli recipe,assets/main.avif,assets/card.avif,not-included-see-readme
646,REC-CAND-0646,Shrimp Curry Bowl,shrimp curry bowl,Main Meal,Lunch,Jamaica,False,True,False,Shrimp Curry Bowl recipe,assets/main.avif,assets/card.avif,not-included-see-readme
647,REC-CAND-0647,Black Bean and Bell Peppers Stir-Fry,black bean and bell peppers stir fry,Main Meal,Lunch,Korea,False,True,False,Black Bean and Bell Peppers Stir-Fry recipe,assets/main.avif,assets/card.avif,not-included-see-readme
648,REC-CAND-0648,Brazilian Turkey Grain Bowl,brazilian turkey grain bowl,Main Meal,Dinner,China,False,True,False,Brazilian Turkey Grain Bowl recipe,assets/main.avif,assets/card.avif,not-included-see-readme
649,REC-CAND-0649,Smoky Pork Tenderloin Casserole,smoky pork tenderloin casserole,Main Meal,Lunch,Spain,False,True,False,Smoky Pork Tenderloin Casserole recipe,assets/main.avif,assets/card.avif,not-included-see-readme
650,REC-CAND-0650,Shrimp Pasta Bake,shrimp pasta bake,Main Meal,Lunch,Spain,False,True,False,Shrimp Pasta Bake recipe,assets/main.avif,assets/card.avif,not-included-see-readme
651,REC-CAND-0651,Spicy Black Bean with Green Beans,spicy black bean with green beans,Main Meal,Dinner,Korea,False,True,False,Spicy Black Bean with Green Beans recipe,assets/main.avif,assets/card.avif,not-included-see-readme
652,REC-CAND-0652,Chicken Pilaf Bowl,chicken pilaf bowl,Main Meal,Lunch,France,False,True,False,Chicken Pilaf Bowl recipe,assets/main.avif,assets/card.avif,not-included-see-readme
653,REC-CAND-0653,Steak and Tomatoes Quinoa Bowl,steak and tomatoes quinoa bowl,Main Meal,Dinner,Brazil,False,True,False,Steak and Tomatoes Quinoa Bowl recipe,assets/main.avif,assets/card.avif,not-included-see-readme
654,REC-CAND-0654,Peruvian Tuna with Vegetables,peruvian tuna with vegetables,Main Meal,Lunch,Thailand,False,True,False,Peruvian Tuna with Vegetables recipe,assets/main.avif,assets/card.avif,not-included-see-readme
655,REC-CAND-0655,Jamaican Chickpea with Potatoes,jamaican chickpea with potatoes,Main Meal,Dinner,Albania,True,True,False,Jamaican Chickpea with Potatoes recipe,assets/main.avif,assets/card.avif,not-included-see-readme
656,REC-CAND-0656,Crispy Cod Quinoa Bowl,crispy cod quinoa bowl,Main Meal,Dinner,Mexico,False,True,False,Crispy Cod Quinoa Bowl recipe,assets/main.avif,assets/card.avif,not-included-see-readme
657,REC-CAND-0657,Lentil Taco Bowl,lentil taco bowl,Main Meal,Lunch,China,False,True,False,Lentil Taco Bowl recipe,assets/main.avif,assets/card.avif,not-included-see-readme
658,REC-CAND-0658,Sausage and Spinach Casserole,sausage and spinach casserole,Main Meal,Dinner,Greece,False,True,False,Sausage and Spinach Casserole recipe,assets/main.avif,assets/card.avif,not-included-see-readme
659,REC-CAND-0659,Indian Chicken with Noodles,indian chicken with noodles,Main Meal,Dinner,Thailand,False,True,False,Indian Chicken with Noodles recipe,assets/main.avif,assets/card.avif,not-included-see-readme
660,REC-CAND-0660,Ginger Turkey Curry,ginger turkey curry,Main Meal,Dinner,India,False,True,False,Ginger Turkey Curry recipe,assets/main.avif,assets/card.avif,not-included-see-readme
661,REC-CAND-0661,Pork Tenderloin and Kale Skillet,pork tenderloin and kale skillet,Main Meal,Dinner,Mexico,False,True,False,Pork Tenderloin and Kale Skillet recipe,assets/main.avif,assets/card.avif,not-included-see-readme
662,REC-CAND-0662,Shrimp and Tomatoes Stew,shrimp and tomatoes stew,Main Meal,Dinner,Tunisia,True,True,False,Shrimp and Tomatoes Stew recipe,assets/main.avif,assets/card.avif,not-included-see-readme
663,REC-CAND-0663,Buffalo Tempeh with Bell Peppers,buffalo tempeh with bell peppers,Main Meal,Lunch,Spain,False,True,False,Buffalo Tempeh with Bell Peppers recipe,assets/main.avif,assets/card.avif,not-included-see-readme
664,REC-CAND-0664,French Tuna Wraps,french tuna wraps,Main Meal,Lunch,China,False,True,False,French Tuna Wraps recipe,assets/main.avif,assets/card.avif,not-included-see-readme
665,REC-CAND-0665,Greek Salmon Tacos,greek salmon tacos,Main Meal,Dinner,Italy,False,True,False,Greek Salmon Tacos recipe,assets/main.avif,assets/card.avif,not-included-see-readme
666,REC-CAND-0666,Filipino Chicken with Quinoa,filipino chicken with quinoa,Main Meal,Dinner,Philippines,False,True,False,Filipino Chicken with Quinoa recipe,assets/main.avif,assets/card.avif,not-included-see-readme
667,REC-CAND-0667,Smoky Tuna Orzo Skillet,smoky tuna orzo skillet,Main Meal,Dinner,Jamaica,False,True,False,Smoky Tuna Orzo Skillet recipe,assets/main.avif,assets/card.avif,not-included-see-readme
668,REC-CAND-0668,Salmon and Carrots Soup,salmon and carrots soup,Main Meal,Lunch,Mongolia,True,True,False,Salmon and Carrots Soup recipe,assets/main.avif,assets/card.avif,not-included-see-readme
669,REC-CAND-0669,Cajun Egg Chili,cajun egg chili,Main Meal,Dinner,France,False,True,False,Cajun Egg Chili recipe,assets/main.avif,assets/card.avif,not-included-see-readme
670,REC-CAND-0670,Cajun Chickpea Casserole,cajun chickpea casserole,Main Meal,Lunch,India,False,True,False,Cajun Chickpea Casserole recipe,assets/main.avif,assets/card.avif,not-included-see-readme
671,REC-CAND-0671,Indian Egg Rice Bowl,indian egg rice bowl,Main Meal,Lunch,Armenia,True,True,False,Indian Egg Rice Bowl recipe,assets/main.avif,assets/card.avif,not-included-see-readme
672,REC-CAND-0672,Italian Chickpea with Quinoa,italian chickpea with quinoa,Main Meal,Dinner,China,False,True,False,Italian Chickpea with Quinoa recipe,assets/main.avif,assets/card.avif,not-included-see-readme
673,REC-CAND-0673,Egg Stuffed Peppers,egg stuffed peppers,Main Meal,Lunch,Philippines,False,True,False,Egg Stuffed Peppers recipe,assets/main.avif,assets/card.avif,not-included-see-readme
674,REC-CAND-0674,Egg and Spinach Pasta,egg and spinach pasta,Main Meal,Lunch,Jamaica,False,True,False,Egg and Spinach Pasta recipe,assets/main.avif,assets/card.avif,not-included-see-readme
675,REC-CAND-0675,Black Bean and Broccoli Skillet,black bean and broccoli skillet,Main Meal,Lunch,Thailand,False,True,False,Black Bean and Broccoli Skillet recipe,assets/main.avif,assets/card.avif,not-included-see-readme
676,REC-CAND-0676,Lean Beef and Corn Curry,lean beef and corn curry,Main Meal,Lunch,Philippines,False,True,False,Lean Beef and Corn Curry recipe,assets/main.avif,assets/card.avif,not-included-see-readme
677,REC-CAND-0677,Caribbean Steak Rice Bowl,caribbean steak rice bowl,Main Meal,Lunch,Philippines,False,True,False,Caribbean Steak Rice Bowl recipe,assets/main.avif,assets/card.avif,not-included-see-readme
678,REC-CAND-0678,Filipino Salmon with Quinoa,filipino salmon with quinoa,Main Meal,Lunch,Japan,False,True,False,Filipino Salmon with Quinoa recipe,assets/main.avif,assets/card.avif,not-included-see-readme
679,REC-CAND-0679,Mexican Pork Tenderloin with Rice,mexican pork tenderloin with rice,Main Meal,Dinner,Thailand,False,True,False,Mexican Pork Tenderloin with Rice recipe,assets/main.avif,assets/card.avif,not-included-see-readme
680,REC-CAND-0680,Sesame Chicken with Zucchini,sesame chicken with zucchini,Main Meal,Dinner,France,False,True,False,Sesame Chicken with Zucchini recipe,assets/main.avif,assets/card.avif,not-included-see-readme
681,REC-CAND-0681,Black Bean Stuffed Peppers,black bean stuffed peppers,Main Meal,Dinner,Greece,False,True,False,Black Bean Stuffed Peppers recipe,assets/main.avif,assets/card.avif,not-included-see-readme
682,REC-CAND-0682,Buffalo Tuna Quinoa Bowl,buffalo tuna quinoa bowl,Main Meal,Dinner,Spain,False,True,False,Buffalo Tuna Quinoa Bowl recipe,assets/main.avif,assets/card.avif,not-included-see-readme
683,REC-CAND-0683,French Pork Tenderloin Quinoa Bowl,french pork tenderloin quinoa bowl,Main Meal,Lunch,United States,False,True,False,French Pork Tenderloin Quinoa Bowl recipe,assets/main.avif,assets/card.avif,not-included-see-readme
684,REC-CAND-0684,Salmon Pita Plate,salmon pita plate,Main Meal,Lunch,Jamaica,False,True,False,Salmon Pita Plate recipe,assets/main.avif,assets/card.avif,not-included-see-readme
685,REC-CAND-0685,Greek Lentil with Noodles,greek lentil with noodles,Main Meal,Dinner,Korea,False,True,False,Greek Lentil with Noodles recipe,assets/main.avif,assets/card.avif,not-included-see-readme
686,REC-CAND-0686,Herbed Black Bean Stew,herbed black bean stew,Main Meal,Dinner,Mexico,False,True,False,Herbed Black Bean Stew recipe,assets/main.avif,assets/card.avif,not-included-see-readme
687,REC-CAND-0687,Cajun Black Bean with Corn,cajun black bean with corn,Main Meal,Lunch,France,False,True,False,Cajun Black Bean with Corn recipe,assets/main.avif,assets/card.avif,not-included-see-readme
688,REC-CAND-0688,Lean Beef Fried Rice,lean beef fried rice,Main Meal,Dinner,Japan,False,True,False,Lean Beef Fried Rice recipe,assets/main.avif,assets/card.avif,not-included-see-readme
689,REC-CAND-0689,Sausage and Carrots Sweet Potato Hash,sausage and carrots sweet potato hash,Main Meal,Breakfast,Peru,False,True,False,Sausage and Carrots Sweet Potato Hash recipe,assets/main.avif,assets/card.avif,not-included-see-readme
690,REC-CAND-0690,Thai Shrimp Stir-Fry,thai shrimp stir fry,Main Meal,Dinner,United States,False,True,False,Thai Shrimp Stir-Fry recipe,assets/main.avif,assets/card.avif,not-included-see-readme
691,REC-CAND-0691,Spicy Tuna Casserole,spicy tuna casserole,Main Meal,Dinner,Korea,False,True,False,Spicy Tuna Casserole recipe,assets/main.avif,assets/card.avif,not-included-see-readme
692,REC-CAND-0692,Thai Tuna with Noodles,thai tuna with noodles,Main Meal,Lunch,Jamaica,False,True,False,Thai Tuna with Noodles recipe,assets/main.avif,assets/card.avif,not-included-see-readme
693,REC-CAND-0693,Teriyaki Tofu Sweet Potato Hash,teriyaki tofu sweet potato hash,Main Meal,Breakfast,Mexico,False,True,False,Teriyaki Tofu Sweet Potato Hash recipe,assets/main.avif,assets/card.avif,not-included-see-readme
694,REC-CAND-0694,Tempeh and Cucumber Soup,tempeh and cucumber soup,Main Meal,Dinner,Greece,False,True,False,Tempeh and Cucumber Soup recipe,assets/main.avif,assets/card.avif,not-included-see-readme
695,REC-CAND-0695,Sausage and Kale Baked Potatoes,sausage and kale baked potatoes,Main Meal,Lunch,Thailand,False,True,False,Sausage and Kale Baked Potatoes recipe,assets/main.avif,assets/card.avif,not-included-see-readme
696,REC-CAND-0696,Coconut Tempeh Salad Bowl,coconut tempeh salad bowl,Main Meal,Dinner,Brazil,False,True,False,Coconut Tempeh Salad Bowl recipe,assets/main.avif,assets/card.avif,not-included-see-readme
697,REC-CAND-0697,Blackened Tempeh with Broccoli,blackened tempeh with broccoli,Main Meal,Dinner,France,False,True,False,Blackened Tempeh with Broccoli recipe,assets/main.avif,assets/card.avif,not-included-see-readme
698,REC-CAND-0698,Chipotle Lean Beef Noodle Bowl,chipotle lean beef noodle bowl,Main Meal,Dinner,Korea,False,True,False,Chipotle Lean Beef Noodle Bowl recipe,assets/main.avif,assets/card.avif,not-included-see-readme
699,REC-CAND-0699,American Tempeh Quinoa Bowl,american tempeh quinoa bowl,Main Meal,Lunch,Thailand,False,True,False,American Tempeh Quinoa Bowl recipe,assets/main.avif,assets/card.avif,not-included-see-readme
700,REC-CAND-0700,Thai Egg with Potatoes,thai egg with potatoes,Main Meal,Dinner,Mexico,False,True,False,Thai Egg with Potatoes recipe,assets/main.avif,assets/card.avif,not-included-see-readme
701,REC-CAND-0701,Lemon Tuna Pasta,lemon tuna pasta,Main Meal,Dinner,Jamaica,False,True,False,Lemon Tuna Pasta recipe,assets/main.avif,assets/card.avif,not-included-see-readme
702,REC-CAND-0702,Spanish Pork Tenderloin Flatbread,spanish pork tenderloin flatbread,Main Meal,Dinner,Jamaica,False,True,False,Spanish Pork Tenderloin Flatbread recipe,assets/main.avif,assets/card.avif,not-included-see-readme
703,REC-CAND-0703,Smoky Steak Sweet Potato Hash,smoky steak sweet potato hash,Main Meal,Breakfast,Thailand,False,True,False,Smoky Steak Sweet Potato Hash recipe,assets/main.avif,assets/card.avif,not-included-see-readme
704,REC-CAND-0704,Jamaican Turkey with Rice,jamaican turkey with rice,Main Meal,Dinner,France,False,True,False,Jamaican Turkey with Rice recipe,assets/main.avif,assets/card.avif,not-included-see-readme
705,REC-CAND-0705,Thai Tempeh with Vegetables,thai tempeh with vegetables,Main Meal,Dinner,Korea,False,True,False,Thai Tempeh with Vegetables recipe,assets/main.avif,assets/card.avif,not-included-see-readme
706,REC-CAND-0706,Japanese Cod Noodle Bowl,japanese cod noodle bowl,Main Meal,Lunch,United States,False,True,False,Japanese Cod Noodle Bowl recipe,assets/main.avif,assets/card.avif,not-included-see-readme
707,REC-CAND-0707,Lentil and Mushrooms Grain Bowl,lentil and mushrooms grain bowl,Main Meal,Dinner,Egypt,True,True,False,Lentil and Mushrooms Grain Bowl recipe,assets/main.avif,assets/card.avif,not-included-see-readme
708,REC-CAND-0708,Coconut Turkey Noodle Bowl,coconut turkey noodle bowl,Main Meal,Dinner,Mexico,False,True,False,Coconut Turkey Noodle Bowl recipe,assets/main.avif,assets/card.avif,not-included-see-readme
709,REC-CAND-0709,Lean Beef Pita Plate,lean beef pita plate,Main Meal,Dinner,Afghanistan,True,True,False,Lean Beef Pita Plate recipe,assets/main.avif,assets/card.avif,not-included-see-readme
710,REC-CAND-0710,Buffalo Lentil with Cucumber,buffalo lentil with cucumber,Main Meal,Lunch,Philippines,False,True,False,Buffalo Lentil with Cucumber recipe,assets/main.avif,assets/card.avif,not-included-see-readme
711,REC-CAND-0711,Coconut Pork Tenderloin Chili,coconut pork tenderloin chili,Main Meal,Dinner,Spain,False,True,False,Coconut Pork Tenderloin Chili recipe,assets/main.avif,assets/card.avif,not-included-see-readme
712,REC-CAND-0712,Sheet Pan Chickpea and Asparagus,sheet pan chickpea and asparagus,Main Meal,Dinner,Ethiopia,True,True,False,Sheet Pan Chickpea and Asparagus recipe,assets/main.avif,assets/card.avif,not-included-see-readme
713,REC-CAND-0713,Garlic Lean Beef Casserole,garlic lean beef casserole,Main Meal,Lunch,Brazil,False,True,False,Garlic Lean Beef Casserole recipe,assets/main.avif,assets/card.avif,not-included-see-readme
714,REC-CAND-0714,Korean Lentil Casserole,korean lentil casserole,Main Meal,Lunch,China,False,True,False,Korean Lentil Casserole recipe,assets/main.avif,assets/card.avif,not-included-see-readme
715,REC-CAND-0715,Shrimp Burrito Bowl,shrimp burrito bowl,Main Meal,Lunch,Korea,False,True,False,Shrimp Burrito Bowl recipe,assets/main.avif,assets/card.avif,not-included-see-readme
716,REC-CAND-0716,Blackened Black Bean with Cabbage,blackened black bean with cabbage,Main Meal,Lunch,Italy,False,True,False,Blackened Black Bean with Cabbage recipe,assets/main.avif,assets/card.avif,not-included-see-readme
717,REC-CAND-0717,Chinese Sausage Tacos,chinese sausage tacos,Main Meal,Dinner,Brazil,False,True,False,Chinese Sausage Tacos recipe,assets/main.avif,assets/card.avif,not-included-see-readme
718,REC-CAND-0718,Greek Tofu Soup,greek tofu soup,Main Meal,Dinner,Croatia,True,True,False,Greek Tofu Soup recipe,assets/main.avif,assets/card.avif,not-included-see-readme
719,REC-CAND-0719,Sausage and Zucchini Quinoa Bowl,sausage and zucchini quinoa bowl,Main Meal,Lunch,Peru,False,True,False,Sausage and Zucchini Quinoa Bowl recipe,assets/main.avif,assets/card.avif,not-included-see-readme
720,REC-CAND-0720,Tuna Fried Rice,tuna fried rice,Main Meal,Dinner,Peru,False,True,False,Tuna Fried Rice recipe,assets/main.avif,assets/card.avif,not-included-see-readme
721,REC-CAND-0721,Mexican Lean Beef Rice Bowl,mexican lean beef rice bowl,Main Meal,Lunch,Brazil,False,True,False,Mexican Lean Beef Rice Bowl recipe,assets/main.avif,assets/card.avif,not-included-see-readme
722,REC-CAND-0722,Teriyaki Turkey Tray Bake,teriyaki turkey tray bake,Main Meal,Dinner,Philippines,False,True,False,Teriyaki Turkey Tray Bake recipe,assets/main.avif,assets/card.avif,not-included-see-readme
723,REC-CAND-0723,Tofu Pilaf Bowl,tofu pilaf bowl,Main Meal,Dinner,Spain,False,True,False,Tofu Pilaf Bowl recipe,assets/main.avif,assets/card.avif,not-included-see-readme
724,REC-CAND-0724,Pesto Chickpea with Cabbage,pesto chickpea with cabbage,Main Meal,Lunch,Spain,False,True,False,Pesto Chickpea with Cabbage recipe,assets/main.avif,assets/card.avif,not-included-see-readme
725,REC-CAND-0725,Sheet Pan Pork Tenderloin and Cauliflower,sheet pan pork tenderloin and cauliflower,Main Meal,Dinner,Brazil,False,True,False,Sheet Pan Pork Tenderloin and Cauliflower recipe,assets/main.avif,assets/card.avif,not-included-see-readme
726,REC-CAND-0726,Korean Tofu Noodle Bowl,korean tofu noodle bowl,Main Meal,Lunch,Spain,False,True,False,Korean Tofu Noodle Bowl recipe,assets/main.avif,assets/card.avif,not-included-see-readme
727,REC-CAND-0727,Sausage and Spinach Stew,sausage and spinach stew,Main Meal,Dinner,Tunisia,True,True,False,Sausage and Spinach Stew recipe,assets/main.avif,assets/card.avif,not-included-see-readme
728,REC-CAND-0728,Japanese Black Bean Rice Bowl,japanese black bean rice bowl,Main Meal,Dinner,India,False,True,False,Japanese Black Bean Rice Bowl recipe,assets/main.avif,assets/card.avif,not-included-see-readme
729,REC-CAND-0729,Lentil Stuffed Peppers,lentil stuffed peppers,Main Meal,Dinner,France,False,True,False,Lentil Stuffed Peppers recipe,assets/main.avif,assets/card.avif,not-included-see-readme
730,REC-CAND-0730,Sheet Pan Cod and Tomatoes,sheet pan cod and tomatoes,Main Meal,Lunch,United States,False,True,False,Sheet Pan Cod and Tomatoes recipe,assets/main.avif,assets/card.avif,not-included-see-readme
731,REC-CAND-0731,Blackened Sausage Soup,blackened sausage soup,Main Meal,Dinner,Italy,False,True,False,Blackened Sausage Soup recipe,assets/main.avif,assets/card.avif,not-included-see-readme
732,REC-CAND-0732,Coconut Lean Beef Soup,coconut lean beef soup,Main Meal,Dinner,Spain,False,True,False,Coconut Lean Beef Soup recipe,assets/main.avif,assets/card.avif,not-included-see-readme
733,REC-CAND-0733,Buffalo Turkey Skillet,buffalo turkey skillet,Main Meal,Dinner,Thailand,False,True,False,Buffalo Turkey Skillet recipe,assets/main.avif,assets/card.avif,not-included-see-readme
734,REC-CAND-0734,Sheet Pan Sausage and Cauliflower,sheet pan sausage and cauliflower,Main Meal,Dinner,Jamaica,False,True,False,Sheet Pan Sausage and Cauliflower recipe,assets/main.avif,assets/card.avif,not-included-see-readme
735,REC-CAND-0735,Italian Salmon with Vegetables,italian salmon with vegetables,Main Meal,Dinner,United States,False,True,False,Italian Salmon with Vegetables recipe,assets/main.avif,assets/card.avif,not-included-see-readme
736,REC-CAND-0736,Jamaican Lean Beef with Noodles,jamaican lean beef with noodles,Main Meal,Dinner,Italy,False,True,False,Jamaican Lean Beef with Noodles recipe,assets/main.avif,assets/card.avif,not-included-see-readme
737,REC-CAND-0737,Cod and Tomatoes Rice Bowl,cod and tomatoes rice bowl,Main Meal,Lunch,Peru,False,True,False,Cod and Tomatoes Rice Bowl recipe,assets/main.avif,assets/card.avif,not-included-see-readme
738,REC-CAND-0738,Coconut Lentil with Asparagus,coconut lentil with asparagus,Main Meal,Lunch,Thailand,False,True,False,Coconut Lentil with Asparagus recipe,assets/main.avif,assets/card.avif,not-included-see-readme
739,REC-CAND-0739,Turkey Stuffed Sweet Potatoes,turkey stuffed sweet potatoes,Main Meal,Dinner,Brazil,False,True,False,Turkey Stuffed Sweet Potatoes recipe,assets/main.avif,assets/card.avif,not-included-see-readme
740,REC-CAND-0740,Chickpea and Corn Chili,chickpea and corn chili,Main Meal,Dinner,Greece,False,True,False,Chickpea and Corn Chili recipe,assets/main.avif,assets/card.avif,not-included-see-readme
741,REC-CAND-0741,Lemon Cod Casserole,lemon cod casserole,Main Meal,Dinner,Armenia,True,True,False,Lemon Cod Casserole recipe,assets/main.avif,assets/card.avif,not-included-see-readme
742,REC-CAND-0742,Brazilian Shrimp with Potatoes,brazilian shrimp with potatoes,Main Meal,Dinner,India,False,True,False,Brazilian Shrimp with Potatoes recipe,assets/main.avif,assets/card.avif,not-included-see-readme
743,REC-CAND-0743,Steak Stir Fry Bowl,steak stir fry bowl,Main Meal,Dinner,Peru,False,True,False,Steak Stir Fry Bowl recipe,assets/main.avif,assets/card.avif,not-included-see-readme
744,REC-CAND-0744,Tuna and Kale Sweet Potato Hash,tuna and kale sweet potato hash,Main Meal,Breakfast,Georgia,True,True,False,Tuna and Kale Sweet Potato Hash recipe,assets/main.avif,assets/card.avif,not-included-see-readme
745,REC-CAND-0745,Indian Egg with Noodles,indian egg with noodles,Main Meal,Lunch,Greece,False,True,False,Indian Egg with Noodles recipe,assets/main.avif,assets/card.avif,not-included-see-readme
746,REC-CAND-0746,Thai Lean Beef Quinoa Bowl,thai lean beef quinoa bowl,Main Meal,Lunch,Philippines,False,True,False,Thai Lean Beef Quinoa Bowl recipe,assets/main.avif,assets/card.avif,not-included-see-readme
747,REC-CAND-0747,Pork Tenderloin and Spinach Soup,pork tenderloin and spinach soup,Main Meal,Dinner,Japan,False,True,False,Pork Tenderloin and Spinach Soup recipe,assets/main.avif,assets/card.avif,not-included-see-readme
748,REC-CAND-0748,Lean Beef Skillet,lean beef skillet,Main Meal,Dinner,Peru,False,True,False,Lean Beef Skillet recipe,assets/main.avif,assets/card.avif,not-included-see-readme
749,REC-CAND-0749,Ginger Salmon Pasta,ginger salmon pasta,Main Meal,Dinner,China,False,True,False,Ginger Salmon Pasta recipe,assets/main.avif,assets/card.avif,not-included-see-readme
750,REC-CAND-0750,Chickpea and Spinach Tacos,chickpea and spinach tacos,Main Meal,Dinner,India,False,True,False,Chickpea and Spinach Tacos recipe,assets/main.avif,assets/card.avif,not-included-see-readme
751,REC-CAND-0751,Crispy Steak Salad Bowl,crispy steak salad bowl,Main Meal,Lunch,Mexico,False,False,False,Crispy Steak Salad Bowl recipe,assets/main.avif,assets/card.avif,not-included-see-readme
752,REC-CAND-0752,Cod and Carrots Salad Bowl,cod and carrots salad bowl,Main Meal,Lunch,Spain,False,False,False,Cod and Carrots Salad Bowl recipe,assets/main.avif,assets/card.avif,not-included-see-readme
753,REC-CAND-0753,Herbed Shrimp Soup,herbed shrimp soup,Main Meal,Dinner,Nigeria,True,False,False,Herbed Shrimp Soup recipe,assets/main.avif,assets/card.avif,not-included-see-readme
754,REC-CAND-0754,Italian Tofu Soup,italian tofu soup,Main Meal,Dinner,Korea,False,False,False,Italian Tofu Soup recipe,assets/main.avif,assets/card.avif,not-included-see-readme
755,REC-CAND-0755,Thai Egg Tacos,thai egg tacos,Main Meal,Lunch,China,False,False,False,Thai Egg Tacos recipe,assets/main.avif,assets/card.avif,not-included-see-readme
756,REC-CAND-0756,Caribbean Chickpea Orzo Skillet,caribbean chickpea orzo skillet,Main Meal,Dinner,Peru,False,False,False,Caribbean Chickpea Orzo Skillet recipe,assets/main.avif,assets/card.avif,not-included-see-readme
757,REC-CAND-0757,Pork Tenderloin Stuffed Sweet Potatoes,pork tenderloin stuffed sweet potatoes,Main Meal,Dinner,Thailand,False,False,False,Pork Tenderloin Stuffed Sweet Potatoes recipe,assets/main.avif,assets/card.avif,not-included-see-readme
758,REC-CAND-0758,Herbed Tofu Soup,herbed tofu soup,Main Meal,Dinner,United States,False,False,False,Herbed Tofu Soup recipe,assets/main.avif,assets/card.avif,not-included-see-readme
759,REC-CAND-0759,Lemon Tempeh with Spinach,lemon tempeh with spinach,Main Meal,Dinner,Jamaica,False,False,False,Lemon Tempeh with Spinach recipe,assets/main.avif,assets/card.avif,not-included-see-readme
760,REC-CAND-0760,Balsamic Pork Tenderloin Flatbread,balsamic pork tenderloin flatbread,Main Meal,Lunch,Philippines,False,False,False,Balsamic Pork Tenderloin Flatbread recipe,assets/main.avif,assets/card.avif,not-included-see-readme
761,REC-CAND-0761,Chicken and Zucchini Baked Potatoes,chicken and zucchini baked potatoes,Main Meal,Lunch,United States,False,False,False,Chicken and Zucchini Baked Potatoes recipe,assets/main.avif,assets/card.avif,not-included-see-readme
762,REC-CAND-0762,Tofu and Tomatoes Orzo Skillet,tofu and tomatoes orzo skillet,Main Meal,Lunch,Brazil,False,False,False,Tofu and Tomatoes Orzo Skillet recipe,assets/main.avif,assets/card.avif,not-included-see-readme
763,REC-CAND-0763,Spicy Steak with Spinach,spicy steak with spinach,Main Meal,Dinner,China,False,False,False,Spicy Steak with Spinach recipe,assets/main.avif,assets/card.avif,not-included-see-readme
764,REC-CAND-0764,Sheet Pan Tempeh and Bell Peppers,sheet pan tempeh and bell peppers,Main Meal,Lunch,Brazil,False,False,False,Sheet Pan Tempeh and Bell Peppers recipe,assets/main.avif,assets/card.avif,not-included-see-readme
765,REC-CAND-0765,Greek Salmon with Potatoes,greek salmon with potatoes,Main Meal,Dinner,Jamaica,False,False,False,Greek Salmon with Potatoes recipe,assets/main.avif,assets/card.avif,not-included-see-readme
766,REC-CAND-0766,Roasted Lentil with Carrots,roasted lentil with carrots,Main Meal,Lunch,Croatia,True,False,False,Roasted Lentil with Carrots recipe,assets/main.avif,assets/card.avif,not-included-see-readme
767,REC-CAND-0767,Steak and Asparagus Casserole,steak and asparagus casserole,Main Meal,Dinner,United States,False,False,False,Steak and Asparagus Casserole recipe,assets/main.avif,assets/card.avif,not-included-see-readme
768,REC-CAND-0768,Chicken Fried Rice,chicken fried rice,Main Meal,Dinner,China,False,False,False,Chicken Fried Rice recipe,assets/main.avif,assets/card.avif,not-included-see-readme
769,REC-CAND-0769,Smoky Tuna Casserole,smoky tuna casserole,Main Meal,Lunch,Greece,False,False,False,Smoky Tuna Casserole recipe,assets/main.avif,assets/card.avif,not-included-see-readme
770,REC-CAND-0770,Teriyaki Lentil with Cabbage,teriyaki lentil with cabbage,Main Meal,Lunch,Greece,False,False,False,Teriyaki Lentil with Cabbage recipe,assets/main.avif,assets/card.avif,not-included-see-readme
771,REC-CAND-0771,Caribbean Steak Noodle Bowl,caribbean steak noodle bowl,Main Meal,Dinner,Greece,False,False,False,Caribbean Steak Noodle Bowl recipe,assets/main.avif,assets/card.avif,not-included-see-readme
772,REC-CAND-0772,Cod and Spinach Quinoa Bowl,cod and spinach quinoa bowl,Main Meal,Dinner,Spain,False,False,False,Cod and Spinach Quinoa Bowl recipe,assets/main.avif,assets/card.avif,not-included-see-readme
773,REC-CAND-0773,Crispy Black Bean Soup,crispy black bean soup,Main Meal,Lunch,Mexico,False,False,False,Crispy Black Bean Soup recipe,assets/main.avif,assets/card.avif,not-included-see-readme
774,REC-CAND-0774,Mexican Salmon Tacos,mexican salmon tacos,Main Meal,Lunch,Mexico,False,False,False,Mexican Salmon Tacos recipe,assets/main.avif,assets/card.avif,not-included-see-readme
775,REC-CAND-0775,Sheet Pan Tempeh and Corn,sheet pan tempeh and corn,Main Meal,Lunch,Greece,False,False,False,Sheet Pan Tempeh and Corn recipe,assets/main.avif,assets/card.avif,not-included-see-readme
776,REC-CAND-0776,Shrimp Taco Bowl,shrimp taco bowl,Main Meal,Lunch,China,False,False,False,Shrimp Taco Bowl recipe,assets/main.avif,assets/card.avif,not-included-see-readme
777,REC-CAND-0777,Egg and Green Beans Tacos,egg and green beans tacos,Main Meal,Lunch,Lebanon,True,False,False,Egg and Green Beans Tacos recipe,assets/main.avif,assets/card.avif,not-included-see-readme
778,REC-CAND-0778,Chipotle Cod Wraps,chipotle cod wraps,Main Meal,Lunch,Philippines,False,False,False,Chipotle Cod Wraps recipe,assets/main.avif,assets/card.avif,not-included-see-readme
779,REC-CAND-0779,Shrimp Stuffed Sweet Potatoes,shrimp stuffed sweet potatoes,Main Meal,Lunch,France,False,False,False,Shrimp Stuffed Sweet Potatoes recipe,assets/main.avif,assets/card.avif,not-included-see-readme
780,REC-CAND-0780,Herbed Black Bean with Cucumber,herbed black bean with cucumber,Main Meal,Dinner,France,False,False,False,Herbed Black Bean with Cucumber recipe,assets/main.avif,assets/card.avif,not-included-see-readme
781,REC-CAND-0781,Coconut Cod with Corn,coconut cod with corn,Main Meal,Dinner,Greece,False,False,False,Coconut Cod with Corn recipe,assets/main.avif,assets/card.avif,not-included-see-readme
782,REC-CAND-0782,Tomato Basil Shrimp Flatbread,tomato basil shrimp flatbread,Main Meal,Lunch,China,False,False,False,Tomato Basil Shrimp Flatbread recipe,assets/main.avif,assets/card.avif,not-included-see-readme
783,REC-CAND-0783,Italian Sausage Rice Bowl,italian sausage rice bowl,Main Meal,Lunch,Thailand,False,False,False,Italian Sausage Rice Bowl recipe,assets/main.avif,assets/card.avif,not-included-see-readme
784,REC-CAND-0784,Coconut Sausage Chili,coconut sausage chili,Main Meal,Dinner,Philippines,False,False,False,Coconut Sausage Chili recipe,assets/main.avif,assets/card.avif,not-included-see-readme
785,REC-CAND-0785,French Pork Tenderloin Tray Bake,french pork tenderloin tray bake,Main Meal,Dinner,United States,False,False,False,French Pork Tenderloin Tray Bake recipe,assets/main.avif,assets/card.avif,not-included-see-readme
786,REC-CAND-0786,Teriyaki Salmon Stew,teriyaki salmon stew,Main Meal,Dinner,Brazil,False,False,False,Teriyaki Salmon Stew recipe,assets/main.avif,assets/card.avif,not-included-see-readme
787,REC-CAND-0787,Mexican Lentil Salad Bowl,mexican lentil salad bowl,Main Meal,Dinner,China,False,False,False,Mexican Lentil Salad Bowl recipe,assets/main.avif,assets/card.avif,not-included-see-readme
788,REC-CAND-0788,Filipino Turkey with Vegetables,filipino turkey with vegetables,Main Meal,Lunch,India,False,False,False,Filipino Turkey with Vegetables recipe,assets/main.avif,assets/card.avif,not-included-see-readme
789,REC-CAND-0789,Sheet Pan Tempeh and Kale,sheet pan tempeh and kale,Main Meal,Lunch,Peru,False,False,False,Sheet Pan Tempeh and Kale recipe,assets/main.avif,assets/card.avif,not-included-see-readme
790,REC-CAND-0790,Spicy Chickpea Tray Bake,spicy chickpea tray bake,Main Meal,Dinner,Korea,False,False,False,Spicy Chickpea Tray Bake recipe,assets/main.avif,assets/card.avif,not-included-see-readme
791,REC-CAND-0791,Balsamic Steak with Asparagus,balsamic steak with asparagus,Main Meal,Dinner,Korea,False,False,False,Balsamic Steak with Asparagus recipe,assets/main.avif,assets/card.avif,not-included-see-readme
792,REC-CAND-0792,Jamaican Sausage Sweet Potato Hash,jamaican sausage sweet potato hash,Main Meal,Breakfast,Thailand,False,False,False,Jamaican Sausage Sweet Potato Hash recipe,assets/main.avif,assets/card.avif,not-included-see-readme
793,REC-CAND-0793,Caribbean Tofu Salad Bowl,caribbean tofu salad bowl,Main Meal,Dinner,Greece,False,False,False,Caribbean Tofu Salad Bowl recipe,assets/main.avif,assets/card.avif,not-included-see-readme
794,REC-CAND-0794,Japanese Lean Beef Soup,japanese lean beef soup,Main Meal,Lunch,Mexico,False,False,False,Japanese Lean Beef Soup recipe,assets/main.avif,assets/card.avif,not-included-see-readme
795,REC-CAND-0795,Ginger Steak with Bell Peppers,ginger steak with bell peppers,Main Meal,Lunch,India,False,False,False,Ginger Steak with Bell Peppers recipe,assets/main.avif,assets/card.avif,not-included-see-readme
796,REC-CAND-0796,Sheet Pan Black Bean and Carrots,sheet pan black bean and carrots,Main Meal,Dinner,China,False,False,False,Sheet Pan Black Bean and Carrots recipe,assets/main.avif,assets/card.avif,not-included-see-readme
797,REC-CAND-0797,Garlic Tofu with Broccoli,garlic tofu with broccoli,Main Meal,Dinner,Brazil,False,False,False,Garlic Tofu with Broccoli recipe,assets/main.avif,assets/card.avif,not-included-see-readme
798,REC-CAND-0798,Moroccan Tempeh Noodle Bowl,moroccan tempeh noodle bowl,Main Meal,Dinner,Thailand,False,False,False,Moroccan Tempeh Noodle Bowl recipe,assets/main.avif,assets/card.avif,not-included-see-readme
799,REC-CAND-0799,Japanese Pork Tenderloin with Potatoes,japanese pork tenderloin with potatoes,Main Meal,Dinner,Thailand,False,False,False,Japanese Pork Tenderloin with Potatoes recipe,assets/main.avif,assets/card.avif,not-included-see-readme
800,REC-CAND-0800,Teriyaki Turkey Stew,teriyaki turkey stew,Main Meal,Lunch,France,False,False,False,Teriyaki Turkey Stew recipe,assets/main.avif,assets/card.avif,not-included-see-readme
801,REC-CAND-0801,Tofu and Cucumber Tacos,tofu and cucumber tacos,Main Meal,Lunch,Italy,False,False,False,Tofu and Cucumber Tacos recipe,assets/main.avif,assets/card.avif,not-included-see-readme
802,REC-CAND-0802,Sheet Pan Turkey and Bell Peppers,sheet pan turkey and bell peppers,Main Meal,Lunch,Thailand,False,False,False,Sheet Pan Turkey and Bell Peppers recipe,assets/main.avif,assets/card.avif,not-included-see-readme
803,REC-CAND-0803,Balsamic Tofu Stew,balsamic tofu stew,Main Meal,Dinner,Thailand,False,False,False,Balsamic Tofu Stew recipe,assets/main.avif,assets/card.avif,not-included-see-readme
804,REC-CAND-0804,Jamaican Chicken with Quinoa,jamaican chicken with quinoa,Main Meal,Dinner,Peru,False,False,False,Jamaican Chicken with Quinoa recipe,assets/main.avif,assets/card.avif,not-included-see-readme
805,REC-CAND-0805,Chinese Pork Tenderloin Flatbread,chinese pork tenderloin flatbread,Main Meal,Dinner,Philippines,False,False,False,Chinese Pork Tenderloin Flatbread recipe,assets/main.avif,assets/card.avif,not-included-see-readme
806,REC-CAND-0806,Lemon Pork Tenderloin Grain Bowl,lemon pork tenderloin grain bowl,Main Meal,Lunch,China,False,False,False,Lemon Pork Tenderloin Grain Bowl recipe,assets/main.avif,assets/card.avif,not-included-see-readme
807,REC-CAND-0807,Lentil Stuffed Sweet Potatoes,lentil stuffed sweet potatoes,Main Meal,Lunch,France,False,False,False,Lentil Stuffed Sweet Potatoes recipe,assets/main.avif,assets/card.avif,not-included-see-readme
808,REC-CAND-0808,Ginger Tuna Soup,ginger tuna soup,Main Meal,Dinner,India,False,False,False,Ginger Tuna Soup recipe,assets/main.avif,assets/card.avif,not-included-see-readme
809,REC-CAND-0809,Sheet Pan Sausage and Broccoli,sheet pan sausage and broccoli,Main Meal,Lunch,China,False,False,False,Sheet Pan Sausage and Broccoli recipe,assets/main.avif,assets/card.avif,not-included-see-readme
810,REC-CAND-0810,Caribbean Lentil with Noodles,caribbean lentil with noodles,Main Meal,Dinner,Korea,False,False,False,Caribbean Lentil with Noodles recipe,assets/main.avif,assets/card.avif,not-included-see-readme
811,REC-CAND-0811,Moroccan Tuna Flatbread,moroccan tuna flatbread,Main Meal,Dinner,Mexico,False,False,False,Moroccan Tuna Flatbread recipe,assets/main.avif,assets/card.avif,not-included-see-readme
812,REC-CAND-0812,Chicken and Cauliflower Stew,chicken and cauliflower stew,Main Meal,Dinner,India,False,False,False,Chicken and Cauliflower Stew recipe,assets/main.avif,assets/card.avif,not-included-see-readme
813,REC-CAND-0813,French Turkey Rice Bowl,french turkey rice bowl,Main Meal,Lunch,Greece,False,False,False,French Turkey Rice Bowl recipe,assets/main.avif,assets/card.avif,not-included-see-readme
814,REC-CAND-0814,Garlic Pork Tenderloin Soup,garlic pork tenderloin soup,Main Meal,Dinner,Croatia,True,False,False,Garlic Pork Tenderloin Soup recipe,assets/main.avif,assets/card.avif,not-included-see-readme
815,REC-CAND-0815,Indian Salmon Baked Potatoes,indian salmon baked potatoes,Main Meal,Dinner,Jamaica,False,False,False,Indian Salmon Baked Potatoes recipe,assets/main.avif,assets/card.avif,not-included-see-readme
816,REC-CAND-0816,Sesame Lean Beef Salad Bowl,sesame lean beef salad bowl,Main Meal,Dinner,China,False,False,False,Sesame Lean Beef Salad Bowl recipe,assets/main.avif,assets/card.avif,not-included-see-readme
817,REC-CAND-0817,Sheet Pan Salmon and Bell Peppers,sheet pan salmon and bell peppers,Main Meal,Lunch,Thailand,False,False,False,Sheet Pan Salmon and Bell Peppers recipe,assets/main.avif,assets/card.avif,not-included-see-readme
818,REC-CAND-0818,French Turkey Stir-Fry,french turkey stir fry,Main Meal,Lunch,India,False,False,False,French Turkey Stir-Fry recipe,assets/main.avif,assets/card.avif,not-included-see-readme
819,REC-CAND-0819,Sheet Pan Steak and Cabbage,sheet pan steak and cabbage,Main Meal,Dinner,Brazil,False,False,False,Sheet Pan Steak and Cabbage recipe,assets/main.avif,assets/card.avif,not-included-see-readme
820,REC-CAND-0820,Cod Fried Rice,cod fried rice,Main Meal,Lunch,Brazil,False,False,False,Cod Fried Rice recipe,assets/main.avif,assets/card.avif,not-included-see-readme
821,REC-CAND-0821,Garlic Pork Tenderloin Casserole,garlic pork tenderloin casserole,Main Meal,Lunch,Korea,False,False,False,Garlic Pork Tenderloin Casserole recipe,assets/main.avif,assets/card.avif,not-included-see-readme
822,REC-CAND-0822,Spicy Tuna with Zucchini,spicy tuna with zucchini,Main Meal,Lunch,Jamaica,False,False,False,Spicy Tuna with Zucchini recipe,assets/main.avif,assets/card.avif,not-included-see-readme
823,REC-CAND-0823,Egg and Cucumber Pasta,egg and cucumber pasta,Main Meal,Lunch,Peru,False,False,False,Egg and Cucumber Pasta recipe,assets/main.avif,assets/card.avif,not-included-see-readme
824,REC-CAND-0824,Sesame Lentil Salad Bowl,sesame lentil salad bowl,Main Meal,Dinner,India,False,False,False,Sesame Lentil Salad Bowl recipe,assets/main.avif,assets/card.avif,not-included-see-readme
825,REC-CAND-0825,Tofu and Zucchini Rice Bowl,tofu and zucchini rice bowl,Main Meal,Lunch,Brazil,False,False,False,Tofu and Zucchini Rice Bowl recipe,assets/main.avif,assets/card.avif,not-included-see-readme
826,REC-CAND-0826,Thai Tofu Noodle Bowl,thai tofu noodle bowl,Main Meal,Lunch,China,False,False,False,Thai Tofu Noodle Bowl recipe,assets/main.avif,assets/card.avif,not-included-see-readme
827,REC-CAND-0827,Herbed Chicken with Broccoli,herbed chicken with broccoli,Main Meal,Lunch,Croatia,True,False,False,Herbed Chicken with Broccoli recipe,assets/main.avif,assets/card.avif,not-included-see-readme
828,REC-CAND-0828,Harissa Turkey Baked Potatoes,harissa turkey baked potatoes,Main Meal,Dinner,Mexico,False,False,False,Harissa Turkey Baked Potatoes recipe,assets/main.avif,assets/card.avif,not-included-see-readme
829,REC-CAND-0829,Garlic Steak with Tomatoes,garlic steak with tomatoes,Main Meal,Dinner,Italy,False,False,False,Garlic Steak with Tomatoes recipe,assets/main.avif,assets/card.avif,not-included-see-readme
830,REC-CAND-0830,Sheet Pan Lean Beef and Tomatoes,sheet pan lean beef and tomatoes,Main Meal,Lunch,Korea,False,False,False,Sheet Pan Lean Beef and Tomatoes recipe,assets/main.avif,assets/card.avif,not-included-see-readme
831,REC-CAND-0831,Japanese Tuna Tacos,japanese tuna tacos,Main Meal,Lunch,Philippines,False,False,False,Japanese Tuna Tacos recipe,assets/main.avif,assets/card.avif,not-included-see-readme
832,REC-CAND-0832,Japanese Sausage Tray Bake,japanese sausage tray bake,Main Meal,Dinner,Italy,False,False,False,Japanese Sausage Tray Bake recipe,assets/main.avif,assets/card.avif,not-included-see-readme
833,REC-CAND-0833,Steak and Cabbage Salad Bowl,steak and cabbage salad bowl,Main Meal,Dinner,Thailand,False,False,False,Steak and Cabbage Salad Bowl recipe,assets/main.avif,assets/card.avif,not-included-see-readme
834,REC-CAND-0834,Spanish Turkey Pasta,spanish turkey pasta,Main Meal,Dinner,China,False,False,False,Spanish Turkey Pasta recipe,assets/main.avif,assets/card.avif,not-included-see-readme
835,REC-CAND-0835,Brazilian Sausage Tacos,brazilian sausage tacos,Main Meal,Lunch,Mexico,False,False,False,Brazilian Sausage Tacos recipe,assets/main.avif,assets/card.avif,not-included-see-readme
836,REC-CAND-0836,Chickpea and Corn Flatbread,chickpea and corn flatbread,Main Meal,Dinner,Mexico,False,False,False,Chickpea and Corn Flatbread recipe,assets/main.avif,assets/card.avif,not-included-see-readme
837,REC-CAND-0837,Crispy Tempeh with Spinach,crispy tempeh with spinach,Main Meal,Dinner,Brazil,False,False,False,Crispy Tempeh with Spinach recipe,assets/main.avif,assets/card.avif,not-included-see-readme
838,REC-CAND-0838,Chickpea and Mushrooms Baked Potatoes,chickpea and mushrooms baked potatoes,Main Meal,Dinner,Jamaica,False,False,False,Chickpea and Mushrooms Baked Potatoes recipe,assets/main.avif,assets/card.avif,not-included-see-readme
839,REC-CAND-0839,Spicy Steak with Carrots,spicy steak with carrots,Main Meal,Lunch,Spain,False,False,False,Spicy Steak with Carrots recipe,assets/main.avif,assets/card.avif,not-included-see-readme
840,REC-CAND-0840,Garlic Steak Quinoa Bowl,garlic steak quinoa bowl,Main Meal,Dinner,Italy,False,False,False,Garlic Steak Quinoa Bowl recipe,assets/main.avif,assets/card.avif,not-included-see-readme
841,REC-CAND-0841,Tempeh Stuffed Peppers,tempeh stuffed peppers,Main Meal,Lunch,Jamaica,False,False,False,Tempeh Stuffed Peppers recipe,assets/main.avif,assets/card.avif,not-included-see-readme
842,REC-CAND-0842,Harissa Sausage Casserole,harissa sausage casserole,Main Meal,Dinner,India,False,False,False,Harissa Sausage Casserole recipe,assets/main.avif,assets/card.avif,not-included-see-readme
843,REC-CAND-0843,Balsamic Tempeh Grain Bowl,balsamic tempeh grain bowl,Main Meal,Lunch,China,False,False,False,Balsamic Tempeh Grain Bowl recipe,assets/main.avif,assets/card.avif,not-included-see-readme
844,REC-CAND-0844,Pesto Egg Soup,pesto egg soup,Main Meal,Lunch,United States,False,False,False,Pesto Egg Soup recipe,assets/main.avif,assets/card.avif,not-included-see-readme
845,REC-CAND-0845,Tofu and Cauliflower Tacos,tofu and cauliflower tacos,Main Meal,Dinner,Japan,False,False,False,Tofu and Cauliflower Tacos recipe,assets/main.avif,assets/card.avif,not-included-see-readme
846,REC-CAND-0846,Moroccan Steak Noodle Bowl,moroccan steak noodle bowl,Main Meal,Dinner,France,False,False,False,Moroccan Steak Noodle Bowl recipe,assets/main.avif,assets/card.avif,not-included-see-readme
847,REC-CAND-0847,Italian Salmon with Quinoa,italian salmon with quinoa,Main Meal,Dinner,France,False,False,False,Italian Salmon with Quinoa recipe,assets/main.avif,assets/card.avif,not-included-see-readme
848,REC-CAND-0848,Buffalo Lentil Stir-Fry,buffalo lentil stir fry,Main Meal,Lunch,France,False,False,False,Buffalo Lentil Stir-Fry recipe,assets/main.avif,assets/card.avif,not-included-see-readme
849,REC-CAND-0849,Sheet Pan Lentil and Asparagus,sheet pan lentil and asparagus,Main Meal,Lunch,China,False,False,False,Sheet Pan Lentil and Asparagus recipe,assets/main.avif,assets/card.avif,not-included-see-readme
850,REC-CAND-0850,Tomato Basil Lentil Tray Bake,tomato basil lentil tray bake,Main Meal,Lunch,Spain,False,False,False,Tomato Basil Lentil Tray Bake recipe,assets/main.avif,assets/card.avif,not-included-see-readme
851,REC-CAND-0851,Greek Shrimp Stir-Fry,greek shrimp stir fry,Main Meal,Dinner,Brazil,False,False,False,Greek Shrimp Stir-Fry recipe,assets/main.avif,assets/card.avif,not-included-see-readme
852,REC-CAND-0852,Sheet Pan Tempeh and Cabbage,sheet pan tempeh and cabbage,Main Meal,Dinner,United States,False,False,False,Sheet Pan Tempeh and Cabbage recipe,assets/main.avif,assets/card.avif,not-included-see-readme
853,REC-CAND-0853,Tomato Basil Black Bean Salad Bowl,tomato basil black bean salad bowl,Main Meal,Dinner,United States,False,False,False,Tomato Basil Black Bean Salad Bowl recipe,assets/main.avif,assets/card.avif,not-included-see-readme
854,REC-CAND-0854,Pesto Chickpea Soup,pesto chickpea soup,Main Meal,Lunch,Philippines,False,False,False,Pesto Chickpea Soup recipe,assets/main.avif,assets/card.avif,not-included-see-readme
855,REC-CAND-0855,Sausage Fried Rice,sausage fried rice,Main Meal,Dinner,Korea,False,False,False,Sausage Fried Rice recipe,assets/main.avif,assets/card.avif,not-included-see-readme
856,REC-CAND-0856,Peruvian Sausage with Noodles,peruvian sausage with noodles,Main Meal,Dinner,United States,False,False,False,Peruvian Sausage with Noodles recipe,assets/main.avif,assets/card.avif,not-included-see-readme
857,REC-CAND-0857,Chickpea Stuffed Peppers,chickpea stuffed peppers,Main Meal,Dinner,France,False,False,False,Chickpea Stuffed Peppers recipe,assets/main.avif,assets/card.avif,not-included-see-readme
858,REC-CAND-0858,Lean Beef Taco Bowl,lean beef taco bowl,Main Meal,Lunch,Korea,False,False,False,Lean Beef Taco Bowl recipe,assets/main.avif,assets/card.avif,not-included-see-readme
859,REC-CAND-0859,Teriyaki Tofu with Green Beans,teriyaki tofu with green beans,Main Meal,Dinner,China,False,False,False,Teriyaki Tofu with Green Beans recipe,assets/main.avif,assets/card.avif,not-included-see-readme
860,REC-CAND-0860,Japanese Egg Wraps,japanese egg wraps,Main Meal,Dinner,France,False,False,False,Japanese Egg Wraps recipe,assets/main.avif,assets/card.avif,not-included-see-readme
861,REC-CAND-0861,Egg Pilaf Bowl,egg pilaf bowl,Main Meal,Lunch,Peru,False,False,False,Egg Pilaf Bowl recipe,assets/main.avif,assets/card.avif,not-included-see-readme
862,REC-CAND-0862,Harissa Tuna with Bell Peppers,harissa tuna with bell peppers,Main Meal,Dinner,Albania,True,False,False,Harissa Tuna with Bell Peppers recipe,assets/main.avif,assets/card.avif,not-included-see-readme
863,REC-CAND-0863,Tomato Basil Black Bean with Kale,tomato basil black bean with kale,Main Meal,Dinner,Brazil,False,False,False,Tomato Basil Black Bean with Kale recipe,assets/main.avif,assets/card.avif,not-included-see-readme
864,REC-CAND-0864,Honey Soy Steak with Broccoli,honey soy steak with broccoli,Main Meal,Dinner,Jamaica,False,False,False,Honey Soy Steak with Broccoli recipe,assets/main.avif,assets/card.avif,not-included-see-readme
865,REC-CAND-0865,Coconut Sausage Grain Bowl,coconut sausage grain bowl,Main Meal,Lunch,Greece,False,False,False,Coconut Sausage Grain Bowl recipe,assets/main.avif,assets/card.avif,not-included-see-readme
866,REC-CAND-0866,American Pork Tenderloin with Vegetables,american pork tenderloin with vegetables,Main Meal,Lunch,Italy,False,False,False,American Pork Tenderloin with Vegetables recipe,assets/main.avif,assets/card.avif,not-included-see-readme
867,REC-CAND-0867,Black Bean and Cauliflower Tray Bake,black bean and cauliflower tray bake,Main Meal,Lunch,Greece,False,False,False,Black Bean and Cauliflower Tray Bake recipe,assets/main.avif,assets/card.avif,not-included-see-readme
868,REC-CAND-0868,Blackened Steak Soup,blackened steak soup,Main Meal,Lunch,Greece,False,False,False,Blackened Steak Soup recipe,assets/main.avif,assets/card.avif,not-included-see-readme
869,REC-CAND-0869,Cajun Tempeh with Asparagus,cajun tempeh with asparagus,Main Meal,Dinner,Peru,False,False,False,Cajun Tempeh with Asparagus recipe,assets/main.avif,assets/card.avif,not-included-see-readme
870,REC-CAND-0870,Japanese Pork Tenderloin with Quinoa,japanese pork tenderloin with quinoa,Main Meal,Dinner,Egypt,True,False,False,Japanese Pork Tenderloin with Quinoa recipe,assets/main.avif,assets/card.avif,not-included-see-readme
871,REC-CAND-0871,Peruvian Turkey Baked Potatoes,peruvian turkey baked potatoes,Main Meal,Dinner,Korea,False,False,False,Peruvian Turkey Baked Potatoes recipe,assets/main.avif,assets/card.avif,not-included-see-readme
872,REC-CAND-0872,Sesame Shrimp Chili,sesame shrimp chili,Main Meal,Dinner,Brazil,False,False,False,Sesame Shrimp Chili recipe,assets/main.avif,assets/card.avif,not-included-see-readme
873,REC-CAND-0873,Indian Turkey Rice Bowl,indian turkey rice bowl,Main Meal,Dinner,Japan,False,False,False,Indian Turkey Rice Bowl recipe,assets/main.avif,assets/card.avif,not-included-see-readme
874,REC-CAND-0874,Shrimp and Cucumber Stir-Fry,shrimp and cucumber stir fry,Main Meal,Dinner,Peru,False,False,False,Shrimp and Cucumber Stir-Fry recipe,assets/main.avif,assets/card.avif,not-included-see-readme
875,REC-CAND-0875,American Black Bean Quinoa Bowl,american black bean quinoa bowl,Main Meal,Dinner,Romania,True,False,False,American Black Bean Quinoa Bowl recipe,assets/main.avif,assets/card.avif,not-included-see-readme
876,REC-CAND-0876,Filipino Black Bean Skillet,filipino black bean skillet,Main Meal,Lunch,Brazil,False,False,False,Filipino Black Bean Skillet recipe,assets/main.avif,assets/card.avif,not-included-see-readme
877,REC-CAND-0877,Filipino Lean Beef Flatbread,filipino lean beef flatbread,Main Meal,Lunch,Tunisia,True,False,False,Filipino Lean Beef Flatbread recipe,assets/main.avif,assets/card.avif,not-included-see-readme
878,REC-CAND-0878,Salmon Taco Bowl,salmon taco bowl,Main Meal,Dinner,Spain,False,False,False,Salmon Taco Bowl recipe,assets/main.avif,assets/card.avif,not-included-see-readme
879,REC-CAND-0879,Japanese Lean Beef Wraps,japanese lean beef wraps,Main Meal,Dinner,Brazil,False,False,False,Japanese Lean Beef Wraps recipe,assets/main.avif,assets/card.avif,not-included-see-readme
880,REC-CAND-0880,Egg and Mushrooms Baked Potatoes,egg and mushrooms baked potatoes,Main Meal,Dinner,Spain,False,False,False,Egg and Mushrooms Baked Potatoes recipe,assets/main.avif,assets/card.avif,not-included-see-readme
881,REC-CAND-0881,Tuna and Green Beans Pasta,tuna and green beans pasta,Main Meal,Dinner,China,False,False,False,Tuna and Green Beans Pasta recipe,assets/main.avif,assets/card.avif,not-included-see-readme
882,REC-CAND-0882,Egg and Corn Wraps,egg and corn wraps,Main Meal,Dinner,United States,False,False,False,Egg and Corn Wraps recipe,assets/main.avif,assets/card.avif,not-included-see-readme
883,REC-CAND-0883,American Black Bean Casserole,american black bean casserole,Main Meal,Lunch,Korea,False,False,False,American Black Bean Casserole recipe,assets/main.avif,assets/card.avif,not-included-see-readme
884,REC-CAND-0884,Blackened Steak Casserole,blackened steak casserole,Main Meal,Lunch,Mexico,False,False,False,Blackened Steak Casserole recipe,assets/main.avif,assets/card.avif,not-included-see-readme
885,REC-CAND-0885,Crispy Tuna Casserole,crispy tuna casserole,Main Meal,Dinner,Italy,False,False,False,Crispy Tuna Casserole recipe,assets/main.avif,assets/card.avif,not-included-see-readme
886,REC-CAND-0886,Tuna and Cauliflower Stir-Fry,tuna and cauliflower stir fry,Main Meal,Lunch,China,False,False,False,Tuna and Cauliflower Stir-Fry recipe,assets/main.avif,assets/card.avif,not-included-see-readme
887,REC-CAND-0887,Garlic Tofu Stew,garlic tofu stew,Main Meal,Dinner,Korea,False,False,False,Garlic Tofu Stew recipe,assets/main.avif,assets/card.avif,not-included-see-readme
888,REC-CAND-0888,Sheet Pan Chicken and Cucumber,sheet pan chicken and cucumber,Main Meal,Dinner,Philippines,False,False,False,Sheet Pan Chicken and Cucumber recipe,assets/main.avif,assets/card.avif,not-included-see-readme
889,REC-CAND-0889,American Chickpea Stew,american chickpea stew,Main Meal,Lunch,India,False,False,False,American Chickpea Stew recipe,assets/main.avif,assets/card.avif,not-included-see-readme
890,REC-CAND-0890,Pork Tenderloin and Tomatoes Grain Bowl,pork tenderloin and tomatoes grain bowl,Main Meal,Lunch,Armenia,True,False,False,Pork Tenderloin and Tomatoes Grain Bowl recipe,assets/main.avif,assets/card.avif,not-included-see-readme
891,REC-CAND-0891,Chinese Sausage Skillet,chinese sausage skillet,Main Meal,Dinner,Korea,False,False,False,Chinese Sausage Skillet recipe,assets/main.avif,assets/card.avif,not-included-see-readme
892,REC-CAND-0892,Cod and Broccoli Orzo Skillet,cod and broccoli orzo skillet,Main Meal,Dinner,Thailand,False,False,False,Cod and Broccoli Orzo Skillet recipe,assets/main.avif,assets/card.avif,not-included-see-readme
893,REC-CAND-0893,American Black Bean with Vegetables,american black bean with vegetables,Main Meal,Dinner,Korea,False,False,False,American Black Bean with Vegetables recipe,assets/main.avif,assets/card.avif,not-included-see-readme
894,REC-CAND-0894,Roasted Tempeh Soup,roasted tempeh soup,Main Meal,Lunch,Greece,False,False,False,Roasted Tempeh Soup recipe,assets/main.avif,assets/card.avif,not-included-see-readme
895,REC-CAND-0895,Italian Shrimp with Potatoes,italian shrimp with potatoes,Main Meal,Dinner,Lebanon,True,False,False,Italian Shrimp with Potatoes recipe,assets/main.avif,assets/card.avif,not-included-see-readme
896,REC-CAND-0896,Sausage and Spinach Salad Bowl,sausage and spinach salad bowl,Main Meal,Dinner,Mexico,False,False,False,Sausage and Spinach Salad Bowl recipe,assets/main.avif,assets/card.avif,not-included-see-readme
897,REC-CAND-0897,Tuna and Cucumber Stir-Fry,tuna and cucumber stir fry,Main Meal,Dinner,Philippines,False,False,False,Tuna and Cucumber Stir-Fry recipe,assets/main.avif,assets/card.avif,not-included-see-readme
898,REC-CAND-0898,Herbed Shrimp Baked Potatoes,herbed shrimp baked potatoes,Main Meal,Lunch,Albania,True,False,False,Herbed Shrimp Baked Potatoes recipe,assets/main.avif,assets/card.avif,not-included-see-readme
899,REC-CAND-0899,Sheet Pan Lentil and Cucumber,sheet pan lentil and cucumber,Main Meal,Lunch,Italy,False,False,False,Sheet Pan Lentil and Cucumber recipe,assets/main.avif,assets/card.avif,not-included-see-readme
900,REC-CAND-0900,Chinese Egg with Vegetables,chinese egg with vegetables,Main Meal,Lunch,Spain,False,False,False,Chinese Egg with Vegetables recipe,assets/main.avif,assets/card.avif,not-included-see-readme
901,REC-CAND-0901,Italian Tofu Skillet,italian tofu skillet,Main Meal,Dinner,India,False,False,False,Italian Tofu Skillet recipe,assets/main.avif,assets/card.avif,not-included-see-readme
902,REC-CAND-0902,Chickpea Burrito Bowl,chickpea burrito bowl,Main Meal,Lunch,United States,False,False,False,Chickpea Burrito Bowl recipe,assets/main.avif,assets/card.avif,not-included-see-readme
903,REC-CAND-0903,Chickpea and Kale Soup,chickpea and kale soup,Main Meal,Dinner,Mexico,False,False,False,Chickpea and Kale Soup recipe,assets/main.avif,assets/card.avif,not-included-see-readme
904,REC-CAND-0904,Korean Black Bean Stir-Fry,korean black bean stir fry,Main Meal,Dinner,Brazil,False,False,False,Korean Black Bean Stir-Fry recipe,assets/main.avif,assets/card.avif,not-included-see-readme
905,REC-CAND-0905,Harissa Tuna Chili,harissa tuna chili,Main Meal,Dinner,France,False,False,False,Harissa Tuna Chili recipe,assets/main.avif,assets/card.avif,not-included-see-readme
906,REC-CAND-0906,Tempeh and Kale Salad Bowl,tempeh and kale salad bowl,Main Meal,Dinner,Peru,False,False,False,Tempeh and Kale Salad Bowl recipe,assets/main.avif,assets/card.avif,not-included-see-readme
907,REC-CAND-0907,Chinese Lean Beef Stir-Fry,chinese lean beef stir fry,Main Meal,Dinner,Peru,False,False,False,Chinese Lean Beef Stir-Fry recipe,assets/main.avif,assets/card.avif,not-included-see-readme
908,REC-CAND-0908,Teriyaki Pork Tenderloin with Cucumber,teriyaki pork tenderloin with cucumber,Main Meal,Dinner,India,False,False,False,Teriyaki Pork Tenderloin with Cucumber recipe,assets/main.avif,assets/card.avif,not-included-see-readme
909,REC-CAND-0909,Greek Turkey Tacos,greek turkey tacos,Main Meal,Dinner,India,False,False,False,Greek Turkey Tacos recipe,assets/main.avif,assets/card.avif,not-included-see-readme
910,REC-CAND-0910,American Steak with Vegetables,american steak with vegetables,Main Meal,Lunch,Mexico,False,False,False,American Steak with Vegetables recipe,assets/main.avif,assets/card.avif,not-included-see-readme
911,REC-CAND-0911,Tomato Basil Tofu Salad Bowl,tomato basil tofu salad bowl,Main Meal,Dinner,Jamaica,False,False,False,Tomato Basil Tofu Salad Bowl recipe,assets/main.avif,assets/card.avif,not-included-see-readme
912,REC-CAND-0912,Lentil and Spinach Soup,lentil and spinach soup,Main Meal,Lunch,Italy,False,False,False,Lentil and Spinach Soup recipe,assets/main.avif,assets/card.avif,not-included-see-readme
913,REC-CAND-0913,Crispy Steak Rice Bowl,crispy steak rice bowl,Main Meal,Dinner,Greece,False,False,False,Crispy Steak Rice Bowl recipe,assets/main.avif,assets/card.avif,not-included-see-readme
914,REC-CAND-0914,Peruvian Shrimp Stew,peruvian shrimp stew,Main Meal,Dinner,Japan,False,False,False,Peruvian Shrimp Stew recipe,assets/main.avif,assets/card.avif,not-included-see-readme
915,REC-CAND-0915,Smoky Egg Salad Bowl,smoky egg salad bowl,Main Meal,Lunch,Greece,False,False,False,Smoky Egg Salad Bowl recipe,assets/main.avif,assets/card.avif,not-included-see-readme
916,REC-CAND-0916,Spanish Chickpea Quinoa Bowl,spanish chickpea quinoa bowl,Main Meal,Dinner,Spain,False,False,False,Spanish Chickpea Quinoa Bowl recipe,assets/main.avif,assets/card.avif,not-included-see-readme
917,REC-CAND-0917,Tomato Basil Sausage Flatbread,tomato basil sausage flatbread,Main Meal,Dinner,Nigeria,True,False,False,Tomato Basil Sausage Flatbread recipe,assets/main.avif,assets/card.avif,not-included-see-readme
918,REC-CAND-0918,Sesame Sausage Chili,sesame sausage chili,Main Meal,Dinner,China,False,False,False,Sesame Sausage Chili recipe,assets/main.avif,assets/card.avif,not-included-see-readme
919,REC-CAND-0919,Filipino Lean Beef Curry,filipino lean beef curry,Main Meal,Dinner,Thailand,False,False,False,Filipino Lean Beef Curry recipe,assets/main.avif,assets/card.avif,not-included-see-readme
920,REC-CAND-0920,Coconut Black Bean with Mushrooms,coconut black bean with mushrooms,Main Meal,Dinner,Thailand,False,False,False,Coconut Black Bean with Mushrooms recipe,assets/main.avif,assets/card.avif,not-included-see-readme
921,REC-CAND-0921,Sheet Pan Shrimp and Tomatoes,sheet pan shrimp and tomatoes,Main Meal,Dinner,Peru,False,False,False,Sheet Pan Shrimp and Tomatoes recipe,assets/main.avif,assets/card.avif,not-included-see-readme
922,REC-CAND-0922,Thai Salmon Casserole,thai salmon casserole,Main Meal,Dinner,Spain,False,False,False,Thai Salmon Casserole recipe,assets/main.avif,assets/card.avif,not-included-see-readme
923,REC-CAND-0923,Smoky Salmon Soup,smoky salmon soup,Main Meal,Dinner,Jamaica,False,False,False,Smoky Salmon Soup recipe,assets/main.avif,assets/card.avif,not-included-see-readme
924,REC-CAND-0924,Sesame Tofu Chili,sesame tofu chili,Main Meal,Dinner,United States,False,False,False,Sesame Tofu Chili recipe,assets/main.avif,assets/card.avif,not-included-see-readme
925,REC-CAND-0925,Japanese Lentil Tacos,japanese lentil tacos,Main Meal,Lunch,Jamaica,False,False,False,Japanese Lentil Tacos recipe,assets/main.avif,assets/card.avif,not-included-see-readme
926,REC-CAND-0926,Indian Black Bean Wraps,indian black bean wraps,Main Meal,Dinner,Thailand,False,False,False,Indian Black Bean Wraps recipe,assets/main.avif,assets/card.avif,not-included-see-readme
927,REC-CAND-0927,Lentil and Mushrooms Quinoa Bowl,lentil and mushrooms quinoa bowl,Main Meal,Lunch,Armenia,True,False,False,Lentil and Mushrooms Quinoa Bowl recipe,assets/main.avif,assets/card.avif,not-included-see-readme
928,REC-CAND-0928,Mediterranean Turkey Sweet Potato Hash,mediterranean turkey sweet potato hash,Main Meal,Breakfast,Brazil,False,False,False,Mediterranean Turkey Sweet Potato Hash recipe,assets/main.avif,assets/card.avif,not-included-see-readme
929,REC-CAND-0929,Crispy Lentil Salad Bowl,crispy lentil salad bowl,Main Meal,Lunch,Thailand,False,False,False,Crispy Lentil Salad Bowl recipe,assets/main.avif,assets/card.avif,not-included-see-readme
930,REC-CAND-0930,Smoky Lentil with Spinach,smoky lentil with spinach,Main Meal,Dinner,Thailand,False,False,False,Smoky Lentil with Spinach recipe,assets/main.avif,assets/card.avif,not-included-see-readme
931,REC-CAND-0931,Spanish Shrimp Wraps,spanish shrimp wraps,Main Meal,Dinner,Mexico,False,False,False,Spanish Shrimp Wraps recipe,assets/main.avif,assets/card.avif,not-included-see-readme
932,REC-CAND-0932,Indian Black Bean Rice Bowl,indian black bean rice bowl,Main Meal,Lunch,Jamaica,False,False,False,Indian Black Bean Rice Bowl recipe,assets/main.avif,assets/card.avif,not-included-see-readme
933,REC-CAND-0933,Filipino Black Bean Flatbread,filipino black bean flatbread,Main Meal,Dinner,United States,False,False,False,Filipino Black Bean Flatbread recipe,assets/main.avif,assets/card.avif,not-included-see-readme
934,REC-CAND-0934,Sheet Pan Chicken and Spinach,sheet pan chicken and spinach,Main Meal,Dinner,Korea,False,False,False,Sheet Pan Chicken and Spinach recipe,assets/main.avif,assets/card.avif,not-included-see-readme
935,REC-CAND-0935,Roasted Black Bean Quinoa Bowl,roasted black bean quinoa bowl,Main Meal,Lunch,Spain,False,False,False,Roasted Black Bean Quinoa Bowl recipe,assets/main.avif,assets/card.avif,not-included-see-readme
936,REC-CAND-0936,Turkey Skillet,turkey skillet,Main Meal,Dinner,Philippines,False,False,False,Turkey Skillet recipe,assets/main.avif,assets/card.avif,not-included-see-readme
937,REC-CAND-0937,Chipotle Chickpea Wraps,chipotle chickpea wraps,Main Meal,Dinner,India,False,False,False,Chipotle Chickpea Wraps recipe,assets/main.avif,assets/card.avif,not-included-see-readme
938,REC-CAND-0938,Pesto Pork Tenderloin with Mushrooms,pesto pork tenderloin with mushrooms,Main Meal,Dinner,Mexico,False,False,False,Pesto Pork Tenderloin with Mushrooms recipe,assets/main.avif,assets/card.avif,not-included-see-readme
939,REC-CAND-0939,Mexican Tempeh Noodle Bowl,mexican tempeh noodle bowl,Main Meal,Lunch,Japan,False,False,False,Mexican Tempeh Noodle Bowl recipe,assets/main.avif,assets/card.avif,not-included-see-readme
940,REC-CAND-0940,Teriyaki Black Bean Sweet Potato Hash,teriyaki black bean sweet potato hash,Main Meal,Breakfast,Botswana,True,False,False,Teriyaki Black Bean Sweet Potato Hash recipe,assets/main.avif,assets/card.avif,not-included-see-readme
941,REC-CAND-0941,Chipotle Cod Sweet Potato Hash,chipotle cod sweet potato hash,Main Meal,Breakfast,Jamaica,False,False,False,Chipotle Cod Sweet Potato Hash recipe,assets/main.avif,assets/card.avif,not-included-see-readme
942,REC-CAND-0942,Egg Curry Bowl,egg curry bowl,Main Meal,Lunch,Mexico,False,False,False,Egg Curry Bowl recipe,assets/main.avif,assets/card.avif,not-included-see-readme
943,REC-CAND-0943,Lemon Black Bean Soup,lemon black bean soup,Main Meal,Dinner,Korea,False,False,False,Lemon Black Bean Soup recipe,assets/main.avif,assets/card.avif,not-included-see-readme
944,REC-CAND-0944,Black Bean and Cabbage Tacos,black bean and cabbage tacos,Main Meal,Dinner,Thailand,False,False,False,Black Bean and Cabbage Tacos recipe,assets/main.avif,assets/card.avif,not-included-see-readme
945,REC-CAND-0945,Smoky Steak Wraps,smoky steak wraps,Main Meal,Lunch,Philippines,False,False,False,Smoky Steak Wraps recipe,assets/main.avif,assets/card.avif,not-included-see-readme
946,REC-CAND-0946,Filipino Lentil Orzo Skillet,filipino lentil orzo skillet,Main Meal,Dinner,Korea,False,False,False,Filipino Lentil Orzo Skillet recipe,assets/main.avif,assets/card.avif,not-included-see-readme
947,REC-CAND-0947,Sheet Pan Pork Tenderloin and Mushrooms,sheet pan pork tenderloin and mushrooms,Main Meal,Dinner,Japan,False,False,False,Sheet Pan Pork Tenderloin and Mushrooms recipe,assets/main.avif,assets/card.avif,not-included-see-readme
948,REC-CAND-0948,Teriyaki Tofu Soup,teriyaki tofu soup,Main Meal,Dinner,Mexico,False,False,False,Teriyaki Tofu Soup recipe,assets/main.avif,assets/card.avif,not-included-see-readme
949,REC-CAND-0949,Moroccan Turkey with Vegetables,moroccan turkey with vegetables,Main Meal,Dinner,Thailand,False,False,False,Moroccan Turkey with Vegetables recipe,assets/main.avif,assets/card.avif,not-included-see-readme
950,REC-CAND-0950,Sausage and Asparagus Casserole,sausage and asparagus casserole,Main Meal,Dinner,India,False,False,False,Sausage and Asparagus Casserole recipe,assets/main.avif,assets/card.avif,not-included-see-readme
951,REC-CAND-0951,Pesto Shrimp Soup,pesto shrimp soup,Main Meal,Dinner,Spain,False,False,False,Pesto Shrimp Soup recipe,assets/main.avif,assets/card.avif,not-included-see-readme
952,REC-CAND-0952,Spicy Lean Beef Wraps,spicy lean beef wraps,Main Meal,Lunch,France,False,False,False,Spicy Lean Beef Wraps recipe,assets/main.avif,assets/card.avif,not-included-see-readme
953,REC-CAND-0953,Sesame Chicken Orzo Skillet,sesame chicken orzo skillet,Main Meal,Lunch,Japan,False,False,False,Sesame Chicken Orzo Skillet recipe,assets/main.avif,assets/card.avif,not-included-see-readme
954,REC-CAND-0954,Sheet Pan Egg and Tomatoes,sheet pan egg and tomatoes,Main Meal,Lunch,China,False,False,False,Sheet Pan Egg and Tomatoes recipe,assets/main.avif,assets/card.avif,not-included-see-readme
955,REC-CAND-0955,American Tempeh Soup,american tempeh soup,Main Meal,Lunch,Mexico,False,False,False,American Tempeh Soup recipe,assets/main.avif,assets/card.avif,not-included-see-readme
956,REC-CAND-0956,American Pork Tenderloin Tacos,american pork tenderloin tacos,Main Meal,Dinner,Italy,False,False,False,American Pork Tenderloin Tacos recipe,assets/main.avif,assets/card.avif,not-included-see-readme
957,REC-CAND-0957,Tomato Basil Salmon Quinoa Bowl,tomato basil salmon quinoa bowl,Main Meal,Lunch,Mongolia,True,False,False,Tomato Basil Salmon Quinoa Bowl recipe,assets/main.avif,assets/card.avif,not-included-see-readme
958,REC-CAND-0958,Chickpea Pasta Bake,chickpea pasta bake,Main Meal,Dinner,Romania,True,False,False,Chickpea Pasta Bake recipe,assets/main.avif,assets/card.avif,not-included-see-readme
959,REC-CAND-0959,Turkey Pita Plate,turkey pita plate,Main Meal,Dinner,Greece,False,False,False,Turkey Pita Plate recipe,assets/main.avif,assets/card.avif,not-included-see-readme
960,REC-CAND-0960,Black Bean Skillet,black bean skillet,Main Meal,Lunch,Greece,False,False,False,Black Bean Skillet recipe,assets/main.avif,assets/card.avif,not-included-see-readme
961,REC-CAND-0961,Steak and Kale Chili,steak and kale chili,Main Meal,Dinner,Sri Lanka,True,False,False,Steak and Kale Chili recipe,assets/main.avif,assets/card.avif,not-included-see-readme
962,REC-CAND-0962,Lean Beef and Asparagus Sweet Potato Hash,lean beef and asparagus sweet potato hash,Main Meal,Breakfast,Korea,False,False,False,Lean Beef and Asparagus Sweet Potato Hash recipe,assets/main.avif,assets/card.avif,not-included-see-readme
963,REC-CAND-0963,Peruvian Salmon Rice Bowl,peruvian salmon rice bowl,Main Meal,Lunch,United States,False,False,False,Peruvian Salmon Rice Bowl recipe,assets/main.avif,assets/card.avif,not-included-see-readme
964,REC-CAND-0964,Thai Chickpea Flatbread,thai chickpea flatbread,Main Meal,Lunch,United States,False,False,False,Thai Chickpea Flatbread recipe,assets/main.avif,assets/card.avif,not-included-see-readme
965,REC-CAND-0965,Greek Lean Beef Stir-Fry,greek lean beef stir fry,Main Meal,Lunch,Brazil,False,False,False,Greek Lean Beef Stir-Fry recipe,assets/main.avif,assets/card.avif,not-included-see-readme
966,REC-CAND-0966,Thai Cod Flatbread,thai cod flatbread,Main Meal,Dinner,Peru,False,False,False,Thai Cod Flatbread recipe,assets/main.avif,assets/card.avif,not-included-see-readme
967,REC-CAND-0967,Sheet Pan Egg and Kale,sheet pan egg and kale,Main Meal,Lunch,Korea,False,False,False,Sheet Pan Egg and Kale recipe,assets/main.avif,assets/card.avif,not-included-see-readme
968,REC-CAND-0968,Coconut Tempeh Rice Bowl,coconut tempeh rice bowl,Main Meal,Dinner,France,False,False,False,Coconut Tempeh Rice Bowl recipe,assets/main.avif,assets/card.avif,not-included-see-readme
969,REC-CAND-0969,Garlic Chicken Casserole,garlic chicken casserole,Main Meal,Lunch,India,False,False,False,Garlic Chicken Casserole recipe,assets/main.avif,assets/card.avif,not-included-see-readme
970,REC-CAND-0970,Chicken Stir Fry Bowl,chicken stir fry bowl,Main Meal,Dinner,Korea,False,False,False,Chicken Stir Fry Bowl recipe,assets/main.avif,assets/card.avif,not-included-see-readme
971,REC-CAND-0971,Roasted Chicken with Green Beans,roasted chicken with green beans,Main Meal,Lunch,Thailand,False,False,False,Roasted Chicken with Green Beans recipe,assets/main.avif,assets/card.avif,not-included-see-readme
972,REC-CAND-0972,Caribbean Chicken Curry,caribbean chicken curry,Main Meal,Dinner,Brazil,False,False,False,Caribbean Chicken Curry recipe,assets/main.avif,assets/card.avif,not-included-see-readme
973,REC-CAND-0973,Caribbean Shrimp with Quinoa,caribbean shrimp with quinoa,Main Meal,Lunch,Peru,False,False,False,Caribbean Shrimp with Quinoa recipe,assets/main.avif,assets/card.avif,not-included-see-readme
974,REC-CAND-0974,Mediterranean Tuna with Vegetables,mediterranean tuna with vegetables,Main Meal,Dinner,India,False,False,False,Mediterranean Tuna with Vegetables recipe,assets/main.avif,assets/card.avif,not-included-see-readme
975,REC-CAND-0975,Indian Pork Tenderloin with Potatoes,indian pork tenderloin with potatoes,Main Meal,Lunch,Brazil,False,False,False,Indian Pork Tenderloin with Potatoes recipe,assets/main.avif,assets/card.avif,not-included-see-readme
976,REC-CAND-0976,Cod Skillet,cod skillet,Main Meal,Lunch,Spain,False,False,False,Cod Skillet recipe,assets/main.avif,assets/card.avif,not-included-see-readme
977,REC-CAND-0977,American Black Bean Rice Bowl,american black bean rice bowl,Main Meal,Dinner,Thailand,False,False,False,American Black Bean Rice Bowl recipe,assets/main.avif,assets/card.avif,not-included-see-readme
978,REC-CAND-0978,Thai Chicken Soup,thai chicken soup,Main Meal,Lunch,Peru,False,False,False,Thai Chicken Soup recipe,assets/main.avif,assets/card.avif,not-included-see-readme
979,REC-CAND-0979,Black Bean and Zucchini Pasta,black bean and zucchini pasta,Main Meal,Dinner,Korea,False,False,False,Black Bean and Zucchini Pasta recipe,assets/main.avif,assets/card.avif,not-included-see-readme
980,REC-CAND-0980,Herbed Steak Rice Bowl,herbed steak rice bowl,Main Meal,Dinner,France,False,False,False,Herbed Steak Rice Bowl recipe,assets/main.avif,assets/card.avif,not-included-see-readme
981,REC-CAND-0981,Sheet Pan Shrimp and Zucchini,sheet pan shrimp and zucchini,Main Meal,Lunch,Brazil,False,False,False,Sheet Pan Shrimp and Zucchini recipe,assets/main.avif,assets/card.avif,not-included-see-readme
982,REC-CAND-0982,Chinese Shrimp Pasta,chinese shrimp pasta,Main Meal,Dinner,Spain,False,False,False,Chinese Shrimp Pasta recipe,assets/main.avif,assets/card.avif,not-included-see-readme
983,REC-CAND-0983,Chinese Pork Tenderloin with Vegetables,chinese pork tenderloin with vegetables,Main Meal,Dinner,Spain,False,False,False,Chinese Pork Tenderloin with Vegetables recipe,assets/main.avif,assets/card.avif,not-included-see-readme
984,REC-CAND-0984,Peruvian Steak with Quinoa,peruvian steak with quinoa,Main Meal,Lunch,China,False,False,False,Peruvian Steak with Quinoa recipe,assets/main.avif,assets/card.avif,not-included-see-readme
985,REC-CAND-0985,Mexican Steak Flatbread,mexican steak flatbread,Main Meal,Lunch,France,False,False,False,Mexican Steak Flatbread recipe,assets/main.avif,assets/card.avif,not-included-see-readme
986,REC-CAND-0986,Spicy Steak with Tomatoes,spicy steak with tomatoes,Main Meal,Lunch,Peru,False,False,False,Spicy Steak with Tomatoes recipe,assets/main.avif,assets/card.avif,not-included-see-readme
987,REC-CAND-0987,Lentil and Asparagus Stir-Fry,lentil and asparagus stir fry,Main Meal,Dinner,Italy,False,False,False,Lentil and Asparagus Stir-Fry recipe,assets/main.avif,assets/card.avif,not-included-see-readme
988,REC-CAND-0988,Jamaican Turkey Tacos,jamaican turkey tacos,Main Meal,Dinner,China,False,False,False,Jamaican Turkey Tacos recipe,assets/main.avif,assets/card.avif,not-included-see-readme
989,REC-CAND-0989,Crispy Tuna with Green Beans,crispy tuna with green beans,Main Meal,Dinner,Spain,False,False,False,Crispy Tuna with Green Beans recipe,assets/main.avif,assets/card.avif,not-included-see-readme
990,REC-CAND-0990,Spanish Tempeh with Quinoa,spanish tempeh with quinoa,Main Meal,Lunch,Korea,False,False,False,Spanish Tempeh with Quinoa recipe,assets/main.avif,assets/card.avif,not-included-see-readme
991,REC-CAND-0991,Spicy Egg Quinoa Bowl,spicy egg quinoa bowl,Main Meal,Lunch,Spain,False,False,False,Spicy Egg Quinoa Bowl recipe,assets/main.avif,assets/card.avif,not-included-see-readme
992,REC-CAND-0992,Honey Soy Egg Chili,honey soy egg chili,Main Meal,Dinner,Jamaica,False,False,False,Honey Soy Egg Chili recipe,assets/main.avif,assets/card.avif,not-included-see-readme
993,REC-CAND-0993,Crispy Chickpea Tacos,crispy chickpea tacos,Main Meal,Dinner,Mexico,False,False,False,Crispy Chickpea Tacos recipe,assets/main.avif,assets/card.avif,not-included-see-readme
994,REC-CAND-0994,Garlic Steak with Carrots,garlic steak with carrots,Main Meal,Dinner,Spain,False,False,False,Garlic Steak with Carrots recipe,assets/main.avif,assets/card.avif,not-included-see-readme
995,REC-CAND-0995,Chicken and Mushrooms Wraps,chicken and mushrooms wraps,Main Meal,Dinner,Greece,False,False,False,Chicken and Mushrooms Wraps recipe,assets/main.avif,assets/card.avif,not-included-see-readme
996,REC-CAND-0996,Roasted Tempeh with Bell Peppers,roasted tempeh with bell peppers,Main Meal,Lunch,United States,False,False,False,Roasted Tempeh with Bell Peppers recipe,assets/main.avif,assets/card.avif,not-included-see-readme
997,REC-CAND-0997,Korean Steak Rice Bowl,korean steak rice bowl,Main Meal,Lunch,Korea,False,False,False,Korean Steak Rice Bowl recipe,assets/main.avif,assets/card.avif,not-included-see-readme
998,REC-CAND-0998,Sheet Pan Egg and Asparagus,sheet pan egg and asparagus,Main Meal,Lunch,Spain,False,False,False,Sheet Pan Egg and Asparagus recipe,assets/main.avif,assets/card.avif,not-included-see-readme
999,REC-CAND-0999,Black Bean and Bell Peppers Pasta,black bean and bell peppers pasta,Main Meal,Lunch,Jamaica,False,False,False,Black Bean and Bell Peppers Pasta recipe,assets/main.avif,assets/card.avif,not-included-see-readme
1000,REC-CAND-1000,Tuna and Asparagus Grain Bowl,tuna and asparagus grain bowl,Main Meal,Lunch,Korea,False,False,False,Tuna and Asparagus Grain Bowl recipe,assets/main.avif,assets/card.avif,not-included-see-readme
1001,REC-CAND-1001,Greek Sausage Rice Bowl,greek sausage rice bowl,Main Meal,Dinner,Senegal,True,False,False,Greek Sausage Rice Bowl recipe,assets/main.avif,assets/card.avif,not-included-see-readme
1002,REC-CAND-1002,Sheet Pan Egg and Corn,sheet pan egg and corn,Main Meal,Dinner,India,False,False,False,Sheet Pan Egg and Corn recipe,assets/main.avif,assets/card.avif,not-included-see-readme
1003,REC-CAND-1003,Sausage Stuffed Peppers,sausage stuffed peppers,Main Meal,Lunch,Greece,False,False,False,Sausage Stuffed Peppers recipe,assets/main.avif,assets/card.avif,not-included-see-readme
1004,REC-CAND-1004,Brazilian Egg with Quinoa,brazilian egg with quinoa,Main Meal,Dinner,Peru,False,False,False,Brazilian Egg with Quinoa recipe,assets/main.avif,assets/card.avif,not-included-see-readme
1005,REC-CAND-1005,American Salmon Tray Bake,american salmon tray bake,Main Meal,Lunch,Italy,False,False,False,American Salmon Tray Bake recipe,assets/main.avif,assets/card.avif,not-included-see-readme
1006,REC-CAND-1006,Tempeh and Broccoli Curry,tempeh and broccoli curry,Main Meal,Lunch,Thailand,False,False,False,Tempeh and Broccoli Curry recipe,assets/main.avif,assets/card.avif,not-included-see-readme
1007,REC-CAND-1007,Greek Lean Beef Noodle Bowl,greek lean beef noodle bowl,Main Meal,Lunch,India,False,False,False,Greek Lean Beef Noodle Bowl recipe,assets/main.avif,assets/card.avif,not-included-see-readme
1008,REC-CAND-1008,Sheet Pan Shrimp and Spinach,sheet pan shrimp and spinach,Main Meal,Lunch,Morocco,True,False,False,Sheet Pan Shrimp and Spinach recipe,assets/main.avif,assets/card.avif,not-included-see-readme
1009,REC-CAND-1009,American Tuna with Potatoes,american tuna with potatoes,Main Meal,Lunch,Philippines,False,False,False,American Tuna with Potatoes recipe,assets/main.avif,assets/card.avif,not-included-see-readme
1010,REC-CAND-1010,Sheet Pan Cod and Mushrooms,sheet pan cod and mushrooms,Main Meal,Dinner,Jamaica,False,False,False,Sheet Pan Cod and Mushrooms recipe,assets/main.avif,assets/card.avif,not-included-see-readme
1011,REC-CAND-1011,Chicken and Asparagus Baked Potatoes,chicken and asparagus baked potatoes,Main Meal,Dinner,Brazil,False,False,False,Chicken and Asparagus Baked Potatoes recipe,assets/main.avif,assets/card.avif,not-included-see-readme
1012,REC-CAND-1012,Moroccan Shrimp Noodle Bowl,moroccan shrimp noodle bowl,Main Meal,Dinner,Jamaica,False,False,False,Moroccan Shrimp Noodle Bowl recipe,assets/main.avif,assets/card.avif,not-included-see-readme
1013,REC-CAND-1013,Coconut Tempeh with Cucumber,coconut tempeh with cucumber,Main Meal,Dinner,China,False,False,False,Coconut Tempeh with Cucumber recipe,assets/main.avif,assets/card.avif,not-included-see-readme
1014,REC-CAND-1014,Sheet Pan Egg and Broccoli,sheet pan egg and broccoli,Main Meal,Lunch,Italy,False,False,False,Sheet Pan Egg and Broccoli recipe,assets/main.avif,assets/card.avif,not-included-see-readme
1015,REC-CAND-1015,Teriyaki Chicken with Green Beans,teriyaki chicken with green beans,Main Meal,Dinner,China,False,False,False,Teriyaki Chicken with Green Beans recipe,assets/main.avif,assets/card.avif,not-included-see-readme
1016,REC-CAND-1016,Pesto Tofu Skillet,pesto tofu skillet,Main Meal,Lunch,Peru,False,False,False,Pesto Tofu Skillet recipe,assets/main.avif,assets/card.avif,not-included-see-readme
1017,REC-CAND-1017,Smoky Tempeh with Cauliflower,smoky tempeh with cauliflower,Main Meal,Lunch,China,False,False,False,Smoky Tempeh with Cauliflower recipe,assets/main.avif,assets/card.avif,not-included-see-readme
1018,REC-CAND-1018,Sheet Pan Chickpea and Spinach,sheet pan chickpea and spinach,Main Meal,Dinner,France,False,False,False,Sheet Pan Chickpea and Spinach recipe,assets/main.avif,assets/card.avif,not-included-see-readme
1019,REC-CAND-1019,Mediterranean Lean Beef Wraps,mediterranean lean beef wraps,Main Meal,Dinner,United States,False,False,False,Mediterranean Lean Beef Wraps recipe,assets/main.avif,assets/card.avif,not-included-see-readme
1020,REC-CAND-1020,Italian Lean Beef Tacos,italian lean beef tacos,Main Meal,Dinner,Italy,False,False,False,Italian Lean Beef Tacos recipe,assets/main.avif,assets/card.avif,not-included-see-readme
1021,REC-CAND-1021,Mediterranean Chickpea Rice Bowl,mediterranean chickpea rice bowl,Main Meal,Lunch,Thailand,False,False,False,Mediterranean Chickpea Rice Bowl recipe,assets/main.avif,assets/card.avif,not-included-see-readme
1022,REC-CAND-1022,Sesame Salmon with Tomatoes,sesame salmon with tomatoes,Main Meal,Dinner,India,False,False,False,Sesame Salmon with Tomatoes recipe,assets/main.avif,assets/card.avif,not-included-see-readme
1023,REC-CAND-1023,Korean Tuna Rice Bowl,korean tuna rice bowl,Main Meal,Dinner,Brazil,False,False,False,Korean Tuna Rice Bowl recipe,assets/main.avif,assets/card.avif,not-included-see-readme
1024,REC-CAND-1024,Blackened Turkey Chili,blackened turkey chili,Main Meal,Dinner,Senegal,True,False,False,Blackened Turkey Chili recipe,assets/main.avif,assets/card.avif,not-included-see-readme
1025,REC-CAND-1025,Pesto Salmon Flatbread,pesto salmon flatbread,Main Meal,Lunch,Greece,False,False,False,Pesto Salmon Flatbread recipe,assets/main.avif,assets/card.avif,not-included-see-readme
1026,REC-CAND-1026,Sheet Pan Lean Beef and Asparagus,sheet pan lean beef and asparagus,Main Meal,Dinner,China,False,False,False,Sheet Pan Lean Beef and Asparagus recipe,assets/main.avif,assets/card.avif,not-included-see-readme
1027,REC-CAND-1027,Roasted Cod Soup,roasted cod soup,Main Meal,Dinner,Mongolia,True,False,False,Roasted Cod Soup recipe,assets/main.avif,assets/card.avif,not-included-see-readme
1028,REC-CAND-1028,Pesto Tempeh Soup,pesto tempeh soup,Main Meal,Dinner,Morocco,True,False,False,Pesto Tempeh Soup recipe,assets/main.avif,assets/card.avif,not-included-see-readme
1029,REC-CAND-1029,Spicy Pork Tenderloin Soup,spicy pork tenderloin soup,Main Meal,Lunch,Mexico,False,False,False,Spicy Pork Tenderloin Soup recipe,assets/main.avif,assets/card.avif,not-included-see-readme
1030,REC-CAND-1030,Pork Tenderloin and Cucumber Baked Potatoes,pork tenderloin and cucumber baked potatoes,Main Meal,Lunch,Indonesia,True,False,False,Pork Tenderloin and Cucumber Baked Potatoes recipe,assets/main.avif,assets/card.avif,not-included-see-readme
1031,REC-CAND-1031,French Steak Rice Bowl,french steak rice bowl,Main Meal,Lunch,Italy,False,False,False,French Steak Rice Bowl recipe,assets/main.avif,assets/card.avif,not-included-see-readme
1032,REC-CAND-1032,Cod and Green Beans Noodle Bowl,cod and green beans noodle bowl,Main Meal,Lunch,Greece,False,False,False,Cod and Green Beans Noodle Bowl recipe,assets/main.avif,assets/card.avif,not-included-see-readme
1033,REC-CAND-1033,Italian Tuna Tacos,italian tuna tacos,Main Meal,Dinner,China,False,False,False,Italian Tuna Tacos recipe,assets/main.avif,assets/card.avif,not-included-see-readme
1034,REC-CAND-1034,Honey Soy Lentil Chili,honey soy lentil chili,Main Meal,Lunch,China,False,False,False,Honey Soy Lentil Chili recipe,assets/main.avif,assets/card.avif,not-included-see-readme
1035,REC-CAND-1035,Greek Tempeh Wraps,greek tempeh wraps,Main Meal,Lunch,Jamaica,False,False,False,Greek Tempeh Wraps recipe,assets/main.avif,assets/card.avif,not-included-see-readme
1036,REC-CAND-1036,Tuna and Green Beans Orzo Skillet,tuna and green beans orzo skillet,Main Meal,Dinner,United States,False,False,False,Tuna and Green Beans Orzo Skillet recipe,assets/main.avif,assets/card.avif,not-included-see-readme
1037,REC-CAND-1037,Lentil Pasta Bake,lentil pasta bake,Main Meal,Dinner,Lebanon,True,False,False,Lentil Pasta Bake recipe,assets/main.avif,assets/card.avif,not-included-see-readme
1038,REC-CAND-1038,Sheet Pan Salmon and Tomatoes,sheet pan salmon and tomatoes,Main Meal,Dinner,Spain,False,False,False,Sheet Pan Salmon and Tomatoes recipe,assets/main.avif,assets/card.avif,not-included-see-readme
1039,REC-CAND-1039,Smoky Tempeh Soup,smoky tempeh soup,Main Meal,Lunch,Korea,False,False,False,Smoky Tempeh Soup recipe,assets/main.avif,assets/card.avif,not-included-see-readme
1040,REC-CAND-1040,Buffalo Egg with Kale,buffalo egg with kale,Main Meal,Lunch,India,False,False,False,Buffalo Egg with Kale recipe,assets/main.avif,assets/card.avif,not-included-see-readme
1041,REC-CAND-1041,Honey Soy Chicken with Mushrooms,honey soy chicken with mushrooms,Main Meal,Dinner,Philippines,False,False,False,Honey Soy Chicken with Mushrooms recipe,assets/main.avif,assets/card.avif,not-included-see-readme
1042,REC-CAND-1042,Honey Soy Lean Beef Chili,honey soy lean beef chili,Main Meal,Lunch,Greece,False,False,False,Honey Soy Lean Beef Chili recipe,assets/main.avif,assets/card.avif,not-included-see-readme
1043,REC-CAND-1043,Cajun Pork Tenderloin Curry,cajun pork tenderloin curry,Main Meal,Dinner,India,False,False,False,Cajun Pork Tenderloin Curry recipe,assets/main.avif,assets/card.avif,not-included-see-readme
1044,REC-CAND-1044,Roasted Egg Soup,roasted egg soup,Main Meal,Lunch,Greece,False,False,False,Roasted Egg Soup recipe,assets/main.avif,assets/card.avif,not-included-see-readme
1045,REC-CAND-1045,Crispy Shrimp Chili,crispy shrimp chili,Main Meal,Lunch,Italy,False,False,False,Crispy Shrimp Chili recipe,assets/main.avif,assets/card.avif,not-included-see-readme
1046,REC-CAND-1046,Indian Black Bean with Vegetables,indian black bean with vegetables,Main Meal,Lunch,Thailand,False,False,False,Indian Black Bean with Vegetables recipe,assets/main.avif,assets/card.avif,not-included-see-readme
1047,REC-CAND-1047,Black Bean and Asparagus Sweet Potato Hash,black bean and asparagus sweet potato hash,Main Meal,Breakfast,Brazil,False,False,False,Black Bean and Asparagus Sweet Potato Hash recipe,assets/main.avif,assets/card.avif,not-included-see-readme
1048,REC-CAND-1048,Filipino Chicken Soup,filipino chicken soup,Main Meal,Dinner,Jamaica,False,False,False,Filipino Chicken Soup recipe,assets/main.avif,assets/card.avif,not-included-see-readme
1049,REC-CAND-1049,Coconut Tofu Soup,coconut tofu soup,Main Meal,Lunch,Korea,False,False,False,Coconut Tofu Soup recipe,assets/main.avif,assets/card.avif,not-included-see-readme
1050,REC-CAND-1050,Sesame Tuna Noodle Bowl,sesame tuna noodle bowl,Main Meal,Dinner,Brazil,False,False,False,Sesame Tuna Noodle Bowl recipe,assets/main.avif,assets/card.avif,not-included-see-readme
1051,REC-CAND-1051,Sesame Tofu Flatbread,sesame tofu flatbread,Main Meal,Lunch,Peru,False,False,False,Sesame Tofu Flatbread recipe,assets/main.avif,assets/card.avif,not-included-see-readme
1052,REC-CAND-1052,Sheet Pan Salmon and Mushrooms,sheet pan salmon and mushrooms,Main Meal,Dinner,India,False,False,False,Sheet Pan Salmon and Mushrooms recipe,assets/main.avif,assets/card.avif,not-included-see-readme
1053,REC-CAND-1053,Chipotle Turkey with Corn,chipotle turkey with corn,Main Meal,Dinner,Greece,False,False,False,Chipotle Turkey with Corn recipe,assets/main.avif,assets/card.avif,not-included-see-readme
1054,REC-CAND-1054,Japanese Cod Chili,japanese cod chili,Main Meal,Lunch,Jamaica,False,False,False,Japanese Cod Chili recipe,assets/main.avif,assets/card.avif,not-included-see-readme
1055,REC-CAND-1055,American Salmon with Vegetables,american salmon with vegetables,Main Meal,Dinner,India,False,False,False,American Salmon with Vegetables recipe,assets/main.avif,assets/card.avif,not-included-see-readme
1056,REC-CAND-1056,Tofu Fried Rice,tofu fried rice,Main Meal,Lunch,Brazil,False,False,False,Tofu Fried Rice recipe,assets/main.avif,assets/card.avif,not-included-see-readme
1057,REC-CAND-1057,Tuna and Broccoli Soup,tuna and broccoli soup,Main Meal,Dinner,Brazil,False,False,False,Tuna and Broccoli Soup recipe,assets/main.avif,assets/card.avif,not-included-see-readme
1058,REC-CAND-1058,Steak Skillet,steak skillet,Main Meal,Dinner,Albania,True,False,False,Steak Skillet recipe,assets/main.avif,assets/card.avif,not-included-see-readme
1059,REC-CAND-1059,Salmon and Corn Tray Bake,salmon and corn tray bake,Main Meal,Dinner,Egypt,True,False,False,Salmon and Corn Tray Bake recipe,assets/main.avif,assets/card.avif,not-included-see-readme
1060,REC-CAND-1060,Roasted Steak with Bell Peppers,roasted steak with bell peppers,Main Meal,Lunch,United States,False,False,False,Roasted Steak with Bell Peppers recipe,assets/main.avif,assets/card.avif,not-included-see-readme
1061,REC-CAND-1061,Herbed Tempeh Soup,herbed tempeh soup,Main Meal,Lunch,United States,False,False,False,Herbed Tempeh Soup recipe,assets/main.avif,assets/card.avif,not-included-see-readme
1062,REC-CAND-1062,Ginger Chicken with Spinach,ginger chicken with spinach,Main Meal,Lunch,India,False,False,False,Ginger Chicken with Spinach recipe,assets/main.avif,assets/card.avif,not-included-see-readme
1063,REC-CAND-1063,Sheet Pan Cod and Asparagus,sheet pan cod and asparagus,Main Meal,Dinner,France,False,False,False,Sheet Pan Cod and Asparagus recipe,assets/main.avif,assets/card.avif,not-included-see-readme
1064,REC-CAND-1064,Cajun Lentil with Cucumber,cajun lentil with cucumber,Main Meal,Dinner,Korea,False,False,False,Cajun Lentil with Cucumber recipe,assets/main.avif,assets/card.avif,not-included-see-readme
1065,REC-CAND-1065,Spanish Turkey Tray Bake,spanish turkey tray bake,Main Meal,Dinner,United States,False,False,False,Spanish Turkey Tray Bake recipe,assets/main.avif,assets/card.avif,not-included-see-readme
1066,REC-CAND-1066,Mediterranean Pork Tenderloin Flatbread,mediterranean pork tenderloin flatbread,Main Meal,Lunch,Philippines,False,False,False,Mediterranean Pork Tenderloin Flatbread recipe,assets/main.avif,assets/card.avif,not-included-see-readme
1067,REC-CAND-1067,Garlic Tempeh Rice Bowl,garlic tempeh rice bowl,Main Meal,Dinner,Jamaica,False,False,False,Garlic Tempeh Rice Bowl recipe,assets/main.avif,assets/card.avif,not-included-see-readme
1068,REC-CAND-1068,Moroccan Turkey Noodle Bowl,moroccan turkey noodle bowl,Main Meal,Dinner,Japan,False,False,False,Moroccan Turkey Noodle Bowl recipe,assets/main.avif,assets/card.avif,not-included-see-readme
1069,REC-CAND-1069,Moroccan Egg Wraps,moroccan egg wraps,Main Meal,Lunch,Greece,False,False,False,Moroccan Egg Wraps recipe,assets/main.avif,assets/card.avif,not-included-see-readme
1070,REC-CAND-1070,Roasted Lean Beef Orzo Skillet,roasted lean beef orzo skillet,Main Meal,Dinner,Italy,False,False,False,Roasted Lean Beef Orzo Skillet recipe,assets/main.avif,assets/card.avif,not-included-see-readme
1071,REC-CAND-1071,Pesto Cod Soup,pesto cod soup,Main Meal,Lunch,Afghanistan,True,False,False,Pesto Cod Soup recipe,assets/main.avif,assets/card.avif,not-included-see-readme
1072,REC-CAND-1072,Balsamic Sausage with Cucumber,balsamic sausage with cucumber,Main Meal,Lunch,Peru,False,False,False,Balsamic Sausage with Cucumber recipe,assets/main.avif,assets/card.avif,not-included-see-readme
1073,REC-CAND-1073,Chickpea Taco Bowl,chickpea taco bowl,Main Meal,Dinner,Greece,False,False,False,Chickpea Taco Bowl recipe,assets/main.avif,assets/card.avif,not-included-see-readme
1074,REC-CAND-1074,Sheet Pan Tofu and Spinach,sheet pan tofu and spinach,Main Meal,Lunch,Philippines,False,False,False,Sheet Pan Tofu and Spinach recipe,assets/main.avif,assets/card.avif,not-included-see-readme
1075,REC-CAND-1075,Sheet Pan Tuna and Green Beans,sheet pan tuna and green beans,Main Meal,Lunch,Jamaica,False,False,False,Sheet Pan Tuna and Green Beans recipe,assets/main.avif,assets/card.avif,not-included-see-readme
1076,REC-CAND-1076,Brazilian Shrimp Rice Bowl,brazilian shrimp rice bowl,Main Meal,Lunch,Korea,False,False,False,Brazilian Shrimp Rice Bowl recipe,assets/main.avif,assets/card.avif,not-included-see-readme
1077,REC-CAND-1077,Jamaican Tempeh Stir-Fry,jamaican tempeh stir fry,Main Meal,Dinner,Japan,False,False,False,Jamaican Tempeh Stir-Fry recipe,assets/main.avif,assets/card.avif,not-included-see-readme
1078,REC-CAND-1078,Crispy Shrimp Casserole,crispy shrimp casserole,Main Meal,Lunch,Japan,False,False,False,Crispy Shrimp Casserole recipe,assets/main.avif,assets/card.avif,not-included-see-readme
1079,REC-CAND-1079,Garlic Chickpea Chili,garlic chickpea chili,Main Meal,Dinner,Jamaica,False,False,False,Garlic Chickpea Chili recipe,assets/main.avif,assets/card.avif,not-included-see-readme
1080,REC-CAND-1080,Pesto Lean Beef with Mushrooms,pesto lean beef with mushrooms,Main Meal,Dinner,Philippines,False,False,False,Pesto Lean Beef with Mushrooms recipe,assets/main.avif,assets/card.avif,not-included-see-readme
1081,REC-CAND-1081,Italian Pork Tenderloin with Quinoa,italian pork tenderloin with quinoa,Main Meal,Lunch,Spain,False,False,False,Italian Pork Tenderloin with Quinoa recipe,assets/main.avif,assets/card.avif,not-included-see-readme
1082,REC-CAND-1082,Pork Tenderloin and Mushrooms Salad Bowl,pork tenderloin and mushrooms salad bowl,Main Meal,Lunch,Greece,False,False,False,Pork Tenderloin and Mushrooms Salad Bowl recipe,assets/main.avif,assets/card.avif,not-included-see-readme
1083,REC-CAND-1083,Chicken and Kale Tray Bake,chicken and kale tray bake,Main Meal,Dinner,Indonesia,True,False,False,Chicken and Kale Tray Bake recipe,assets/main.avif,assets/card.avif,not-included-see-readme
1084,REC-CAND-1084,Turkey and Carrots Orzo Skillet,turkey and carrots orzo skillet,Main Meal,Lunch,United States,False,False,False,Turkey and Carrots Orzo Skillet recipe,assets/main.avif,assets/card.avif,not-included-see-readme
1085,REC-CAND-1085,Tempeh Taco Bowl,tempeh taco bowl,Main Meal,Lunch,Senegal,True,False,False,Tempeh Taco Bowl recipe,assets/main.avif,assets/card.avif,not-included-see-readme
1086,REC-CAND-1086,Pesto Lean Beef Chili,pesto lean beef chili,Main Meal,Lunch,United States,False,False,False,Pesto Lean Beef Chili recipe,assets/main.avif,assets/card.avif,not-included-see-readme
1087,REC-CAND-1087,Moroccan Lean Beef Wraps,moroccan lean beef wraps,Main Meal,Dinner,United States,False,False,False,Moroccan Lean Beef Wraps recipe,assets/main.avif,assets/card.avif,not-included-see-readme
1088,REC-CAND-1088,Spanish Pork Tenderloin Wraps,spanish pork tenderloin wraps,Main Meal,Lunch,Georgia,True,False,False,Spanish Pork Tenderloin Wraps recipe,assets/main.avif,assets/card.avif,not-included-see-readme
1089,REC-CAND-1089,Sausage Pita Plate,sausage pita plate,Main Meal,Lunch,Philippines,False,False,False,Sausage Pita Plate recipe,assets/main.avif,assets/card.avif,not-included-see-readme
1090,REC-CAND-1090,Japanese Steak Rice Bowl,japanese steak rice bowl,Main Meal,Dinner,Jamaica,False,False,False,Japanese Steak Rice Bowl recipe,assets/main.avif,assets/card.avif,not-included-see-readme
1091,REC-CAND-1091,Turkey and Kale Noodle Bowl,turkey and kale noodle bowl,Main Meal,Dinner,Mexico,False,False,False,Turkey and Kale Noodle Bowl recipe,assets/main.avif,assets/card.avif,not-included-see-readme
1092,REC-CAND-1092,Sheet Pan Lean Beef and Mushrooms,sheet pan lean beef and mushrooms,Main Meal,Lunch,India,False,False,False,Sheet Pan Lean Beef and Mushrooms recipe,assets/main.avif,assets/card.avif,not-included-see-readme
1093,REC-CAND-1093,French Chicken Flatbread,french chicken flatbread,Main Meal,Dinner,Spain,False,False,False,French Chicken Flatbread recipe,assets/main.avif,assets/card.avif,not-included-see-readme
1094,REC-CAND-1094,Crispy Steak with Broccoli,crispy steak with broccoli,Main Meal,Dinner,Italy,False,False,False,Crispy Steak with Broccoli recipe,assets/main.avif,assets/card.avif,not-included-see-readme
1095,REC-CAND-1095,Peruvian Black Bean with Quinoa,peruvian black bean with quinoa,Main Meal,Lunch,Spain,False,False,False,Peruvian Black Bean with Quinoa recipe,assets/main.avif,assets/card.avif,not-included-see-readme
1096,REC-CAND-1096,Balsamic Tuna with Kale,balsamic tuna with kale,Main Meal,Dinner,Philippines,False,False,False,Balsamic Tuna with Kale recipe,assets/main.avif,assets/card.avif,not-included-see-readme
1097,REC-CAND-1097,Salmon Curry Bowl,salmon curry bowl,Main Meal,Lunch,United States,False,False,False,Salmon Curry Bowl recipe,assets/main.avif,assets/card.avif,not-included-see-readme
1098,REC-CAND-1098,Peruvian Cod Rice Bowl,peruvian cod rice bowl,Main Meal,Dinner,Mexico,False,False,False,Peruvian Cod Rice Bowl recipe,assets/main.avif,assets/card.avif,not-included-see-readme
1099,REC-CAND-1099,Herbed Lentil with Bell Peppers,herbed lentil with bell peppers,Main Meal,Lunch,Japan,False,False,False,Herbed Lentil with Bell Peppers recipe,assets/main.avif,assets/card.avif,not-included-see-readme
1100,REC-CAND-1100,Brazilian Chickpea Chili,brazilian chickpea chili,Main Meal,Dinner,Italy,False,False,False,Brazilian Chickpea Chili recipe,assets/main.avif,assets/card.avif,not-included-see-readme
1101,REC-CAND-1101,Steak Taco Bowl,steak taco bowl,Main Meal,Dinner,Korea,False,False,False,Steak Taco Bowl recipe,assets/main.avif,assets/card.avif,not-included-see-readme
1102,REC-CAND-1102,Mexican Pork Tenderloin Wraps,mexican pork tenderloin wraps,Main Meal,Lunch,Spain,False,False,False,Mexican Pork Tenderloin Wraps recipe,assets/main.avif,assets/card.avif,not-included-see-readme
1103,REC-CAND-1103,Spanish Tofu Stew,spanish tofu stew,Main Meal,Lunch,Spain,False,False,False,Spanish Tofu Stew recipe,assets/main.avif,assets/card.avif,not-included-see-readme
1104,REC-CAND-1104,Herbed Shrimp Pasta,herbed shrimp pasta,Main Meal,Dinner,Mexico,False,False,False,Herbed Shrimp Pasta recipe,assets/main.avif,assets/card.avif,not-included-see-readme
1105,REC-CAND-1105,Filipino Sausage Wraps,filipino sausage wraps,Main Meal,Dinner,Thailand,False,False,False,Filipino Sausage Wraps recipe,assets/main.avif,assets/card.avif,not-included-see-readme
1106,REC-CAND-1106,Harissa Steak with Tomatoes,harissa steak with tomatoes,Main Meal,Lunch,Peru,False,False,False,Harissa Steak with Tomatoes recipe,assets/main.avif,assets/card.avif,not-included-see-readme
1107,REC-CAND-1107,Indian Salmon Sweet Potato Hash,indian salmon sweet potato hash,Main Meal,Breakfast,Korea,False,False,False,Indian Salmon Sweet Potato Hash recipe,assets/main.avif,assets/card.avif,not-included-see-readme
1108,REC-CAND-1108,Peruvian Tempeh Chili,peruvian tempeh chili,Main Meal,Dinner,Japan,False,False,False,Peruvian Tempeh Chili recipe,assets/main.avif,assets/card.avif,not-included-see-readme
1109,REC-CAND-1109,French Egg Skillet,french egg skillet,Main Meal,Dinner,United States,False,False,False,French Egg Skillet recipe,assets/main.avif,assets/card.avif,not-included-see-readme
1110,REC-CAND-1110,Herbed Pork Tenderloin Stew,herbed pork tenderloin stew,Main Meal,Dinner,Italy,False,False,False,Herbed Pork Tenderloin Stew recipe,assets/main.avif,assets/card.avif,not-included-see-readme
1111,REC-CAND-1111,Sheet Pan Sausage and Mushrooms,sheet pan sausage and mushrooms,Main Meal,Lunch,China,False,False,False,Sheet Pan Sausage and Mushrooms recipe,assets/main.avif,assets/card.avif,not-included-see-readme
1112,REC-CAND-1112,Balsamic Cod Stew,balsamic cod stew,Main Meal,Dinner,Italy,False,False,False,Balsamic Cod Stew recipe,assets/main.avif,assets/card.avif,not-included-see-readme
1113,REC-CAND-1113,Tomato Basil Chicken with Spinach,tomato basil chicken with spinach,Main Meal,Lunch,Japan,False,False,False,Tomato Basil Chicken with Spinach recipe,assets/main.avif,assets/card.avif,not-included-see-readme
1114,REC-CAND-1114,Chickpea and Broccoli Stew,chickpea and broccoli stew,Main Meal,Lunch,Spain,False,False,False,Chickpea and Broccoli Stew recipe,assets/main.avif,assets/card.avif,not-included-see-readme
1115,REC-CAND-1115,Filipino Cod Rice Bowl,filipino cod rice bowl,Main Meal,Lunch,Jamaica,False,False,False,Filipino Cod Rice Bowl recipe,assets/main.avif,assets/card.avif,not-included-see-readme
1116,REC-CAND-1116,Brazilian Chickpea Sweet Potato Hash,brazilian chickpea sweet potato hash,Main Meal,Breakfast,Mexico,False,False,False,Brazilian Chickpea Sweet Potato Hash recipe,assets/main.avif,assets/card.avif,not-included-see-readme
1117,REC-CAND-1117,Garlic Pork Tenderloin Noodle Bowl,garlic pork tenderloin noodle bowl,Main Meal,Lunch,Jamaica,False,False,False,Garlic Pork Tenderloin Noodle Bowl recipe,assets/main.avif,assets/card.avif,not-included-see-readme
1118,REC-CAND-1118,Lemon Tempeh Chili,lemon tempeh chili,Main Meal,Dinner,Japan,False,False,False,Lemon Tempeh Chili recipe,assets/main.avif,assets/card.avif,not-included-see-readme
1119,REC-CAND-1119,Korean Black Bean Wraps,korean black bean wraps,Main Meal,Dinner,Greece,False,False,False,Korean Black Bean Wraps recipe,assets/main.avif,assets/card.avif,not-included-see-readme
1120,REC-CAND-1120,Spicy Cod Soup,spicy cod soup,Main Meal,Lunch,Philippines,False,False,False,Spicy Cod Soup recipe,assets/main.avif,assets/card.avif,not-included-see-readme
1121,REC-CAND-1121,Pork Tenderloin Burrito Bowl,pork tenderloin burrito bowl,Main Meal,Lunch,Japan,False,False,False,Pork Tenderloin Burrito Bowl recipe,assets/main.avif,assets/card.avif,not-included-see-readme
1122,REC-CAND-1122,Smoky Black Bean Rice Bowl,smoky black bean rice bowl,Main Meal,Dinner,China,False,False,False,Smoky Black Bean Rice Bowl recipe,assets/main.avif,assets/card.avif,not-included-see-readme
1123,REC-CAND-1123,Tofu Curry Bowl,tofu curry bowl,Main Meal,Dinner,United States,False,False,False,Tofu Curry Bowl recipe,assets/main.avif,assets/card.avif,not-included-see-readme
1124,REC-CAND-1124,American Tofu with Noodles,american tofu with noodles,Main Meal,Dinner,Egypt,True,False,False,American Tofu with Noodles recipe,assets/main.avif,assets/card.avif,not-included-see-readme
1125,REC-CAND-1125,Honey Soy Tempeh Quinoa Bowl,honey soy tempeh quinoa bowl,Main Meal,Dinner,Ghana,True,False,False,Honey Soy Tempeh Quinoa Bowl recipe,assets/main.avif,assets/card.avif,not-included-see-readme
1126,REC-CAND-1126,American Tofu Baked Potatoes,american tofu baked potatoes,Main Meal,Lunch,Uzbekistan,True,False,False,American Tofu Baked Potatoes recipe,assets/main.avif,assets/card.avif,not-included-see-readme
1127,REC-CAND-1127,Spanish Sausage Tray Bake,spanish sausage tray bake,Main Meal,Lunch,Mexico,False,False,False,Spanish Sausage Tray Bake recipe,assets/main.avif,assets/card.avif,not-included-see-readme
1128,REC-CAND-1128,Sheet Pan Steak and Tomatoes,sheet pan steak and tomatoes,Main Meal,Dinner,Japan,False,False,False,Sheet Pan Steak and Tomatoes recipe,assets/main.avif,assets/card.avif,not-included-see-readme
1129,REC-CAND-1129,Chinese Lentil Tray Bake,chinese lentil tray bake,Main Meal,Dinner,Peru,False,False,False,Chinese Lentil Tray Bake recipe,assets/main.avif,assets/card.avif,not-included-see-readme
1130,REC-CAND-1130,Herbed Sausage Stew,herbed sausage stew,Main Meal,Dinner,Italy,False,False,False,Herbed Sausage Stew recipe,assets/main.avif,assets/card.avif,not-included-see-readme
1131,REC-CAND-1131,Smoky Tofu with Asparagus,smoky tofu with asparagus,Main Meal,Dinner,Philippines,False,False,False,Smoky Tofu with Asparagus recipe,assets/main.avif,assets/card.avif,not-included-see-readme
1132,REC-CAND-1132,Chinese Lean Beef Rice Bowl,chinese lean beef rice bowl,Main Meal,Dinner,India,False,False,False,Chinese Lean Beef Rice Bowl recipe,assets/main.avif,assets/card.avif,not-included-see-readme
1133,REC-CAND-1133,Cod and Broccoli Wraps,cod and broccoli wraps,Main Meal,Lunch,France,False,False,False,Cod and Broccoli Wraps recipe,assets/main.avif,assets/card.avif,not-included-see-readme
1134,REC-CAND-1134,Chinese Chicken Flatbread,chinese chicken flatbread,Main Meal,Lunch,Japan,False,False,False,Chinese Chicken Flatbread recipe,assets/main.avif,assets/card.avif,not-included-see-readme
1135,REC-CAND-1135,Teriyaki Cod with Bell Peppers,teriyaki cod with bell peppers,Main Meal,Lunch,United States,False,False,False,Teriyaki Cod with Bell Peppers recipe,assets/main.avif,assets/card.avif,not-included-see-readme
1136,REC-CAND-1136,American Turkey with Rice,american turkey with rice,Main Meal,Lunch,Spain,False,False,False,American Turkey with Rice recipe,assets/main.avif,assets/card.avif,not-included-see-readme
1137,REC-CAND-1137,Filipino Cod with Noodles,filipino cod with noodles,Main Meal,Lunch,United States,False,False,False,Filipino Cod with Noodles recipe,assets/main.avif,assets/card.avif,not-included-see-readme
1138,REC-CAND-1138,Chipotle Shrimp Curry,chipotle shrimp curry,Main Meal,Lunch,India,False,False,False,Chipotle Shrimp Curry recipe,assets/main.avif,assets/card.avif,not-included-see-readme
1139,REC-CAND-1139,Pesto Cod Stew,pesto cod stew,Main Meal,Dinner,Nigeria,True,False,False,Pesto Cod Stew recipe,assets/main.avif,assets/card.avif,not-included-see-readme
1140,REC-CAND-1140,Lean Beef and Carrots Baked Potatoes,lean beef and carrots baked potatoes,Main Meal,Lunch,Brazil,False,False,False,Lean Beef and Carrots Baked Potatoes recipe,assets/main.avif,assets/card.avif,not-included-see-readme
1141,REC-CAND-1141,French Sausage with Potatoes,french sausage with potatoes,Main Meal,Lunch,Peru,False,False,False,French Sausage with Potatoes recipe,assets/main.avif,assets/card.avif,not-included-see-readme
1142,REC-CAND-1142,Pesto Steak Sweet Potato Hash,pesto steak sweet potato hash,Main Meal,Breakfast,France,False,False,False,Pesto Steak Sweet Potato Hash recipe,assets/main.avif,assets/card.avif,not-included-see-readme
1143,REC-CAND-1143,Spicy Chickpea Soup,spicy chickpea soup,Main Meal,Lunch,Jamaica,False,False,False,Spicy Chickpea Soup recipe,assets/main.avif,assets/card.avif,not-included-see-readme
1144,REC-CAND-1144,Spanish Steak Grain Bowl,spanish steak grain bowl,Main Meal,Lunch,Greece,False,False,False,Spanish Steak Grain Bowl recipe,assets/main.avif,assets/card.avif,not-included-see-readme
1145,REC-CAND-1145,Sesame Egg Stew,sesame egg stew,Main Meal,Lunch,Greece,False,False,False,Sesame Egg Stew recipe,assets/main.avif,assets/card.avif,not-included-see-readme
1146,REC-CAND-1146,Balsamic Cod Grain Bowl,balsamic cod grain bowl,Main Meal,Dinner,Mexico,False,False,False,Balsamic Cod Grain Bowl recipe,assets/main.avif,assets/card.avif,not-included-see-readme
1147,REC-CAND-1147,Spicy Black Bean Noodle Bowl,spicy black bean noodle bowl,Main Meal,Dinner,Greece,False,False,False,Spicy Black Bean Noodle Bowl recipe,assets/main.avif,assets/card.avif,not-included-see-readme
1148,REC-CAND-1148,Mediterranean Sausage Tacos,mediterranean sausage tacos,Main Meal,Dinner,Japan,False,False,False,Mediterranean Sausage Tacos recipe,assets/main.avif,assets/card.avif,not-included-see-readme
1149,REC-CAND-1149,Herbed Tempeh Orzo Skillet,herbed tempeh orzo skillet,Main Meal,Lunch,France,False,False,False,Herbed Tempeh Orzo Skillet recipe,assets/main.avif,assets/card.avif,not-included-see-readme
1150,REC-CAND-1150,Black Bean and Tomatoes Sweet Potato Hash,black bean and tomatoes sweet potato hash,Main Meal,Breakfast,Spain,False,False,False,Black Bean and Tomatoes Sweet Potato Hash recipe,assets/main.avif,assets/card.avif,not-included-see-readme
1151,REC-CAND-1151,French Pork Tenderloin Stir-Fry,french pork tenderloin stir fry,Main Meal,Dinner,Japan,False,False,False,French Pork Tenderloin Stir-Fry recipe,assets/main.avif,assets/card.avif,not-included-see-readme
1152,REC-CAND-1152,Cod and Cucumber Pasta,cod and cucumber pasta,Main Meal,Lunch,Jamaica,False,False,False,Cod and Cucumber Pasta recipe,assets/main.avif,assets/card.avif,not-included-see-readme
1153,REC-CAND-1153,Cajun Pork Tenderloin Soup,cajun pork tenderloin soup,Main Meal,Dinner,Mexico,False,False,False,Cajun Pork Tenderloin Soup recipe,assets/main.avif,assets/card.avif,not-included-see-readme
1154,REC-CAND-1154,Pork Tenderloin and Bell Peppers Pasta,pork tenderloin and bell peppers pasta,Main Meal,Dinner,Jamaica,False,False,False,Pork Tenderloin and Bell Peppers Pasta recipe,assets/main.avif,assets/card.avif,not-included-see-readme
1155,REC-CAND-1155,Brazilian Pork Tenderloin Rice Bowl,brazilian pork tenderloin rice bowl,Main Meal,Dinner,India,False,False,False,Brazilian Pork Tenderloin Rice Bowl recipe,assets/main.avif,assets/card.avif,not-included-see-readme
1156,REC-CAND-1156,Honey Soy Lean Beef with Broccoli,honey soy lean beef with broccoli,Main Meal,Lunch,Brazil,False,False,False,Honey Soy Lean Beef with Broccoli recipe,assets/main.avif,assets/card.avif,not-included-see-readme
1157,REC-CAND-1157,Korean Tofu Rice Bowl,korean tofu rice bowl,Main Meal,Lunch,Greece,False,False,False,Korean Tofu Rice Bowl recipe,assets/main.avif,assets/card.avif,not-included-see-readme
1158,REC-CAND-1158,Turkey and Corn Noodle Bowl,turkey and corn noodle bowl,Main Meal,Lunch,China,False,False,False,Turkey and Corn Noodle Bowl recipe,assets/main.avif,assets/card.avif,not-included-see-readme
1159,REC-CAND-1159,Salmon and Green Beans Rice Bowl,salmon and green beans rice bowl,Main Meal,Lunch,Mexico,False,False,False,Salmon and Green Beans Rice Bowl recipe,assets/main.avif,assets/card.avif,not-included-see-readme
1160,REC-CAND-1160,Chicken and Bell Peppers Flatbread,chicken and bell peppers flatbread,Main Meal,Lunch,Afghanistan,True,False,False,Chicken and Bell Peppers Flatbread recipe,assets/main.avif,assets/card.avif,not-included-see-readme
1161,REC-CAND-1161,Sheet Pan Tofu and Corn,sheet pan tofu and corn,Main Meal,Lunch,Thailand,False,False,False,Sheet Pan Tofu and Corn recipe,assets/main.avif,assets/card.avif,not-included-see-readme
1162,REC-CAND-1162,Teriyaki Steak Noodle Bowl,teriyaki steak noodle bowl,Main Meal,Lunch,France,False,False,False,Teriyaki Steak Noodle Bowl recipe,assets/main.avif,assets/card.avif,not-included-see-readme
1163,REC-CAND-1163,Coconut Cod with Mushrooms,coconut cod with mushrooms,Main Meal,Lunch,China,False,False,False,Coconut Cod with Mushrooms recipe,assets/main.avif,assets/card.avif,not-included-see-readme
1164,REC-CAND-1164,Ginger Lean Beef with Bell Peppers,ginger lean beef with bell peppers,Main Meal,Lunch,Tunisia,True,False,False,Ginger Lean Beef with Bell Peppers recipe,assets/main.avif,assets/card.avif,not-included-see-readme
1165,REC-CAND-1165,Peruvian Chickpea Tacos,peruvian chickpea tacos,Main Meal,Dinner,Brazil,False,False,False,Peruvian Chickpea Tacos recipe,assets/main.avif,assets/card.avif,not-included-see-readme
1166,REC-CAND-1166,Sesame Tempeh Soup,sesame tempeh soup,Main Meal,Dinner,Jamaica,False,False,False,Sesame Tempeh Soup recipe,assets/main.avif,assets/card.avif,not-included-see-readme
1167,REC-CAND-1167,Mediterranean Tuna Curry,mediterranean tuna curry,Main Meal,Dinner,Korea,False,False,False,Mediterranean Tuna Curry recipe,assets/main.avif,assets/card.avif,not-included-see-readme
1168,REC-CAND-1168,Japanese Shrimp Stir-Fry,japanese shrimp stir fry,Main Meal,Lunch,Mexico,False,False,False,Japanese Shrimp Stir-Fry recipe,assets/main.avif,assets/card.avif,not-included-see-readme
1169,REC-CAND-1169,Buffalo Chicken with Cabbage,buffalo chicken with cabbage,Main Meal,Lunch,Spain,False,False,False,Buffalo Chicken with Cabbage recipe,assets/main.avif,assets/card.avif,not-included-see-readme
1170,REC-CAND-1170,Honey Soy Cod Soup,honey soy cod soup,Main Meal,Dinner,United States,False,False,False,Honey Soy Cod Soup recipe,assets/main.avif,assets/card.avif,not-included-see-readme
1171,REC-CAND-1171,Caribbean Tofu with Quinoa,caribbean tofu with quinoa,Main Meal,Lunch,India,False,False,False,Caribbean Tofu with Quinoa recipe,assets/main.avif,assets/card.avif,not-included-see-readme
1172,REC-CAND-1172,Korean Chickpea Tray Bake,korean chickpea tray bake,Main Meal,Dinner,Armenia,True,False,False,Korean Chickpea Tray Bake recipe,assets/main.avif,assets/card.avif,not-included-see-readme
1173,REC-CAND-1173,Blackened Turkey Soup,blackened turkey soup,Main Meal,Lunch,Peru,False,False,False,Blackened Turkey Soup recipe,assets/main.avif,assets/card.avif,not-included-see-readme
1174,REC-CAND-1174,Japanese Tuna Noodle Bowl,japanese tuna noodle bowl,Main Meal,Dinner,Spain,False,False,False,Japanese Tuna Noodle Bowl recipe,assets/main.avif,assets/card.avif,not-included-see-readme
1175,REC-CAND-1175,Pork Tenderloin Pilaf Bowl,pork tenderloin pilaf bowl,Main Meal,Dinner,Albania,True,False,False,Pork Tenderloin Pilaf Bowl recipe,assets/main.avif,assets/card.avif,not-included-see-readme
1176,REC-CAND-1176,Peruvian Pork Tenderloin Stir-Fry,peruvian pork tenderloin stir fry,Main Meal,Lunch,Thailand,False,False,False,Peruvian Pork Tenderloin Stir-Fry recipe,assets/main.avif,assets/card.avif,not-included-see-readme
1177,REC-CAND-1177,French Tempeh Tacos,french tempeh tacos,Main Meal,Dinner,Japan,False,False,False,French Tempeh Tacos recipe,assets/main.avif,assets/card.avif,not-included-see-readme
1178,REC-CAND-1178,Chipotle Lean Beef Chili,chipotle lean beef chili,Main Meal,Dinner,Thailand,False,False,False,Chipotle Lean Beef Chili recipe,assets/main.avif,assets/card.avif,not-included-see-readme
1179,REC-CAND-1179,Sheet Pan Pork Tenderloin and Broccoli,sheet pan pork tenderloin and broccoli,Main Meal,Dinner,Brazil,False,False,False,Sheet Pan Pork Tenderloin and Broccoli recipe,assets/main.avif,assets/card.avif,not-included-see-readme
1180,REC-CAND-1180,Ginger Turkey with Corn,ginger turkey with corn,Main Meal,Lunch,Philippines,False,False,False,Ginger Turkey with Corn recipe,assets/main.avif,assets/card.avif,not-included-see-readme
1181,REC-CAND-1181,Chinese Shrimp Soup,chinese shrimp soup,Main Meal,Dinner,Korea,False,False,False,Chinese Shrimp Soup recipe,assets/main.avif,assets/card.avif,not-included-see-readme
1182,REC-CAND-1182,Greek Egg Orzo Skillet,greek egg orzo skillet,Main Meal,Dinner,Peru,False,False,False,Greek Egg Orzo Skillet recipe,assets/main.avif,assets/card.avif,not-included-see-readme
1183,REC-CAND-1183,Moroccan Sausage with Quinoa,moroccan sausage with quinoa,Main Meal,Lunch,United States,False,False,False,Moroccan Sausage with Quinoa recipe,assets/main.avif,assets/card.avif,not-included-see-readme
1184,REC-CAND-1184,Sesame Pork Tenderloin Wraps,sesame pork tenderloin wraps,Main Meal,Dinner,France,False,False,False,Sesame Pork Tenderloin Wraps recipe,assets/main.avif,assets/card.avif,not-included-see-readme
1185,REC-CAND-1185,Lemon Lentil Stew,lemon lentil stew,Main Meal,Lunch,Ghana,True,False,False,Lemon Lentil Stew recipe,assets/main.avif,assets/card.avif,not-included-see-readme
1186,REC-CAND-1186,Cod and Spinach Curry,cod and spinach curry,Main Meal,Dinner,Mexico,False,False,False,Cod and Spinach Curry recipe,assets/main.avif,assets/card.avif,not-included-see-readme
1187,REC-CAND-1187,Teriyaki Salmon Casserole,teriyaki salmon casserole,Main Meal,Lunch,India,False,False,False,Teriyaki Salmon Casserole recipe,assets/main.avif,assets/card.avif,not-included-see-readme
1188,REC-CAND-1188,Tomato Basil Lentil Flatbread,tomato basil lentil flatbread,Main Meal,Lunch,India,False,False,False,Tomato Basil Lentil Flatbread recipe,assets/main.avif,assets/card.avif,not-included-see-readme
1189,REC-CAND-1189,Pork Tenderloin and Broccoli Skillet,pork tenderloin and broccoli skillet,Main Meal,Dinner,Peru,False,False,False,Pork Tenderloin and Broccoli Skillet recipe,assets/main.avif,assets/card.avif,not-included-see-readme
1190,REC-CAND-1190,Sausage Pasta Bake,sausage pasta bake,Main Meal,Lunch,India,False,False,False,Sausage Pasta Bake recipe,assets/main.avif,assets/card.avif,not-included-see-readme
1191,REC-CAND-1191,Coconut Pork Tenderloin with Broccoli,coconut pork tenderloin with broccoli,Main Meal,Lunch,Philippines,False,False,False,Coconut Pork Tenderloin with Broccoli recipe,assets/main.avif,assets/card.avif,not-included-see-readme
1192,REC-CAND-1192,Caribbean Chicken with Noodles,caribbean chicken with noodles,Main Meal,Lunch,India,False,False,False,Caribbean Chicken with Noodles recipe,assets/main.avif,assets/card.avif,not-included-see-readme
1193,REC-CAND-1193,Sheet Pan Egg and Green Beans,sheet pan egg and green beans,Main Meal,Dinner,Brazil,False,False,False,Sheet Pan Egg and Green Beans recipe,assets/main.avif,assets/card.avif,not-included-see-readme
1194,REC-CAND-1194,Teriyaki Steak Pasta,teriyaki steak pasta,Main Meal,Dinner,France,False,False,False,Teriyaki Steak Pasta recipe,assets/main.avif,assets/card.avif,not-included-see-readme
1195,REC-CAND-1195,Spicy Sausage Salad Bowl,spicy sausage salad bowl,Main Meal,Lunch,France,False,False,False,Spicy Sausage Salad Bowl recipe,assets/main.avif,assets/card.avif,not-included-see-readme
1196,REC-CAND-1196,Teriyaki Black Bean Salad Bowl,teriyaki black bean salad bowl,Main Meal,Lunch,China,False,False,False,Teriyaki Black Bean Salad Bowl recipe,assets/main.avif,assets/card.avif,not-included-see-readme
1197,REC-CAND-1197,Crispy Sausage Casserole,crispy sausage casserole,Main Meal,Dinner,Peru,False,False,False,Crispy Sausage Casserole recipe,assets/main.avif,assets/card.avif,not-included-see-readme
1198,REC-CAND-1198,Jamaican Lentil with Noodles,jamaican lentil with noodles,Main Meal,Dinner,Japan,False,False,False,Jamaican Lentil with Noodles recipe,assets/main.avif,assets/card.avif,not-included-see-readme
1199,REC-CAND-1199,Honey Soy Chicken Stew,honey soy chicken stew,Main Meal,Dinner,Italy,False,False,False,Honey Soy Chicken Stew recipe,assets/main.avif,assets/card.avif,not-included-see-readme
1200,REC-CAND-1200,Pesto Tuna Casserole,pesto tuna casserole,Main Meal,Dinner,Jamaica,False,False,False,Pesto Tuna Casserole recipe,assets/main.avif,assets/card.avif,not-included-see-readme
1201,REC-CAND-1201,Brazilian Chickpea Wraps,brazilian chickpea wraps,Main Meal,Lunch,China,False,False,False,Brazilian Chickpea Wraps recipe,assets/main.avif,assets/card.avif,not-included-see-readme
1202,REC-CAND-1202,Thai Salmon Skillet,thai salmon skillet,Main Meal,Dinner,United States,False,False,False,Thai Salmon Skillet recipe,assets/main.avif,assets/card.avif,not-included-see-readme
1203,REC-CAND-1203,Smoky Egg with Zucchini,smoky egg with zucchini,Main Meal,Lunch,Japan,False,False,False,Smoky Egg with Zucchini recipe,assets/main.avif,assets/card.avif,not-included-see-readme
1204,REC-CAND-1204,Balsamic Shrimp Soup,balsamic shrimp soup,Main Meal,Lunch,Japan,False,False,False,Balsamic Shrimp Soup recipe,assets/main.avif,assets/card.avif,not-included-see-readme
1205,REC-CAND-1205,Smoky Chicken Salad Bowl,smoky chicken salad bowl,Main Meal,Lunch,Mexico,False,False,False,Smoky Chicken Salad Bowl recipe,assets/main.avif,assets/card.avif,not-included-see-readme
1206,REC-CAND-1206,Japanese Tofu Curry,japanese tofu curry,Main Meal,Dinner,Botswana,True,False,False,Japanese Tofu Curry recipe,assets/main.avif,assets/card.avif,not-included-see-readme
1207,REC-CAND-1207,Crispy Chickpea Orzo Skillet,crispy chickpea orzo skillet,Main Meal,Lunch,China,False,False,False,Crispy Chickpea Orzo Skillet recipe,assets/main.avif,assets/card.avif,not-included-see-readme
1208,REC-CAND-1208,Salmon and Broccoli Tacos,salmon and broccoli tacos,Main Meal,Lunch,Spain,False,False,False,Salmon and Broccoli Tacos recipe,assets/main.avif,assets/card.avif,not-included-see-readme
1209,REC-CAND-1209,Roasted Cod Orzo Skillet,roasted cod orzo skillet,Main Meal,Lunch,India,False,False,False,Roasted Cod Orzo Skillet recipe,assets/main.avif,assets/card.avif,not-included-see-readme
1210,REC-CAND-1210,Harissa Pork Tenderloin with Spinach,harissa pork tenderloin with spinach,Main Meal,Dinner,United States,False,False,False,Harissa Pork Tenderloin with Spinach recipe,assets/main.avif,assets/card.avif,not-included-see-readme
1211,REC-CAND-1211,Korean Shrimp with Quinoa,korean shrimp with quinoa,Main Meal,Lunch,Greece,False,False,False,Korean Shrimp with Quinoa recipe,assets/main.avif,assets/card.avif,not-included-see-readme
1212,REC-CAND-1212,Moroccan Tofu Rice Bowl,moroccan tofu rice bowl,Main Meal,Lunch,Peru,False,False,False,Moroccan Tofu Rice Bowl recipe,assets/main.avif,assets/card.avif,not-included-see-readme
1213,REC-CAND-1213,American Salmon Wraps,american salmon wraps,Main Meal,Dinner,France,False,False,False,American Salmon Wraps recipe,assets/main.avif,assets/card.avif,not-included-see-readme
1214,REC-CAND-1214,Lentil and Carrots Tray Bake,lentil and carrots tray bake,Main Meal,Lunch,Peru,False,False,False,Lentil and Carrots Tray Bake recipe,assets/main.avif,assets/card.avif,not-included-see-readme
1215,REC-CAND-1215,Sheet Pan Chicken and Asparagus,sheet pan chicken and asparagus,Main Meal,Lunch,China,False,False,False,Sheet Pan Chicken and Asparagus recipe,assets/main.avif,assets/card.avif,not-included-see-readme
1216,REC-CAND-1216,Smoky Tempeh Orzo Skillet,smoky tempeh orzo skillet,Main Meal,Dinner,Philippines,False,False,False,Smoky Tempeh Orzo Skillet recipe,assets/main.avif,assets/card.avif,not-included-see-readme
1217,REC-CAND-1217,Spanish Egg Tacos,spanish egg tacos,Main Meal,Dinner,China,False,False,False,Spanish Egg Tacos recipe,assets/main.avif,assets/card.avif,not-included-see-readme
1218,REC-CAND-1218,Thai Tuna Flatbread,thai tuna flatbread,Main Meal,Lunch,Philippines,False,False,False,Thai Tuna Flatbread recipe,assets/main.avif,assets/card.avif,not-included-see-readme
1219,REC-CAND-1219,Sheet Pan Black Bean and Cucumber,sheet pan black bean and cucumber,Main Meal,Lunch,Greece,False,False,False,Sheet Pan Black Bean and Cucumber recipe,assets/main.avif,assets/card.avif,not-included-see-readme
1220,REC-CAND-1220,Sausage Burrito Bowl,sausage burrito bowl,Main Meal,Dinner,Mexico,False,False,False,Sausage Burrito Bowl recipe,assets/main.avif,assets/card.avif,not-included-see-readme
1221,REC-CAND-1221,Balsamic Turkey Soup,balsamic turkey soup,Main Meal,Dinner,Brazil,False,False,False,Balsamic Turkey Soup recipe,assets/main.avif,assets/card.avif,not-included-see-readme
1222,REC-CAND-1222,Caribbean Cod Skillet,caribbean cod skillet,Main Meal,Dinner,India,False,False,False,Caribbean Cod Skillet recipe,assets/main.avif,assets/card.avif,not-included-see-readme
1223,REC-CAND-1223,Sesame Turkey Casserole,sesame turkey casserole,Main Meal,Lunch,Brazil,False,False,False,Sesame Turkey Casserole recipe,assets/main.avif,assets/card.avif,not-included-see-readme
1224,REC-CAND-1224,Chipotle Steak Rice Bowl,chipotle steak rice bowl,Main Meal,Lunch,Italy,False,False,False,Chipotle Steak Rice Bowl recipe,assets/main.avif,assets/card.avif,not-included-see-readme
1225,REC-CAND-1225,Cajun Black Bean with Spinach,cajun black bean with spinach,Main Meal,Dinner,Philippines,False,False,False,Cajun Black Bean with Spinach recipe,assets/main.avif,assets/card.avif,not-included-see-readme
1226,REC-CAND-1226,Balsamic Chicken Quinoa Bowl,balsamic chicken quinoa bowl,Main Meal,Lunch,Mexico,False,False,False,Balsamic Chicken Quinoa Bowl recipe,assets/main.avif,assets/card.avif,not-included-see-readme
1227,REC-CAND-1227,Lean Beef Pilaf Bowl,lean beef pilaf bowl,Main Meal,Lunch,Japan,False,False,False,Lean Beef Pilaf Bowl recipe,assets/main.avif,assets/card.avif,not-included-see-readme
1228,REC-CAND-1228,Egg and Green Beans Orzo Skillet,egg and green beans orzo skillet,Main Meal,Dinner,Jamaica,False,False,False,Egg and Green Beans Orzo Skillet recipe,assets/main.avif,assets/card.avif,not-included-see-readme
1229,REC-CAND-1229,Moroccan Cod Skillet,moroccan cod skillet,Main Meal,Dinner,Mongolia,True,False,False,Moroccan Cod Skillet recipe,assets/main.avif,assets/card.avif,not-included-see-readme
1230,REC-CAND-1230,Herbed Lentil with Kale,herbed lentil with kale,Main Meal,Lunch,Philippines,False,False,False,Herbed Lentil with Kale recipe,assets/main.avif,assets/card.avif,not-included-see-readme
1231,REC-CAND-1231,Herbed Sausage with Broccoli,herbed sausage with broccoli,Main Meal,Dinner,Thailand,False,False,False,Herbed Sausage with Broccoli recipe,assets/main.avif,assets/card.avif,not-included-see-readme
1232,REC-CAND-1232,Korean Tofu Tacos,korean tofu tacos,Main Meal,Lunch,Peru,False,False,False,Korean Tofu Tacos recipe,assets/main.avif,assets/card.avif,not-included-see-readme
1233,REC-CAND-1233,Tuna and Cauliflower Pasta,tuna and cauliflower pasta,Main Meal,Dinner,Spain,False,False,False,Tuna and Cauliflower Pasta recipe,assets/main.avif,assets/card.avif,not-included-see-readme
1234,REC-CAND-1234,Chinese Steak Noodle Bowl,chinese steak noodle bowl,Main Meal,Lunch,Greece,False,False,False,Chinese Steak Noodle Bowl recipe,assets/main.avif,assets/card.avif,not-included-see-readme
1235,REC-CAND-1235,Mexican Salmon Rice Bowl,mexican salmon rice bowl,Main Meal,Dinner,Korea,False,False,False,Mexican Salmon Rice Bowl recipe,assets/main.avif,assets/card.avif,not-included-see-readme
1236,REC-CAND-1236,Lean Beef and Zucchini Tray Bake,lean beef and zucchini tray bake,Main Meal,Dinner,China,False,False,False,Lean Beef and Zucchini Tray Bake recipe,assets/main.avif,assets/card.avif,not-included-see-readme
1237,REC-CAND-1237,Sheet Pan Tempeh and Mushrooms,sheet pan tempeh and mushrooms,Main Meal,Lunch,Mexico,False,False,False,Sheet Pan Tempeh and Mushrooms recipe,assets/main.avif,assets/card.avif,not-included-see-readme
1238,REC-CAND-1238,Black Bean Taco Bowl,black bean taco bowl,Main Meal,Dinner,France,False,False,False,Black Bean Taco Bowl recipe,assets/main.avif,assets/card.avif,not-included-see-readme
1239,REC-CAND-1239,Harissa Sausage Sweet Potato Hash,harissa sausage sweet potato hash,Main Meal,Breakfast,Spain,False,False,False,Harissa Sausage Sweet Potato Hash recipe,assets/main.avif,assets/card.avif,not-included-see-readme
1240,REC-CAND-1240,Honey Soy Steak Chili,honey soy steak chili,Main Meal,Dinner,France,False,False,False,Honey Soy Steak Chili recipe,assets/main.avif,assets/card.avif,not-included-see-readme
1241,REC-CAND-1241,Honey Soy Lean Beef with Mushrooms,honey soy lean beef with mushrooms,Main Meal,Dinner,Peru,False,False,False,Honey Soy Lean Beef with Mushrooms recipe,assets/main.avif,assets/card.avif,not-included-see-readme
1242,REC-CAND-1242,Indian Chickpea with Quinoa,indian chickpea with quinoa,Main Meal,Lunch,Greece,False,False,False,Indian Chickpea with Quinoa recipe,assets/main.avif,assets/card.avif,not-included-see-readme
1243,REC-CAND-1243,Crispy Lentil Stir-Fry,crispy lentil stir fry,Main Meal,Lunch,Mexico,False,False,False,Crispy Lentil Stir-Fry recipe,assets/main.avif,assets/card.avif,not-included-see-readme
1244,REC-CAND-1244,Sheet Pan Sausage and Bell Peppers,sheet pan sausage and bell peppers,Main Meal,Lunch,Spain,False,False,False,Sheet Pan Sausage and Bell Peppers recipe,assets/main.avif,assets/card.avif,not-included-see-readme
1245,REC-CAND-1245,Roasted Salmon Skillet,roasted salmon skillet,Main Meal,Dinner,Spain,False,False,False,Roasted Salmon Skillet recipe,assets/main.avif,assets/card.avif,not-included-see-readme
1246,REC-CAND-1246,Garlic Lentil with Carrots,garlic lentil with carrots,Main Meal,Lunch,Thailand,False,False,False,Garlic Lentil with Carrots recipe,assets/main.avif,assets/card.avif,not-included-see-readme
1247,REC-CAND-1247,Lemon Chicken with Cucumber,lemon chicken with cucumber,Main Meal,Lunch,India,False,False,False,Lemon Chicken with Cucumber recipe,assets/main.avif,assets/card.avif,not-included-see-readme
1248,REC-CAND-1248,Sesame Lentil Chili,sesame lentil chili,Main Meal,Dinner,Korea,False,False,False,Sesame Lentil Chili recipe,assets/main.avif,assets/card.avif,not-included-see-readme
1249,REC-CAND-1249,Ginger Chicken with Cucumber,ginger chicken with cucumber,Main Meal,Lunch,Spain,False,False,False,Ginger Chicken with Cucumber recipe,assets/main.avif,assets/card.avif,not-included-see-readme
1250,REC-CAND-1250,Italian Tofu Flatbread,italian tofu flatbread,Main Meal,Lunch,Brazil,False,False,False,Italian Tofu Flatbread recipe,assets/main.avif,assets/card.avif,not-included-see-readme
1251,REC-CAND-1251,Caribbean Egg Flatbread,caribbean egg flatbread,Main Meal,Dinner,United States,False,False,False,Caribbean Egg Flatbread recipe,assets/main.avif,assets/card.avif,not-included-see-readme
1252,REC-CAND-1252,French Tofu with Rice,french tofu with rice,Main Meal,Lunch,Thailand,False,False,False,French Tofu with Rice recipe,assets/main.avif,assets/card.avif,not-included-see-readme
1253,REC-CAND-1253,Crispy Tofu Chili,crispy tofu chili,Main Meal,Dinner,United States,False,False,False,Crispy Tofu Chili recipe,assets/main.avif,assets/card.avif,not-included-see-readme
1254,REC-CAND-1254,Teriyaki Pork Tenderloin with Bell Peppers,teriyaki pork tenderloin with bell peppers,Main Meal,Lunch,China,False,False,False,Teriyaki Pork Tenderloin with Bell Peppers recipe,assets/main.avif,assets/card.avif,not-included-see-readme
1255,REC-CAND-1255,Teriyaki Shrimp with Green Beans,teriyaki shrimp with green beans,Main Meal,Dinner,Jamaica,False,False,False,Teriyaki Shrimp with Green Beans recipe,assets/main.avif,assets/card.avif,not-included-see-readme
1256,REC-CAND-1256,Blackened Black Bean with Kale,blackened black bean with kale,Main Meal,Lunch,Japan,False,False,False,Blackened Black Bean with Kale recipe,assets/main.avif,assets/card.avif,not-included-see-readme
1257,REC-CAND-1257,French Tuna with Vegetables,french tuna with vegetables,Main Meal,Dinner,Peru,False,False,False,French Tuna with Vegetables recipe,assets/main.avif,assets/card.avif,not-included-see-readme
1258,REC-CAND-1258,Salmon and Spinach Soup,salmon and spinach soup,Main Meal,Dinner,India,False,False,False,Salmon and Spinach Soup recipe,assets/main.avif,assets/card.avif,not-included-see-readme
1259,REC-CAND-1259,Cajun Lentil Casserole,cajun lentil casserole,Main Meal,Dinner,China,False,False,False,Cajun Lentil Casserole recipe,assets/main.avif,assets/card.avif,not-included-see-readme
1260,REC-CAND-1260,Chicken and Asparagus Stew,chicken and asparagus stew,Main Meal,Dinner,France,False,False,False,Chicken and Asparagus Stew recipe,assets/main.avif,assets/card.avif,not-included-see-readme
1261,REC-CAND-1261,Peruvian Lentil with Rice,peruvian lentil with rice,Main Meal,Dinner,Jamaica,False,False,False,Peruvian Lentil with Rice recipe,assets/main.avif,assets/card.avif,not-included-see-readme
1262,REC-CAND-1262,Chinese Chickpea Rice Bowl,chinese chickpea rice bowl,Main Meal,Lunch,Brazil,False,False,False,Chinese Chickpea Rice Bowl recipe,assets/main.avif,assets/card.avif,not-included-see-readme
1263,REC-CAND-1263,Lemon Tuna Stew,lemon tuna stew,Main Meal,Lunch,Greece,False,False,False,Lemon Tuna Stew recipe,assets/main.avif,assets/card.avif,not-included-see-readme
1264,REC-CAND-1264,Teriyaki Tofu with Tomatoes,teriyaki tofu with tomatoes,Main Meal,Lunch,Mexico,False,False,False,Teriyaki Tofu with Tomatoes recipe,assets/main.avif,assets/card.avif,not-included-see-readme
1265,REC-CAND-1265,Mediterranean Pork Tenderloin Casserole,mediterranean pork tenderloin casserole,Main Meal,Lunch,Greece,False,False,False,Mediterranean Pork Tenderloin Casserole recipe,assets/main.avif,assets/card.avif,not-included-see-readme
1266,REC-CAND-1266,Spicy Tofu with Bell Peppers,spicy tofu with bell peppers,Main Meal,Dinner,Brazil,False,False,False,Spicy Tofu with Bell Peppers recipe,assets/main.avif,assets/card.avif,not-included-see-readme
1267,REC-CAND-1267,Egg and Cauliflower Casserole,egg and cauliflower casserole,Main Meal,Lunch,Spain,False,False,False,Egg and Cauliflower Casserole recipe,assets/main.avif,assets/card.avif,not-included-see-readme
1268,REC-CAND-1268,Japanese Pork Tenderloin Wraps,japanese pork tenderloin wraps,Main Meal,Dinner,Thailand,False,False,False,Japanese Pork Tenderloin Wraps recipe,assets/main.avif,assets/card.avif,not-included-see-readme
1269,REC-CAND-1269,Moroccan Tofu with Quinoa,moroccan tofu with quinoa,Main Meal,Lunch,China,False,False,False,Moroccan Tofu with Quinoa recipe,assets/main.avif,assets/card.avif,not-included-see-readme
1270,REC-CAND-1270,Korean Black Bean with Quinoa,korean black bean with quinoa,Main Meal,Dinner,Mexico,False,False,False,Korean Black Bean with Quinoa recipe,assets/main.avif,assets/card.avif,not-included-see-readme
1271,REC-CAND-1271,Sheet Pan Tofu and Broccoli,sheet pan tofu and broccoli,Main Meal,Dinner,Italy,False,False,False,Sheet Pan Tofu and Broccoli recipe,assets/main.avif,assets/card.avif,not-included-see-readme
1272,REC-CAND-1272,Chickpea and Bell Peppers Sweet Potato Hash,chickpea and bell peppers sweet potato hash,Main Meal,Breakfast,Korea,False,False,False,Chickpea and Bell Peppers Sweet Potato Hash recipe,assets/main.avif,assets/card.avif,not-included-see-readme
1273,REC-CAND-1273,Korean Tempeh with Quinoa,korean tempeh with quinoa,Main Meal,Dinner,Mexico,False,False,False,Korean Tempeh with Quinoa recipe,assets/main.avif,assets/card.avif,not-included-see-readme
1274,REC-CAND-1274,Tempeh Pilaf Bowl,tempeh pilaf bowl,Main Meal,Lunch,Mexico,False,False,False,Tempeh Pilaf Bowl recipe,assets/main.avif,assets/card.avif,not-included-see-readme
1275,REC-CAND-1275,Mediterranean Salmon Chili,mediterranean salmon chili,Main Meal,Dinner,Thailand,False,False,False,Mediterranean Salmon Chili recipe,assets/main.avif,assets/card.avif,not-included-see-readme
1276,REC-CAND-1276,Herbed Turkey Casserole,herbed turkey casserole,Main Meal,Lunch,Brazil,False,False,False,Herbed Turkey Casserole recipe,assets/main.avif,assets/card.avif,not-included-see-readme
1277,REC-CAND-1277,Sheet Pan Lentil and Bell Peppers,sheet pan lentil and bell peppers,Main Meal,Dinner,Mexico,False,False,False,Sheet Pan Lentil and Bell Peppers recipe,assets/main.avif,assets/card.avif,not-included-see-readme
1278,REC-CAND-1278,Pesto Pork Tenderloin with Zucchini,pesto pork tenderloin with zucchini,Main Meal,Dinner,Japan,False,False,False,Pesto Pork Tenderloin with Zucchini recipe,assets/main.avif,assets/card.avif,not-included-see-readme
1279,REC-CAND-1279,Tofu and Corn Chili,tofu and corn chili,Main Meal,Lunch,China,False,False,False,Tofu and Corn Chili recipe,assets/main.avif,assets/card.avif,not-included-see-readme
1280,REC-CAND-1280,Chicken and Broccoli Orzo Skillet,chicken and broccoli orzo skillet,Main Meal,Lunch,Ghana,True,False,False,Chicken and Broccoli Orzo Skillet recipe,assets/main.avif,assets/card.avif,not-included-see-readme
1281,REC-CAND-1281,Roasted Sausage Salad Bowl,roasted sausage salad bowl,Main Meal,Dinner,Korea,False,False,False,Roasted Sausage Salad Bowl recipe,assets/main.avif,assets/card.avif,not-included-see-readme
1282,REC-CAND-1282,French Pork Tenderloin Sweet Potato Hash,french pork tenderloin sweet potato hash,Main Meal,Breakfast,Thailand,False,False,False,French Pork Tenderloin Sweet Potato Hash recipe,assets/main.avif,assets/card.avif,not-included-see-readme
1283,REC-CAND-1283,Honey Soy Turkey Casserole,honey soy turkey casserole,Main Meal,Dinner,Greece,False,False,False,Honey Soy Turkey Casserole recipe,assets/main.avif,assets/card.avif,not-included-see-readme
1284,REC-CAND-1284,Chickpea and Cucumber Tray Bake,chickpea and cucumber tray bake,Main Meal,Lunch,Japan,False,False,False,Chickpea and Cucumber Tray Bake recipe,assets/main.avif,assets/card.avif,not-included-see-readme
1285,REC-CAND-1285,Balsamic Steak Flatbread,balsamic steak flatbread,Main Meal,Dinner,Albania,True,False,False,Balsamic Steak Flatbread recipe,assets/main.avif,assets/card.avif,not-included-see-readme
1286,REC-CAND-1286,Tomato Basil Cod Wraps,tomato basil cod wraps,Main Meal,Lunch,Italy,False,False,False,Tomato Basil Cod Wraps recipe,assets/main.avif,assets/card.avif,not-included-see-readme
1287,REC-CAND-1287,Indian Tempeh Quinoa Bowl,indian tempeh quinoa bowl,Main Meal,Lunch,Jamaica,False,False,False,Indian Tempeh Quinoa Bowl recipe,assets/main.avif,assets/card.avif,not-included-see-readme
1288,REC-CAND-1288,Chipotle Lean Beef Stew,chipotle lean beef stew,Main Meal,Lunch,Japan,False,False,False,Chipotle Lean Beef Stew recipe,assets/main.avif,assets/card.avif,not-included-see-readme
1289,REC-CAND-1289,Sheet Pan Turkey and Zucchini,sheet pan turkey and zucchini,Main Meal,Dinner,China,False,False,False,Sheet Pan Turkey and Zucchini recipe,assets/main.avif,assets/card.avif,not-included-see-readme
1290,REC-CAND-1290,Teriyaki Shrimp with Broccoli,teriyaki shrimp with broccoli,Main Meal,Dinner,India,False,False,False,Teriyaki Shrimp with Broccoli recipe,assets/main.avif,assets/card.avif,not-included-see-readme
1291,REC-CAND-1291,Sausage Skillet,sausage skillet,Main Meal,Dinner,Italy,False,False,False,Sausage Skillet recipe,assets/main.avif,assets/card.avif,not-included-see-readme
1292,REC-CAND-1292,Crispy Tempeh with Zucchini,crispy tempeh with zucchini,Main Meal,Lunch,Mexico,False,False,False,Crispy Tempeh with Zucchini recipe,assets/main.avif,assets/card.avif,not-included-see-readme
1293,REC-CAND-1293,Honey Soy Black Bean Grain Bowl,honey soy black bean grain bowl,Main Meal,Lunch,Brazil,False,False,False,Honey Soy Black Bean Grain Bowl recipe,assets/main.avif,assets/card.avif,not-included-see-readme
1294,REC-CAND-1294,Lean Beef and Carrots Quinoa Bowl,lean beef and carrots quinoa bowl,Main Meal,Lunch,Japan,False,False,False,Lean Beef and Carrots Quinoa Bowl recipe,assets/main.avif,assets/card.avif,not-included-see-readme
1295,REC-CAND-1295,Lentil and Mushrooms Casserole,lentil and mushrooms casserole,Main Meal,Dinner,France,False,False,False,Lentil and Mushrooms Casserole recipe,assets/main.avif,assets/card.avif,not-included-see-readme
1296,REC-CAND-1296,Greek Steak Wraps,greek steak wraps,Main Meal,Dinner,Thailand,False,False,False,Greek Steak Wraps recipe,assets/main.avif,assets/card.avif,not-included-see-readme
1297,REC-CAND-1297,Peruvian Cod Skillet,peruvian cod skillet,Main Meal,Dinner,United States,False,False,False,Peruvian Cod Skillet recipe,assets/main.avif,assets/card.avif,not-included-see-readme
1298,REC-CAND-1298,Sausage and Zucchini Curry,sausage and zucchini curry,Main Meal,Lunch,Brazil,False,False,False,Sausage and Zucchini Curry recipe,assets/main.avif,assets/card.avif,not-included-see-readme
1299,REC-CAND-1299,Tuna and Corn Orzo Skillet,tuna and corn orzo skillet,Main Meal,Lunch,United States,False,False,False,Tuna and Corn Orzo Skillet recipe,assets/main.avif,assets/card.avif,not-included-see-readme
1300,REC-CAND-1300,Coconut Egg Orzo Skillet,coconut egg orzo skillet,Main Meal,Dinner,Japan,False,False,False,Coconut Egg Orzo Skillet recipe,assets/main.avif,assets/card.avif,not-included-see-readme
1301,REC-CAND-1301,Greek Chickpea with Vegetables,greek chickpea with vegetables,Main Meal,Dinner,China,False,False,False,Greek Chickpea with Vegetables recipe,assets/main.avif,assets/card.avif,not-included-see-readme
1302,REC-CAND-1302,Garlic Chickpea with Broccoli,garlic chickpea with broccoli,Main Meal,Dinner,Greece,False,False,False,Garlic Chickpea with Broccoli recipe,assets/main.avif,assets/card.avif,not-included-see-readme
1303,REC-CAND-1303,Italian Black Bean with Rice,italian black bean with rice,Main Meal,Dinner,India,False,False,False,Italian Black Bean with Rice recipe,assets/main.avif,assets/card.avif,not-included-see-readme
1304,REC-CAND-1304,Garlic Tempeh Curry,garlic tempeh curry,Main Meal,Dinner,Korea,False,False,False,Garlic Tempeh Curry recipe,assets/main.avif,assets/card.avif,not-included-see-readme
1305,REC-CAND-1305,Peruvian Turkey with Vegetables,peruvian turkey with vegetables,Main Meal,Dinner,Thailand,False,False,False,Peruvian Turkey with Vegetables recipe,assets/main.avif,assets/card.avif,not-included-see-readme
1306,REC-CAND-1306,Blackened Cod with Carrots,blackened cod with carrots,Main Meal,Lunch,Italy,False,False,False,Blackened Cod with Carrots recipe,assets/main.avif,assets/card.avif,not-included-see-readme
1307,REC-CAND-1307,Indian Cod Flatbread,indian cod flatbread,Main Meal,Dinner,Ghana,True,False,False,Indian Cod Flatbread recipe,assets/main.avif,assets/card.avif,not-included-see-readme
1308,REC-CAND-1308,American Cod with Vegetables,american cod with vegetables,Main Meal,Lunch,United States,False,False,False,American Cod with Vegetables recipe,assets/main.avif,assets/card.avif,not-included-see-readme
1309,REC-CAND-1309,Teriyaki Tempeh Soup,teriyaki tempeh soup,Main Meal,Lunch,Thailand,False,False,False,Teriyaki Tempeh Soup recipe,assets/main.avif,assets/card.avif,not-included-see-readme
1310,REC-CAND-1310,Peruvian Lean Beef Curry,peruvian lean beef curry,Main Meal,Lunch,Thailand,False,False,False,Peruvian Lean Beef Curry recipe,assets/main.avif,assets/card.avif,not-included-see-readme
1311,REC-CAND-1311,Ginger Cod with Bell Peppers,ginger cod with bell peppers,Main Meal,Lunch,Spain,False,False,False,Ginger Cod with Bell Peppers recipe,assets/main.avif,assets/card.avif,not-included-see-readme
1312,REC-CAND-1312,Smoky Turkey Chili,smoky turkey chili,Main Meal,Dinner,Ghana,True,False,False,Smoky Turkey Chili recipe,assets/main.avif,assets/card.avif,not-included-see-readme
1313,REC-CAND-1313,Blackened Tempeh with Corn,blackened tempeh with corn,Main Meal,Dinner,United States,False,False,False,Blackened Tempeh with Corn recipe,assets/main.avif,assets/card.avif,not-included-see-readme
1314,REC-CAND-1314,Ginger Chicken Tray Bake,ginger chicken tray bake,Main Meal,Lunch,Egypt,True,False,False,Ginger Chicken Tray Bake recipe,assets/main.avif,assets/card.avif,not-included-see-readme
1315,REC-CAND-1315,Jamaican Steak Pasta,jamaican steak pasta,Main Meal,Lunch,India,False,False,False,Jamaican Steak Pasta recipe,assets/main.avif,assets/card.avif,not-included-see-readme
1316,REC-CAND-1316,Tuna Burrito Bowl,tuna burrito bowl,Main Meal,Dinner,Spain,False,False,False,Tuna Burrito Bowl recipe,assets/main.avif,assets/card.avif,not-included-see-readme
1317,REC-CAND-1317,Sheet Pan Pork Tenderloin and Tomatoes,sheet pan pork tenderloin and tomatoes,Main Meal,Dinner,Korea,False,False,False,Sheet Pan Pork Tenderloin and Tomatoes recipe,assets/main.avif,assets/card.avif,not-included-see-readme
1318,REC-CAND-1318,Chickpea Pita Plate,chickpea pita plate,Main Meal,Dinner,France,False,False,False,Chickpea Pita Plate recipe,assets/main.avif,assets/card.avif,not-included-see-readme
1319,REC-CAND-1319,Balsamic Steak Salad Bowl,balsamic steak salad bowl,Main Meal,Dinner,India,False,False,False,Balsamic Steak Salad Bowl recipe,assets/main.avif,assets/card.avif,not-included-see-readme
1320,REC-CAND-1320,Sheet Pan Cod and Zucchini,sheet pan cod and zucchini,Main Meal,Dinner,Greece,False,False,False,Sheet Pan Cod and Zucchini recipe,assets/main.avif,assets/card.avif,not-included-see-readme
1321,REC-CAND-1321,Honey Soy Egg with Corn,honey soy egg with corn,Main Meal,Dinner,Thailand,False,False,False,Honey Soy Egg with Corn recipe,assets/main.avif,assets/card.avif,not-included-see-readme
1322,REC-CAND-1322,Peruvian Lean Beef Tray Bake,peruvian lean beef tray bake,Main Meal,Dinner,Peru,False,False,False,Peruvian Lean Beef Tray Bake recipe,assets/main.avif,assets/card.avif,not-included-see-readme
1323,REC-CAND-1323,Korean Shrimp with Noodles,korean shrimp with noodles,Main Meal,Dinner,Korea,False,False,False,Korean Shrimp with Noodles recipe,assets/main.avif,assets/card.avif,not-included-see-readme
1324,REC-CAND-1324,Lean Beef and Cabbage Stew,lean beef and cabbage stew,Main Meal,Dinner,France,False,False,False,Lean Beef and Cabbage Stew recipe,assets/main.avif,assets/card.avif,not-included-see-readme
1325,REC-CAND-1325,Mexican Salmon Salad Bowl,mexican salmon salad bowl,Main Meal,Dinner,China,False,False,False,Mexican Salmon Salad Bowl recipe,assets/main.avif,assets/card.avif,not-included-see-readme
1326,REC-CAND-1326,Balsamic Sausage Orzo Skillet,balsamic sausage orzo skillet,Main Meal,Dinner,Brazil,False,False,False,Balsamic Sausage Orzo Skillet recipe,assets/main.avif,assets/card.avif,not-included-see-readme
1327,REC-CAND-1327,Korean Salmon Rice Bowl,korean salmon rice bowl,Main Meal,Dinner,Peru,False,False,False,Korean Salmon Rice Bowl recipe,assets/main.avif,assets/card.avif,not-included-see-readme
1328,REC-CAND-1328,Peruvian Pork Tenderloin with Rice,peruvian pork tenderloin with rice,Main Meal,Dinner,Korea,False,False,False,Peruvian Pork Tenderloin with Rice recipe,assets/main.avif,assets/card.avif,not-included-see-readme
1329,REC-CAND-1329,Sheet Pan Steak and Corn,sheet pan steak and corn,Main Meal,Dinner,Thailand,False,False,False,Sheet Pan Steak and Corn recipe,assets/main.avif,assets/card.avif,not-included-see-readme
1330,REC-CAND-1330,Black Bean and Corn Stir-Fry,black bean and corn stir fry,Main Meal,Lunch,Philippines,False,False,False,Black Bean and Corn Stir-Fry recipe,assets/main.avif,assets/card.avif,not-included-see-readme
1331,REC-CAND-1331,Chinese Chickpea Noodle Bowl,chinese chickpea noodle bowl,Main Meal,Lunch,Japan,False,False,False,Chinese Chickpea Noodle Bowl recipe,assets/main.avif,assets/card.avif,not-included-see-readme
1332,REC-CAND-1332,Thai Pork Tenderloin Flatbread,thai pork tenderloin flatbread,Main Meal,Dinner,France,False,False,False,Thai Pork Tenderloin Flatbread recipe,assets/main.avif,assets/card.avif,not-included-see-readme
1333,REC-CAND-1333,Mediterranean Cod Noodle Bowl,mediterranean cod noodle bowl,Main Meal,Lunch,Jamaica,False,False,False,Mediterranean Cod Noodle Bowl recipe,assets/main.avif,assets/card.avif,not-included-see-readme
1334,REC-CAND-1334,Garlic Turkey with Asparagus,garlic turkey with asparagus,Main Meal,Dinner,Ethiopia,True,False,False,Garlic Turkey with Asparagus recipe,assets/main.avif,assets/card.avif,not-included-see-readme
1335,REC-CAND-1335,Lentil Skillet,lentil skillet,Main Meal,Lunch,Thailand,False,False,False,Lentil Skillet recipe,assets/main.avif,assets/card.avif,not-included-see-readme
1336,REC-CAND-1336,Mediterranean Pork Tenderloin Curry,mediterranean pork tenderloin curry,Main Meal,Lunch,Philippines,False,False,False,Mediterranean Pork Tenderloin Curry recipe,assets/main.avif,assets/card.avif,not-included-see-readme
1337,REC-CAND-1337,Italian Lean Beef Skillet,italian lean beef skillet,Main Meal,Dinner,Peru,False,False,False,Italian Lean Beef Skillet recipe,assets/main.avif,assets/card.avif,not-included-see-readme
1338,REC-CAND-1338,Honey Soy Tuna Stew,honey soy tuna stew,Main Meal,Dinner,Philippines,False,False,False,Honey Soy Tuna Stew recipe,assets/main.avif,assets/card.avif,not-included-see-readme
1339,REC-CAND-1339,Teriyaki Pork Tenderloin with Cabbage,teriyaki pork tenderloin with cabbage,Main Meal,Dinner,United States,False,False,False,Teriyaki Pork Tenderloin with Cabbage recipe,assets/main.avif,assets/card.avif,not-included-see-readme
1340,REC-CAND-1340,Sausage and Corn Grain Bowl,sausage and corn grain bowl,Main Meal,Dinner,United States,False,False,False,Sausage and Corn Grain Bowl recipe,assets/main.avif,assets/card.avif,not-included-see-readme
1341,REC-CAND-1341,Sheet Pan Chickpea and Kale,sheet pan chickpea and kale,Main Meal,Lunch,Thailand,False,False,False,Sheet Pan Chickpea and Kale recipe,assets/main.avif,assets/card.avif,not-included-see-readme
1342,REC-CAND-1342,Mediterranean Sausage Stir-Fry,mediterranean sausage stir fry,Main Meal,Dinner,Peru,False,False,False,Mediterranean Sausage Stir-Fry recipe,assets/main.avif,assets/card.avif,not-included-see-readme
1343,REC-CAND-1343,Sesame Sausage with Kale,sesame sausage with kale,Main Meal,Dinner,United States,False,False,False,Sesame Sausage with Kale recipe,assets/main.avif,assets/card.avif,not-included-see-readme
1344,REC-CAND-1344,Lemon Cod Baked Potatoes,lemon cod baked potatoes,Main Meal,Dinner,Japan,False,False,False,Lemon Cod Baked Potatoes recipe,assets/main.avif,assets/card.avif,not-included-see-readme
1345,REC-CAND-1345,Tomato Basil Shrimp with Cabbage,tomato basil shrimp with cabbage,Main Meal,Lunch,Jamaica,False,False,False,Tomato Basil Shrimp with Cabbage recipe,assets/main.avif,assets/card.avif,not-included-see-readme
1346,REC-CAND-1346,Buffalo Tempeh Noodle Bowl,buffalo tempeh noodle bowl,Main Meal,Dinner,Jamaica,False,False,False,Buffalo Tempeh Noodle Bowl recipe,assets/main.avif,assets/card.avif,not-included-see-readme
1347,REC-CAND-1347,Herbed Tempeh Tray Bake,herbed tempeh tray bake,Main Meal,Lunch,India,False,False,False,Herbed Tempeh Tray Bake recipe,assets/main.avif,assets/card.avif,not-included-see-readme
1348,REC-CAND-1348,Chipotle Tuna with Cauliflower,chipotle tuna with cauliflower,Main Meal,Lunch,Croatia,True,False,False,Chipotle Tuna with Cauliflower recipe,assets/main.avif,assets/card.avif,not-included-see-readme
1349,REC-CAND-1349,Chipotle Tempeh with Cabbage,chipotle tempeh with cabbage,Main Meal,Lunch,United States,False,False,False,Chipotle Tempeh with Cabbage recipe,assets/main.avif,assets/card.avif,not-included-see-readme
1350,REC-CAND-1350,Garlic Steak Soup,garlic steak soup,Main Meal,Dinner,Italy,False,False,False,Garlic Steak Soup recipe,assets/main.avif,assets/card.avif,not-included-see-readme
1351,REC-CAND-1351,Indian Chicken with Rice,indian chicken with rice,Main Meal,Dinner,Brazil,False,False,False,Indian Chicken with Rice recipe,assets/main.avif,assets/card.avif,not-included-see-readme
1352,REC-CAND-1352,Chicken and Tomatoes Rice Bowl,chicken and tomatoes rice bowl,Main Meal,Dinner,Mexico,False,False,False,Chicken and Tomatoes Rice Bowl recipe,assets/main.avif,assets/card.avif,not-included-see-readme
1353,REC-CAND-1353,Crispy Tofu Skillet,crispy tofu skillet,Main Meal,Dinner,Japan,False,False,False,Crispy Tofu Skillet recipe,assets/main.avif,assets/card.avif,not-included-see-readme
1354,REC-CAND-1354,Indian Black Bean Flatbread,indian black bean flatbread,Main Meal,Dinner,Thailand,False,False,False,Indian Black Bean Flatbread recipe,assets/main.avif,assets/card.avif,not-included-see-readme
1355,REC-CAND-1355,Moroccan Egg Tray Bake,moroccan egg tray bake,Main Meal,Dinner,Spain,False,False,False,Moroccan Egg Tray Bake recipe,assets/main.avif,assets/card.avif,not-included-see-readme
1356,REC-CAND-1356,Pork Tenderloin and Cabbage Pasta,pork tenderloin and cabbage pasta,Main Meal,Dinner,Nepal,True,False,False,Pork Tenderloin and Cabbage Pasta recipe,assets/main.avif,assets/card.avif,not-included-see-readme
1357,REC-CAND-1357,Shrimp Pilaf Bowl,shrimp pilaf bowl,Main Meal,Lunch,Lebanon,True,False,False,Shrimp Pilaf Bowl recipe,assets/main.avif,assets/card.avif,not-included-see-readme
1358,REC-CAND-1358,Smoky Turkey Skillet,smoky turkey skillet,Main Meal,Lunch,Japan,False,False,False,Smoky Turkey Skillet recipe,assets/main.avif,assets/card.avif,not-included-see-readme
1359,REC-CAND-1359,Balsamic Sausage with Green Beans,balsamic sausage with green beans,Main Meal,Dinner,Korea,False,False,False,Balsamic Sausage with Green Beans recipe,assets/main.avif,assets/card.avif,not-included-see-readme
1360,REC-CAND-1360,Filipino Lean Beef Orzo Skillet,filipino lean beef orzo skillet,Main Meal,Lunch,China,False,False,False,Filipino Lean Beef Orzo Skillet recipe,assets/main.avif,assets/card.avif,not-included-see-readme
1361,REC-CAND-1361,Garlic Salmon with Bell Peppers,garlic salmon with bell peppers,Main Meal,Lunch,Thailand,False,False,False,Garlic Salmon with Bell Peppers recipe,assets/main.avif,assets/card.avif,not-included-see-readme
1362,REC-CAND-1362,Mexican Black Bean Soup,mexican black bean soup,Main Meal,Dinner,China,False,False,False,Mexican Black Bean Soup recipe,assets/main.avif,assets/card.avif,not-included-see-readme
1363,REC-CAND-1363,Tempeh and Tomatoes Casserole,tempeh and tomatoes casserole,Main Meal,Dinner,Italy,False,False,False,Tempeh and Tomatoes Casserole recipe,assets/main.avif,assets/card.avif,not-included-see-readme
1364,REC-CAND-1364,Korean Black Bean Tacos,korean black bean tacos,Main Meal,Dinner,United States,False,False,False,Korean Black Bean Tacos recipe,assets/main.avif,assets/card.avif,not-included-see-readme
1365,REC-CAND-1365,Sheet Pan Egg and Spinach,sheet pan egg and spinach,Main Meal,Lunch,Spain,False,False,False,Sheet Pan Egg and Spinach recipe,assets/main.avif,assets/card.avif,not-included-see-readme
1366,REC-CAND-1366,Brazilian Lentil Noodle Bowl,brazilian lentil noodle bowl,Main Meal,Lunch,Nigeria,True,False,False,Brazilian Lentil Noodle Bowl recipe,assets/main.avif,assets/card.avif,not-included-see-readme
1367,REC-CAND-1367,Pork Tenderloin and Mushrooms Orzo Skillet,pork tenderloin and mushrooms orzo skillet,Main Meal,Lunch,Japan,False,False,False,Pork Tenderloin and Mushrooms Orzo Skillet recipe,assets/main.avif,assets/card.avif,not-included-see-readme
1368,REC-CAND-1368,Roasted Sausage Rice Bowl,roasted sausage rice bowl,Main Meal,Dinner,Italy,False,False,False,Roasted Sausage Rice Bowl recipe,assets/main.avif,assets/card.avif,not-included-see-readme
1369,REC-CAND-1369,French Sausage Skillet,french sausage skillet,Main Meal,Dinner,Lebanon,True,False,False,French Sausage Skillet recipe,assets/main.avif,assets/card.avif,not-included-see-readme
1370,REC-CAND-1370,Caribbean Chickpea Flatbread,caribbean chickpea flatbread,Main Meal,Lunch,India,False,False,False,Caribbean Chickpea Flatbread recipe,assets/main.avif,assets/card.avif,not-included-see-readme
1371,REC-CAND-1371,Tuna and Corn Tacos,tuna and corn tacos,Main Meal,Dinner,Brazil,False,False,False,Tuna and Corn Tacos recipe,assets/main.avif,assets/card.avif,not-included-see-readme
1372,REC-CAND-1372,American Egg Baked Potatoes,american egg baked potatoes,Main Meal,Dinner,India,False,False,False,American Egg Baked Potatoes recipe,assets/main.avif,assets/card.avif,not-included-see-readme
1373,REC-CAND-1373,Chipotle Salmon Chili,chipotle salmon chili,Main Meal,Dinner,Afghanistan,True,False,False,Chipotle Salmon Chili recipe,assets/main.avif,assets/card.avif,not-included-see-readme
1374,REC-CAND-1374,Crispy Tuna Soup,crispy tuna soup,Main Meal,Dinner,Greece,False,False,False,Crispy Tuna Soup recipe,assets/main.avif,assets/card.avif,not-included-see-readme
1375,REC-CAND-1375,French Tuna Rice Bowl,french tuna rice bowl,Main Meal,Dinner,Peru,False,False,False,French Tuna Rice Bowl recipe,assets/main.avif,assets/card.avif,not-included-see-readme
1376,REC-CAND-1376,American Chicken with Quinoa,american chicken with quinoa,Main Meal,Lunch,China,False,False,False,American Chicken with Quinoa recipe,assets/main.avif,assets/card.avif,not-included-see-readme
1377,REC-CAND-1377,Ginger Cod Salad Bowl,ginger cod salad bowl,Main Meal,Dinner,Spain,False,False,False,Ginger Cod Salad Bowl recipe,assets/main.avif,assets/card.avif,not-included-see-readme
1378,REC-CAND-1378,Peruvian Salmon Baked Potatoes,peruvian salmon baked potatoes,Main Meal,Dinner,United States,False,False,False,Peruvian Salmon Baked Potatoes recipe,assets/main.avif,assets/card.avif,not-included-see-readme
1379,REC-CAND-1379,Mediterranean Turkey Flatbread,mediterranean turkey flatbread,Main Meal,Lunch,Brazil,False,False,False,Mediterranean Turkey Flatbread recipe,assets/main.avif,assets/card.avif,not-included-see-readme
1380,REC-CAND-1380,Chicken and Corn Skillet,chicken and corn skillet,Main Meal,Dinner,Peru,False,False,False,Chicken and Corn Skillet recipe,assets/main.avif,assets/card.avif,not-included-see-readme
1381,REC-CAND-1381,Harissa Chicken Soup,harissa chicken soup,Main Meal,Lunch,Mexico,False,False,False,Harissa Chicken Soup recipe,assets/main.avif,assets/card.avif,not-included-see-readme
1382,REC-CAND-1382,Harissa Pork Tenderloin Soup,harissa pork tenderloin soup,Main Meal,Lunch,Lebanon,True,False,False,Harissa Pork Tenderloin Soup recipe,assets/main.avif,assets/card.avif,not-included-see-readme
1383,REC-CAND-1383,Mexican Black Bean with Vegetables,mexican black bean with vegetables,Main Meal,Lunch,Korea,False,False,False,Mexican Black Bean with Vegetables recipe,assets/main.avif,assets/card.avif,not-included-see-readme
1384,REC-CAND-1384,Cajun Egg Soup,cajun egg soup,Main Meal,Lunch,Mexico,False,False,False,Cajun Egg Soup recipe,assets/main.avif,assets/card.avif,not-included-see-readme
1385,REC-CAND-1385,Roasted Lean Beef Tacos,roasted lean beef tacos,Main Meal,Lunch,Jamaica,False,False,False,Roasted Lean Beef Tacos recipe,assets/main.avif,assets/card.avif,not-included-see-readme
1386,REC-CAND-1386,Garlic Tuna with Spinach,garlic tuna with spinach,Main Meal,Lunch,Japan,False,False,False,Garlic Tuna with Spinach recipe,assets/main.avif,assets/card.avif,not-included-see-readme
1387,REC-CAND-1387,Brazilian Tofu with Potatoes,brazilian tofu with potatoes,Main Meal,Lunch,Japan,False,False,False,Brazilian Tofu with Potatoes recipe,assets/main.avif,assets/card.avif,not-included-see-readme
1388,REC-CAND-1388,Blackened Tempeh with Cucumber,blackened tempeh with cucumber,Main Meal,Lunch,Japan,False,False,False,Blackened Tempeh with Cucumber recipe,assets/main.avif,assets/card.avif,not-included-see-readme
1389,REC-CAND-1389,Chinese Tofu Curry,chinese tofu curry,Main Meal,Dinner,Thailand,False,False,False,Chinese Tofu Curry recipe,assets/main.avif,assets/card.avif,not-included-see-readme
1390,REC-CAND-1390,Blackened Chickpea with Tomatoes,blackened chickpea with tomatoes,Main Meal,Dinner,Philippines,False,False,False,Blackened Chickpea with Tomatoes recipe,assets/main.avif,assets/card.avif,not-included-see-readme
1391,REC-CAND-1391,Spanish Tofu Noodle Bowl,spanish tofu noodle bowl,Main Meal,Dinner,Brazil,False,False,False,Spanish Tofu Noodle Bowl recipe,assets/main.avif,assets/card.avif,not-included-see-readme
1392,REC-CAND-1392,Thai Tuna with Rice,thai tuna with rice,Main Meal,Lunch,Peru,False,False,False,Thai Tuna with Rice recipe,assets/main.avif,assets/card.avif,not-included-see-readme
1393,REC-CAND-1393,Italian Chickpea Flatbread,italian chickpea flatbread,Main Meal,Dinner,Spain,False,False,False,Italian Chickpea Flatbread recipe,assets/main.avif,assets/card.avif,not-included-see-readme
1394,REC-CAND-1394,Sheet Pan Salmon and Green Beans,sheet pan salmon and green beans,Main Meal,Lunch,Spain,False,False,False,Sheet Pan Salmon and Green Beans recipe,assets/main.avif,assets/card.avif,not-included-see-readme
1395,REC-CAND-1395,Japanese Lentil Wraps,japanese lentil wraps,Main Meal,Lunch,Jamaica,False,False,False,Japanese Lentil Wraps recipe,assets/main.avif,assets/card.avif,not-included-see-readme
1396,REC-CAND-1396,Jamaican Chicken with Vegetables,jamaican chicken with vegetables,Main Meal,Lunch,Philippines,False,False,False,Jamaican Chicken with Vegetables recipe,assets/main.avif,assets/card.avif,not-included-see-readme
1397,REC-CAND-1397,Blackened Pork Tenderloin Noodle Bowl,blackened pork tenderloin noodle bowl,Main Meal,Dinner,Mexico,False,False,False,Blackened Pork Tenderloin Noodle Bowl recipe,assets/main.avif,assets/card.avif,not-included-see-readme
1398,REC-CAND-1398,Smoky Lentil Soup,smoky lentil soup,Main Meal,Lunch,Spain,False,False,False,Smoky Lentil Soup recipe,assets/main.avif,assets/card.avif,not-included-see-readme
1399,REC-CAND-1399,Salmon and Spinach Stir-Fry,salmon and spinach stir fry,Main Meal,Lunch,Greece,False,False,False,Salmon and Spinach Stir-Fry recipe,assets/main.avif,assets/card.avif,not-included-see-readme
1400,REC-CAND-1400,Korean Lean Beef Flatbread,korean lean beef flatbread,Main Meal,Dinner,Uzbekistan,True,False,False,Korean Lean Beef Flatbread recipe,assets/main.avif,assets/card.avif,not-included-see-readme
1401,REC-CAND-1401,Indian Chickpea Salad Bowl,indian chickpea salad bowl,Main Meal,Lunch,China,False,False,False,Indian Chickpea Salad Bowl recipe,assets/main.avif,assets/card.avif,not-included-see-readme
1402,REC-CAND-1402,Lean Beef Stuffed Peppers,lean beef stuffed peppers,Main Meal,Lunch,Greece,False,False,False,Lean Beef Stuffed Peppers recipe,assets/main.avif,assets/card.avif,not-included-see-readme
1403,REC-CAND-1403,Honey Soy Lentil Tray Bake,honey soy lentil tray bake,Main Meal,Dinner,Ethiopia,True,False,False,Honey Soy Lentil Tray Bake recipe,assets/main.avif,assets/card.avif,not-included-see-readme
1404,REC-CAND-1404,Herbed Shrimp Noodle Bowl,herbed shrimp noodle bowl,Main Meal,Dinner,Greece,False,False,False,Herbed Shrimp Noodle Bowl recipe,assets/main.avif,assets/card.avif,not-included-see-readme
1405,REC-CAND-1405,Lean Beef and Kale Skillet,lean beef and kale skillet,Main Meal,Lunch,China,False,False,False,Lean Beef and Kale Skillet recipe,assets/main.avif,assets/card.avif,not-included-see-readme
1406,REC-CAND-1406,Mediterranean Chickpea Sweet Potato Hash,mediterranean chickpea sweet potato hash,Main Meal,Breakfast,Korea,False,False,False,Mediterranean Chickpea Sweet Potato Hash recipe,assets/main.avif,assets/card.avif,not-included-see-readme
1407,REC-CAND-1407,Chickpea and Green Beans Rice Bowl,chickpea and green beans rice bowl,Main Meal,Dinner,France,False,False,False,Chickpea and Green Beans Rice Bowl recipe,assets/main.avif,assets/card.avif,not-included-see-readme
1408,REC-CAND-1408,Coconut Chicken Baked Potatoes,coconut chicken baked potatoes,Main Meal,Dinner,Japan,False,False,False,Coconut Chicken Baked Potatoes recipe,assets/main.avif,assets/card.avif,not-included-see-readme
1409,REC-CAND-1409,Tempeh and Spinach Grain Bowl,tempeh and spinach grain bowl,Main Meal,Dinner,China,False,False,False,Tempeh and Spinach Grain Bowl recipe,assets/main.avif,assets/card.avif,not-included-see-readme
1410,REC-CAND-1410,Italian Egg with Rice,italian egg with rice,Main Meal,Dinner,Mexico,False,False,False,Italian Egg with Rice recipe,assets/main.avif,assets/card.avif,not-included-see-readme
1411,REC-CAND-1411,Garlic Egg Skillet,garlic egg skillet,Main Meal,Lunch,France,False,False,False,Garlic Egg Skillet recipe,assets/main.avif,assets/card.avif,not-included-see-readme
1412,REC-CAND-1412,Turkey and Zucchini Grain Bowl,turkey and zucchini grain bowl,Main Meal,Lunch,Mexico,False,False,False,Turkey and Zucchini Grain Bowl recipe,assets/main.avif,assets/card.avif,not-included-see-readme
1413,REC-CAND-1413,Chinese Shrimp Sweet Potato Hash,chinese shrimp sweet potato hash,Main Meal,Breakfast,Korea,False,False,False,Chinese Shrimp Sweet Potato Hash recipe,assets/main.avif,assets/card.avif,not-included-see-readme
1414,REC-CAND-1414,Mediterranean Turkey Tacos,mediterranean turkey tacos,Main Meal,Dinner,Korea,False,False,False,Mediterranean Turkey Tacos recipe,assets/main.avif,assets/card.avif,not-included-see-readme
1415,REC-CAND-1415,Japanese Chickpea with Rice,japanese chickpea with rice,Main Meal,Dinner,Brazil,False,False,False,Japanese Chickpea with Rice recipe,assets/main.avif,assets/card.avif,not-included-see-readme
1416,REC-CAND-1416,Turkey Pasta Bake,turkey pasta bake,Main Meal,Lunch,Philippines,False,False,False,Turkey Pasta Bake recipe,assets/main.avif,assets/card.avif,not-included-see-readme
1417,REC-CAND-1417,Brazilian Turkey with Noodles,brazilian turkey with noodles,Main Meal,Dinner,United States,False,False,False,Brazilian Turkey with Noodles recipe,assets/main.avif,assets/card.avif,not-included-see-readme
1418,REC-CAND-1418,Korean Chicken with Quinoa,korean chicken with quinoa,Main Meal,Dinner,Sri Lanka,True,False,False,Korean Chicken with Quinoa recipe,assets/main.avif,assets/card.avif,not-included-see-readme
1419,REC-CAND-1419,Sheet Pan Shrimp and Corn,sheet pan shrimp and corn,Main Meal,Lunch,Greece,False,False,False,Sheet Pan Shrimp and Corn recipe,assets/main.avif,assets/card.avif,not-included-see-readme
1420,REC-CAND-1420,Cajun Lentil Stew,cajun lentil stew,Main Meal,Lunch,India,False,False,False,Cajun Lentil Stew recipe,assets/main.avif,assets/card.avif,not-included-see-readme
1421,REC-CAND-1421,Tempeh and Broccoli Salad Bowl,tempeh and broccoli salad bowl,Main Meal,Lunch,France,False,False,False,Tempeh and Broccoli Salad Bowl recipe,assets/main.avif,assets/card.avif,not-included-see-readme
1422,REC-CAND-1422,Buffalo Lentil Flatbread,buffalo lentil flatbread,Main Meal,Dinner,Jamaica,False,False,False,Buffalo Lentil Flatbread recipe,assets/main.avif,assets/card.avif,not-included-see-readme
1423,REC-CAND-1423,Sausage and Cabbage Chili,sausage and cabbage chili,Main Meal,Lunch,China,False,False,False,Sausage and Cabbage Chili recipe,assets/main.avif,assets/card.avif,not-included-see-readme
1424,REC-CAND-1424,Roasted Chickpea with Green Beans,roasted chickpea with green beans,Main Meal,Dinner,China,False,False,False,Roasted Chickpea with Green Beans recipe,assets/main.avif,assets/card.avif,not-included-see-readme
1425,REC-CAND-1425,Spanish Lentil Noodle Bowl,spanish lentil noodle bowl,Main Meal,Lunch,China,False,False,False,Spanish Lentil Noodle Bowl recipe,assets/main.avif,assets/card.avif,not-included-see-readme
1426,REC-CAND-1426,Pesto Sausage Stew,pesto sausage stew,Main Meal,Lunch,Peru,False,False,False,Pesto Sausage Stew recipe,assets/main.avif,assets/card.avif,not-included-see-readme
1427,REC-CAND-1427,Herbed Black Bean with Tomatoes,herbed black bean with tomatoes,Main Meal,Dinner,Italy,False,False,False,Herbed Black Bean with Tomatoes recipe,assets/main.avif,assets/card.avif,not-included-see-readme
1428,REC-CAND-1428,Brazilian Lentil Wraps,brazilian lentil wraps,Main Meal,Lunch,Brazil,False,False,False,Brazilian Lentil Wraps recipe,assets/main.avif,assets/card.avif,not-included-see-readme
1429,REC-CAND-1429,Coconut Lentil with Carrots,coconut lentil with carrots,Main Meal,Lunch,Korea,False,False,False,Coconut Lentil with Carrots recipe,assets/main.avif,assets/card.avif,not-included-see-readme
1430,REC-CAND-1430,Teriyaki Lean Beef Casserole,teriyaki lean beef casserole,Main Meal,Dinner,Greece,False,False,False,Teriyaki Lean Beef Casserole recipe,assets/main.avif,assets/card.avif,not-included-see-readme
1431,REC-CAND-1431,Jamaican Salmon Salad Bowl,jamaican salmon salad bowl,Main Meal,Dinner,Jamaica,False,False,False,Jamaican Salmon Salad Bowl recipe,assets/main.avif,assets/card.avif,not-included-see-readme
1432,REC-CAND-1432,Roasted Shrimp Salad Bowl,roasted shrimp salad bowl,Main Meal,Dinner,Spain,False,False,False,Roasted Shrimp Salad Bowl recipe,assets/main.avif,assets/card.avif,not-included-see-readme
1433,REC-CAND-1433,Balsamic Steak Casserole,balsamic steak casserole,Main Meal,Dinner,Thailand,False,False,False,Balsamic Steak Casserole recipe,assets/main.avif,assets/card.avif,not-included-see-readme
1434,REC-CAND-1434,Egg and Spinach Stew,egg and spinach stew,Main Meal,Dinner,Brazil,False,False,False,Egg and Spinach Stew recipe,assets/main.avif,assets/card.avif,not-included-see-readme
1435,REC-CAND-1435,Sheet Pan Steak and Cauliflower,sheet pan steak and cauliflower,Main Meal,Lunch,Italy,False,False,False,Sheet Pan Steak and Cauliflower recipe,assets/main.avif,assets/card.avif,not-included-see-readme
1436,REC-CAND-1436,Coconut Cod Flatbread,coconut cod flatbread,Main Meal,Lunch,Jamaica,False,False,False,Coconut Cod Flatbread recipe,assets/main.avif,assets/card.avif,not-included-see-readme
1437,REC-CAND-1437,Teriyaki Tofu Chili,teriyaki tofu chili,Main Meal,Lunch,Italy,False,False,False,Teriyaki Tofu Chili recipe,assets/main.avif,assets/card.avif,not-included-see-readme
1438,REC-CAND-1438,Smoky Tofu with Kale,smoky tofu with kale,Main Meal,Lunch,United States,False,False,False,Smoky Tofu with Kale recipe,assets/main.avif,assets/card.avif,not-included-see-readme
1439,REC-CAND-1439,Sheet Pan Tofu and Mushrooms,sheet pan tofu and mushrooms,Main Meal,Dinner,Philippines,False,False,False,Sheet Pan Tofu and Mushrooms recipe,assets/main.avif,assets/card.avif,not-included-see-readme
1440,REC-CAND-1440,Korean Salmon Flatbread,korean salmon flatbread,Main Meal,Dinner,India,False,False,False,Korean Salmon Flatbread recipe,assets/main.avif,assets/card.avif,not-included-see-readme
1441,REC-CAND-1441,Sausage and Carrots Tacos,sausage and carrots tacos,Main Meal,Dinner,Thailand,False,False,False,Sausage and Carrots Tacos recipe,assets/main.avif,assets/card.avif,not-included-see-readme
1442,REC-CAND-1442,Garlic Lean Beef with Mushrooms,garlic lean beef with mushrooms,Main Meal,Lunch,Greece,False,False,False,Garlic Lean Beef with Mushrooms recipe,assets/main.avif,assets/card.avif,not-included-see-readme
1443,REC-CAND-1443,Ginger Steak Salad Bowl,ginger steak salad bowl,Main Meal,Lunch,Peru,False,False,False,Ginger Steak Salad Bowl recipe,assets/main.avif,assets/card.avif,not-included-see-readme
1444,REC-CAND-1444,Harissa Shrimp Wraps,harissa shrimp wraps,Main Meal,Lunch,China,False,False,False,Harissa Shrimp Wraps recipe,assets/main.avif,assets/card.avif,not-included-see-readme
1445,REC-CAND-1445,Peruvian Lean Beef Tacos,peruvian lean beef tacos,Main Meal,Lunch,Jamaica,False,False,False,Peruvian Lean Beef Tacos recipe,assets/main.avif,assets/card.avif,not-included-see-readme
1446,REC-CAND-1446,Shrimp and Asparagus Chili,shrimp and asparagus chili,Main Meal,Lunch,Philippines,False,False,False,Shrimp and Asparagus Chili recipe,assets/main.avif,assets/card.avif,not-included-see-readme
1447,REC-CAND-1447,Italian Egg with Vegetables,italian egg with vegetables,Main Meal,Lunch,Japan,False,False,False,Italian Egg with Vegetables recipe,assets/main.avif,assets/card.avif,not-included-see-readme
1448,REC-CAND-1448,Crispy Lean Beef Noodle Bowl,crispy lean beef noodle bowl,Main Meal,Lunch,Greece,False,False,False,Crispy Lean Beef Noodle Bowl recipe,assets/main.avif,assets/card.avif,not-included-see-readme
1449,REC-CAND-1449,Honey Soy Sausage Salad Bowl,honey soy sausage salad bowl,Main Meal,Lunch,Uzbekistan,True,False,False,Honey Soy Sausage Salad Bowl recipe,assets/main.avif,assets/card.avif,not-included-see-readme
1450,REC-CAND-1450,Crispy Sausage Stew,crispy sausage stew,Main Meal,Lunch,Mexico,False,False,False,Crispy Sausage Stew recipe,assets/main.avif,assets/card.avif,not-included-see-readme
1451,REC-CAND-1451,Chinese Tuna with Quinoa,chinese tuna with quinoa,Main Meal,Dinner,France,False,False,False,Chinese Tuna with Quinoa recipe,assets/main.avif,assets/card.avif,not-included-see-readme
1452,REC-CAND-1452,Jamaican Salmon Flatbread,jamaican salmon flatbread,Main Meal,Dinner,Spain,False,False,False,Jamaican Salmon Flatbread recipe,assets/main.avif,assets/card.avif,not-included-see-readme
1453,REC-CAND-1453,American Shrimp Noodle Bowl,american shrimp noodle bowl,Main Meal,Dinner,Albania,True,False,False,American Shrimp Noodle Bowl recipe,assets/main.avif,assets/card.avif,not-included-see-readme
1454,REC-CAND-1454,Filipino Salmon with Rice,filipino salmon with rice,Main Meal,Dinner,Peru,False,False,False,Filipino Salmon with Rice recipe,assets/main.avif,assets/card.avif,not-included-see-readme
1455,REC-CAND-1455,Cajun Salmon with Asparagus,cajun salmon with asparagus,Main Meal,Dinner,Greece,False,False,False,Cajun Salmon with Asparagus recipe,assets/main.avif,assets/card.avif,not-included-see-readme
1456,REC-CAND-1456,Jamaican Tofu Skillet,jamaican tofu skillet,Main Meal,Dinner,Spain,False,False,False,Jamaican Tofu Skillet recipe,assets/main.avif,assets/card.avif,not-included-see-readme
1457,REC-CAND-1457,Tuna and Green Beans Flatbread,tuna and green beans flatbread,Main Meal,Dinner,Greece,False,False,False,Tuna and Green Beans Flatbread recipe,assets/main.avif,assets/card.avif,not-included-see-readme
1458,REC-CAND-1458,Buffalo Black Bean Chili,buffalo black bean chili,Main Meal,Lunch,Korea,False,False,False,Buffalo Black Bean Chili recipe,assets/main.avif,assets/card.avif,not-included-see-readme
1459,REC-CAND-1459,Smoky Egg with Cucumber,smoky egg with cucumber,Main Meal,Dinner,Croatia,True,False,False,Smoky Egg with Cucumber recipe,assets/main.avif,assets/card.avif,not-included-see-readme
1460,REC-CAND-1460,Jamaican Tuna with Rice,jamaican tuna with rice,Main Meal,Lunch,Mexico,False,False,False,Jamaican Tuna with Rice recipe,assets/main.avif,assets/card.avif,not-included-see-readme
1461,REC-CAND-1461,Brazilian Shrimp Curry,brazilian shrimp curry,Main Meal,Dinner,United States,False,False,False,Brazilian Shrimp Curry recipe,assets/main.avif,assets/card.avif,not-included-see-readme
1462,REC-CAND-1462,Ginger Lentil Stew,ginger lentil stew,Main Meal,Lunch,Peru,False,False,False,Ginger Lentil Stew recipe,assets/main.avif,assets/card.avif,not-included-see-readme
1463,REC-CAND-1463,Korean Black Bean with Vegetables,korean black bean with vegetables,Main Meal,Lunch,Greece,False,False,False,Korean Black Bean with Vegetables recipe,assets/main.avif,assets/card.avif,not-included-see-readme
1464,REC-CAND-1464,Peruvian Shrimp with Vegetables,peruvian shrimp with vegetables,Main Meal,Dinner,India,False,False,False,Peruvian Shrimp with Vegetables recipe,assets/main.avif,assets/card.avif,not-included-see-readme
1465,REC-CAND-1465,Sheet Pan Pork Tenderloin and Cucumber,sheet pan pork tenderloin and cucumber,Main Meal,Dinner,Peru,False,False,False,Sheet Pan Pork Tenderloin and Cucumber recipe,assets/main.avif,assets/card.avif,not-included-see-readme
1466,REC-CAND-1466,Mexican Cod Curry,mexican cod curry,Main Meal,Dinner,Spain,False,False,False,Mexican Cod Curry recipe,assets/main.avif,assets/card.avif,not-included-see-readme
1467,REC-CAND-1467,Italian Chickpea Tacos,italian chickpea tacos,Main Meal,Dinner,Peru,False,False,False,Italian Chickpea Tacos recipe,assets/main.avif,assets/card.avif,not-included-see-readme
1468,REC-CAND-1468,Spanish Sausage Stir-Fry,spanish sausage stir fry,Main Meal,Lunch,Philippines,False,False,False,Spanish Sausage Stir-Fry recipe,assets/main.avif,assets/card.avif,not-included-see-readme
1469,REC-CAND-1469,Lean Beef and Cabbage Grain Bowl,lean beef and cabbage grain bowl,Main Meal,Lunch,Jamaica,False,False,False,Lean Beef and Cabbage Grain Bowl recipe,assets/main.avif,assets/card.avif,not-included-see-readme
1470,REC-CAND-1470,Thai Egg Casserole,thai egg casserole,Main Meal,Dinner,Jamaica,False,False,False,Thai Egg Casserole recipe,assets/main.avif,assets/card.avif,not-included-see-readme
1471,REC-CAND-1471,Tempeh Burrito Bowl,tempeh burrito bowl,Main Meal,Dinner,China,False,False,False,Tempeh Burrito Bowl recipe,assets/main.avif,assets/card.avif,not-included-see-readme
1472,REC-CAND-1472,Sheet Pan Chickpea and Zucchini,sheet pan chickpea and zucchini,Main Meal,Lunch,China,False,False,False,Sheet Pan Chickpea and Zucchini recipe,assets/main.avif,assets/card.avif,not-included-see-readme
1473,REC-CAND-1473,Ginger Shrimp Stew,ginger shrimp stew,Main Meal,Dinner,Jamaica,False,False,False,Ginger Shrimp Stew recipe,assets/main.avif,assets/card.avif,not-included-see-readme
1474,REC-CAND-1474,Korean Pork Tenderloin with Potatoes,korean pork tenderloin with potatoes,Main Meal,Lunch,Mexico,False,False,False,Korean Pork Tenderloin with Potatoes recipe,assets/main.avif,assets/card.avif,not-included-see-readme
1475,REC-CAND-1475,Peruvian Turkey Noodle Bowl,peruvian turkey noodle bowl,Main Meal,Dinner,Korea,False,False,False,Peruvian Turkey Noodle Bowl recipe,assets/main.avif,assets/card.avif,not-included-see-readme
1476,REC-CAND-1476,Korean Lentil Rice Bowl,korean lentil rice bowl,Main Meal,Dinner,Brazil,False,False,False,Korean Lentil Rice Bowl recipe,assets/main.avif,assets/card.avif,not-included-see-readme
1477,REC-CAND-1477,Garlic Egg Casserole,garlic egg casserole,Main Meal,Lunch,China,False,False,False,Garlic Egg Casserole recipe,assets/main.avif,assets/card.avif,not-included-see-readme
1478,REC-CAND-1478,Chickpea and Spinach Flatbread,chickpea and spinach flatbread,Main Meal,Lunch,India,False,False,False,Chickpea and Spinach Flatbread recipe,assets/main.avif,assets/card.avif,not-included-see-readme
1479,REC-CAND-1479,Thai Black Bean Flatbread,thai black bean flatbread,Main Meal,Dinner,Thailand,False,False,False,Thai Black Bean Flatbread recipe,assets/main.avif,assets/card.avif,not-included-see-readme
1480,REC-CAND-1480,Steak Curry Bowl,steak curry bowl,Main Meal,Lunch,China,False,False,False,Steak Curry Bowl recipe,assets/main.avif,assets/card.avif,not-included-see-readme
1481,REC-CAND-1481,Greek Lentil with Potatoes,greek lentil with potatoes,Main Meal,Lunch,Philippines,False,False,False,Greek Lentil with Potatoes recipe,assets/main.avif,assets/card.avif,not-included-see-readme
1482,REC-CAND-1482,Sheet Pan Sausage and Corn,sheet pan sausage and corn,Main Meal,Lunch,Croatia,True,False,False,Sheet Pan Sausage and Corn recipe,assets/main.avif,assets/card.avif,not-included-see-readme
1483,REC-CAND-1483,Mexican Salmon Wraps,mexican salmon wraps,Main Meal,Dinner,Italy,False,False,False,Mexican Salmon Wraps recipe,assets/main.avif,assets/card.avif,not-included-see-readme
1484,REC-CAND-1484,Thai Turkey with Noodles,thai turkey with noodles,Main Meal,Dinner,France,False,False,False,Thai Turkey with Noodles recipe,assets/main.avif,assets/card.avif,not-included-see-readme
1485,REC-CAND-1485,Roasted Lentil Stew,roasted lentil stew,Main Meal,Dinner,Japan,False,False,False,Roasted Lentil Stew recipe,assets/main.avif,assets/card.avif,not-included-see-readme
1486,REC-CAND-1486,Chipotle Cod Casserole,chipotle cod casserole,Main Meal,Lunch,Korea,False,False,False,Chipotle Cod Casserole recipe,assets/main.avif,assets/card.avif,not-included-see-readme
1487,REC-CAND-1487,Filipino Turkey Rice Bowl,filipino turkey rice bowl,Main Meal,Lunch,Jamaica,False,False,False,Filipino Turkey Rice Bowl recipe,assets/main.avif,assets/card.avif,not-included-see-readme
1488,REC-CAND-1488,Chinese Steak Rice Bowl,chinese steak rice bowl,Main Meal,Lunch,Italy,False,False,False,Chinese Steak Rice Bowl recipe,assets/main.avif,assets/card.avif,not-included-see-readme
1489,REC-CAND-1489,Balsamic Lentil Salad Bowl,balsamic lentil salad bowl,Main Meal,Lunch,Greece,False,False,False,Balsamic Lentil Salad Bowl recipe,assets/main.avif,assets/card.avif,not-included-see-readme
1490,REC-CAND-1490,Indian Pork Tenderloin Noodle Bowl,indian pork tenderloin noodle bowl,Main Meal,Lunch,Romania,True,False,False,Indian Pork Tenderloin Noodle Bowl recipe,assets/main.avif,assets/card.avif,not-included-see-readme
1491,REC-CAND-1491,Pesto Tofu with Zucchini,pesto tofu with zucchini,Main Meal,Lunch,Japan,False,False,False,Pesto Tofu with Zucchini recipe,assets/main.avif,assets/card.avif,not-included-see-readme
1492,REC-CAND-1492,Tempeh Fried Rice,tempeh fried rice,Main Meal,Lunch,Jamaica,False,False,False,Tempeh Fried Rice recipe,assets/main.avif,assets/card.avif,not-included-see-readme
1493,REC-CAND-1493,Turkey and Broccoli Wraps,turkey and broccoli wraps,Main Meal,Lunch,Spain,False,False,False,Turkey and Broccoli Wraps recipe,assets/main.avif,assets/card.avif,not-included-see-readme
1494,REC-CAND-1494,Chipotle Tuna with Carrots,chipotle tuna with carrots,Main Meal,Dinner,Thailand,False,False,False,Chipotle Tuna with Carrots recipe,assets/main.avif,assets/card.avif,not-included-see-readme
1495,REC-CAND-1495,American Egg Flatbread,american egg flatbread,Main Meal,Lunch,Korea,False,False,False,American Egg Flatbread recipe,assets/main.avif,assets/card.avif,not-included-see-readme
1496,REC-CAND-1496,Peruvian Tempeh Baked Potatoes,peruvian tempeh baked potatoes,Main Meal,Dinner,Spain,False,False,False,Peruvian Tempeh Baked Potatoes recipe,assets/main.avif,assets/card.avif,not-included-see-readme
1497,REC-CAND-1497,Harissa Cod Pasta,harissa cod pasta,Main Meal,Lunch,India,False,False,False,Harissa Cod Pasta recipe,assets/main.avif,assets/card.avif,not-included-see-readme
1498,REC-CAND-1498,Mediterranean Shrimp Flatbread,mediterranean shrimp flatbread,Main Meal,Dinner,Italy,False,False,False,Mediterranean Shrimp Flatbread recipe,assets/main.avif,assets/card.avif,not-included-see-readme
1499,REC-CAND-1499,Peruvian Egg Wraps,peruvian egg wraps,Main Meal,Lunch,Tunisia,True,False,False,Peruvian Egg Wraps recipe,assets/main.avif,assets/card.avif,not-included-see-readme
1500,REC-CAND-1500,Buffalo Pork Tenderloin Flatbread,buffalo pork tenderloin flatbread,Main Meal,Dinner,Jamaica,False,False,False,Buffalo Pork Tenderloin Flatbread recipe,assets/main.avif,assets/card.avif,not-included-see-readme
1501,REC-CAND-1501,Shrimp and Green Beans Sweet Potato Hash,shrimp and green beans sweet potato hash,Main Meal,Breakfast,Mexico,False,False,False,Shrimp and Green Beans Sweet Potato Hash recipe,assets/main.avif,assets/card.avif,not-included-see-readme
1502,REC-CAND-1502,Mexican Pork Tenderloin with Vegetables,mexican pork tenderloin with vegetables,Main Meal,Dinner,Spain,False,False,False,Mexican Pork Tenderloin with Vegetables recipe,assets/main.avif,assets/card.avif,not-included-see-readme
1503,REC-CAND-1503,Lean Beef and Bell Peppers Quinoa Bowl,lean beef and bell peppers quinoa bowl,Main Meal,Lunch,Thailand,False,False,False,Lean Beef and Bell Peppers Quinoa Bowl recipe,assets/main.avif,assets/card.avif,not-included-see-readme
1504,REC-CAND-1504,Lean Beef Burrito Bowl,lean beef burrito bowl,Main Meal,Lunch,Botswana,True,False,False,Lean Beef Burrito Bowl recipe,assets/main.avif,assets/card.avif,not-included-see-readme
1505,REC-CAND-1505,Italian Tempeh with Rice,italian tempeh with rice,Main Meal,Dinner,Spain,False,False,False,Italian Tempeh with Rice recipe,assets/main.avif,assets/card.avif,not-included-see-readme
1506,REC-CAND-1506,French Salmon Tacos,french salmon tacos,Main Meal,Dinner,Botswana,True,False,False,French Salmon Tacos recipe,assets/main.avif,assets/card.avif,not-included-see-readme
1507,REC-CAND-1507,Filipino Sausage Stew,filipino sausage stew,Main Meal,Dinner,Brazil,False,False,False,Filipino Sausage Stew recipe,assets/main.avif,assets/card.avif,not-included-see-readme
1508,REC-CAND-1508,Spanish Cod with Noodles,spanish cod with noodles,Main Meal,Lunch,Mexico,False,False,False,Spanish Cod with Noodles recipe,assets/main.avif,assets/card.avif,not-included-see-readme
1509,REC-CAND-1509,Mediterranean Chickpea Quinoa Bowl,mediterranean chickpea quinoa bowl,Main Meal,Lunch,France,False,False,False,Mediterranean Chickpea Quinoa Bowl recipe,assets/main.avif,assets/card.avif,not-included-see-readme
1510,REC-CAND-1510,Shrimp Skillet,shrimp skillet,Main Meal,Lunch,Philippines,False,False,False,Shrimp Skillet recipe,assets/main.avif,assets/card.avif,not-included-see-readme
1511,REC-CAND-1511,Sheet Pan Chicken and Broccoli,sheet pan chicken and broccoli,Main Meal,Dinner,Mexico,False,False,False,Sheet Pan Chicken and Broccoli recipe,assets/main.avif,assets/card.avif,not-included-see-readme
1512,REC-CAND-1512,Sheet Pan Chicken and Green Beans,sheet pan chicken and green beans,Main Meal,Lunch,Korea,False,False,False,Sheet Pan Chicken and Green Beans recipe,assets/main.avif,assets/card.avif,not-included-see-readme
1513,REC-CAND-1513,Spanish Egg with Potatoes,spanish egg with potatoes,Main Meal,Dinner,Greece,False,False,False,Spanish Egg with Potatoes recipe,assets/main.avif,assets/card.avif,not-included-see-readme
1514,REC-CAND-1514,Moroccan Lentil Tacos,moroccan lentil tacos,Main Meal,Dinner,Korea,False,False,False,Moroccan Lentil Tacos recipe,assets/main.avif,assets/card.avif,not-included-see-readme
1515,REC-CAND-1515,French Shrimp Skillet,french shrimp skillet,Main Meal,Dinner,Spain,False,False,False,French Shrimp Skillet recipe,assets/main.avif,assets/card.avif,not-included-see-readme
1516,REC-CAND-1516,Brazilian Sausage with Quinoa,brazilian sausage with quinoa,Main Meal,Dinner,Korea,False,False,False,Brazilian Sausage with Quinoa recipe,assets/main.avif,assets/card.avif,not-included-see-readme
1517,REC-CAND-1517,Coconut Lentil Tacos,coconut lentil tacos,Main Meal,Lunch,Mexico,False,False,False,Coconut Lentil Tacos recipe,assets/main.avif,assets/card.avif,not-included-see-readme
1518,REC-CAND-1518,Peruvian Tofu Noodle Bowl,peruvian tofu noodle bowl,Main Meal,Dinner,Italy,False,False,False,Peruvian Tofu Noodle Bowl recipe,assets/main.avif,assets/card.avif,not-included-see-readme
1519,REC-CAND-1519,Pesto Steak with Green Beans,pesto steak with green beans,Main Meal,Lunch,Thailand,False,False,False,Pesto Steak with Green Beans recipe,assets/main.avif,assets/card.avif,not-included-see-readme
1520,REC-CAND-1520,Honey Soy Pork Tenderloin with Carrots,honey soy pork tenderloin with carrots,Main Meal,Lunch,Brazil,False,False,False,Honey Soy Pork Tenderloin with Carrots recipe,assets/main.avif,assets/card.avif,not-included-see-readme
1521,REC-CAND-1521,Honey Soy Shrimp Salad Bowl,honey soy shrimp salad bowl,Main Meal,Lunch,Japan,False,False,False,Honey Soy Shrimp Salad Bowl recipe,assets/main.avif,assets/card.avif,not-included-see-readme
1522,REC-CAND-1522,Filipino Sausage Noodle Bowl,filipino sausage noodle bowl,Main Meal,Dinner,Greece,False,False,False,Filipino Sausage Noodle Bowl recipe,assets/main.avif,assets/card.avif,not-included-see-readme
1523,REC-CAND-1523,Brazilian Chickpea with Noodles,brazilian chickpea with noodles,Main Meal,Dinner,Jamaica,False,False,False,Brazilian Chickpea with Noodles recipe,assets/main.avif,assets/card.avif,not-included-see-readme
1524,REC-CAND-1524,Indian Lentil Flatbread,indian lentil flatbread,Main Meal,Lunch,Mexico,False,False,False,Indian Lentil Flatbread recipe,assets/main.avif,assets/card.avif,not-included-see-readme
1525,REC-CAND-1525,Korean Shrimp Rice Bowl,korean shrimp rice bowl,Main Meal,Dinner,India,False,False,False,Korean Shrimp Rice Bowl recipe,assets/main.avif,assets/card.avif,not-included-see-readme
1526,REC-CAND-1526,Spicy Shrimp with Cucumber,spicy shrimp with cucumber,Main Meal,Dinner,Thailand,False,False,False,Spicy Shrimp with Cucumber recipe,assets/main.avif,assets/card.avif,not-included-see-readme
1527,REC-CAND-1527,Roasted Chicken Grain Bowl,roasted chicken grain bowl,Main Meal,Dinner,Peru,False,False,False,Roasted Chicken Grain Bowl recipe,assets/main.avif,assets/card.avif,not-included-see-readme
1528,REC-CAND-1528,Caribbean Pork Tenderloin with Vegetables,caribbean pork tenderloin with vegetables,Main Meal,Lunch,Senegal,True,False,False,Caribbean Pork Tenderloin with Vegetables recipe,assets/main.avif,assets/card.avif,not-included-see-readme
1529,REC-CAND-1529,Buffalo Sausage with Cauliflower,buffalo sausage with cauliflower,Main Meal,Dinner,Spain,False,False,False,Buffalo Sausage with Cauliflower recipe,assets/main.avif,assets/card.avif,not-included-see-readme
1530,REC-CAND-1530,Indian Tofu Rice Bowl,indian tofu rice bowl,Main Meal,Dinner,Italy,False,False,False,Indian Tofu Rice Bowl recipe,assets/main.avif,assets/card.avif,not-included-see-readme
1531,REC-CAND-1531,Mediterranean Turkey Tray Bake,mediterranean turkey tray bake,Main Meal,Lunch,France,False,False,False,Mediterranean Turkey Tray Bake recipe,assets/main.avif,assets/card.avif,not-included-see-readme
1532,REC-CAND-1532,Black Bean Stuffed Sweet Potatoes,black bean stuffed sweet potatoes,Main Meal,Lunch,Senegal,True,False,False,Black Bean Stuffed Sweet Potatoes recipe,assets/main.avif,assets/card.avif,not-included-see-readme
1533,REC-CAND-1533,Spanish Sausage Orzo Skillet,spanish sausage orzo skillet,Main Meal,Dinner,China,False,False,False,Spanish Sausage Orzo Skillet recipe,assets/main.avif,assets/card.avif,not-included-see-readme
1534,REC-CAND-1534,Sheet Pan Chickpea and Cucumber,sheet pan chickpea and cucumber,Main Meal,Lunch,Italy,False,False,False,Sheet Pan Chickpea and Cucumber recipe,assets/main.avif,assets/card.avif,not-included-see-readme
1535,REC-CAND-1535,Teriyaki Lentil Soup,teriyaki lentil soup,Main Meal,Dinner,Italy,False,False,False,Teriyaki Lentil Soup recipe,assets/main.avif,assets/card.avif,not-included-see-readme
1536,REC-CAND-1536,Caribbean Tuna Chili,caribbean tuna chili,Main Meal,Dinner,Korea,False,False,False,Caribbean Tuna Chili recipe,assets/main.avif,assets/card.avif,not-included-see-readme
1537,REC-CAND-1537,Spicy Cod Rice Bowl,spicy cod rice bowl,Main Meal,Dinner,Spain,False,False,False,Spicy Cod Rice Bowl recipe,assets/main.avif,assets/card.avif,not-included-see-readme
1538,REC-CAND-1538,Spicy Salmon Rice Bowl,spicy salmon rice bowl,Main Meal,Dinner,Korea,False,False,False,Spicy Salmon Rice Bowl recipe,assets/main.avif,assets/card.avif,not-included-see-readme
1539,REC-CAND-1539,Caribbean Chicken Flatbread,caribbean chicken flatbread,Main Meal,Lunch,Italy,False,False,False,Caribbean Chicken Flatbread recipe,assets/main.avif,assets/card.avif,not-included-see-readme
1540,REC-CAND-1540,Sheet Pan Sausage and Zucchini,sheet pan sausage and zucchini,Main Meal,Lunch,Mexico,False,False,False,Sheet Pan Sausage and Zucchini recipe,assets/main.avif,assets/card.avif,not-included-see-readme
1541,REC-CAND-1541,Lentil and Carrots Flatbread,lentil and carrots flatbread,Main Meal,Lunch,India,False,False,False,Lentil and Carrots Flatbread recipe,assets/main.avif,assets/card.avif,not-included-see-readme
1542,REC-CAND-1542,Italian Chicken Casserole,italian chicken casserole,Main Meal,Dinner,Jamaica,False,False,False,Italian Chicken Casserole recipe,assets/main.avif,assets/card.avif,not-included-see-readme
1543,REC-CAND-1543,Japanese Steak Wraps,japanese steak wraps,Main Meal,Lunch,Peru,False,False,False,Japanese Steak Wraps recipe,assets/main.avif,assets/card.avif,not-included-see-readme
1544,REC-CAND-1544,Sheet Pan Tuna and Tomatoes,sheet pan tuna and tomatoes,Main Meal,Dinner,Thailand,False,False,False,Sheet Pan Tuna and Tomatoes recipe,assets/main.avif,assets/card.avif,not-included-see-readme
1545,REC-CAND-1545,Coconut Steak with Green Beans,coconut steak with green beans,Main Meal,Lunch,Korea,False,False,False,Coconut Steak with Green Beans recipe,assets/main.avif,assets/card.avif,not-included-see-readme
1546,REC-CAND-1546,Sheet Pan Chickpea and Mushrooms,sheet pan chickpea and mushrooms,Main Meal,Dinner,Italy,False,False,False,Sheet Pan Chickpea and Mushrooms recipe,assets/main.avif,assets/card.avif,not-included-see-readme
1547,REC-CAND-1547,Garlic Sausage Salad Bowl,garlic sausage salad bowl,Main Meal,Dinner,China,False,False,False,Garlic Sausage Salad Bowl recipe,assets/main.avif,assets/card.avif,not-included-see-readme
1548,REC-CAND-1548,Sesame Tofu Quinoa Bowl,sesame tofu quinoa bowl,Main Meal,Lunch,Greece,False,False,False,Sesame Tofu Quinoa Bowl recipe,assets/main.avif,assets/card.avif,not-included-see-readme
1549,REC-CAND-1549,Teriyaki Salmon Skillet,teriyaki salmon skillet,Main Meal,Dinner,United States,False,False,False,Teriyaki Salmon Skillet recipe,assets/main.avif,assets/card.avif,not-included-see-readme
1550,REC-CAND-1550,Harissa Salmon Sweet Potato Hash,harissa salmon sweet potato hash,Main Meal,Breakfast,Peru,False,False,False,Harissa Salmon Sweet Potato Hash recipe,assets/main.avif,assets/card.avif,not-included-see-readme
1551,REC-CAND-1551,Shrimp and Broccoli Tray Bake,shrimp and broccoli tray bake,Main Meal,Lunch,Italy,False,False,False,Shrimp and Broccoli Tray Bake recipe,assets/main.avif,assets/card.avif,not-included-see-readme
1552,REC-CAND-1552,French Cod with Quinoa,french cod with quinoa,Main Meal,Lunch,Philippines,False,False,False,French Cod with Quinoa recipe,assets/main.avif,assets/card.avif,not-included-see-readme
1553,REC-CAND-1553,Tomato Basil Black Bean with Cucumber,tomato basil black bean with cucumber,Main Meal,Dinner,Brazil,False,False,False,Tomato Basil Black Bean with Cucumber recipe,assets/main.avif,assets/card.avif,not-included-see-readme
1554,REC-CAND-1554,Ginger Chicken Stew,ginger chicken stew,Main Meal,Lunch,Spain,False,False,False,Ginger Chicken Stew recipe,assets/main.avif,assets/card.avif,not-included-see-readme
1555,REC-CAND-1555,Herbed Steak Soup,herbed steak soup,Main Meal,Dinner,Italy,False,False,False,Herbed Steak Soup recipe,assets/main.avif,assets/card.avif,not-included-see-readme
1556,REC-CAND-1556,French Cod with Noodles,french cod with noodles,Main Meal,Dinner,Brazil,False,False,False,French Cod with Noodles recipe,assets/main.avif,assets/card.avif,not-included-see-readme
1557,REC-CAND-1557,Thai Steak Rice Bowl,thai steak rice bowl,Main Meal,Lunch,Greece,False,False,False,Thai Steak Rice Bowl recipe,assets/main.avif,assets/card.avif,not-included-see-readme
1558,REC-CAND-1558,Moroccan Turkey Baked Potatoes,moroccan turkey baked potatoes,Main Meal,Lunch,Greece,False,False,False,Moroccan Turkey Baked Potatoes recipe,assets/main.avif,assets/card.avif,not-included-see-readme
1559,REC-CAND-1559,Italian Pork Tenderloin Wraps,italian pork tenderloin wraps,Main Meal,Lunch,Jamaica,False,False,False,Italian Pork Tenderloin Wraps recipe,assets/main.avif,assets/card.avif,not-included-see-readme
1560,REC-CAND-1560,Ginger Salmon Tray Bake,ginger salmon tray bake,Main Meal,Dinner,China,False,False,False,Ginger Salmon Tray Bake recipe,assets/main.avif,assets/card.avif,not-included-see-readme
1561,REC-CAND-1561,Tofu and Zucchini Sweet Potato Hash,tofu and zucchini sweet potato hash,Main Meal,Breakfast,Spain,False,False,False,Tofu and Zucchini Sweet Potato Hash recipe,assets/main.avif,assets/card.avif,not-included-see-readme
1562,REC-CAND-1562,Crispy Tempeh Soup,crispy tempeh soup,Main Meal,Lunch,Brazil,False,False,False,Crispy Tempeh Soup recipe,assets/main.avif,assets/card.avif,not-included-see-readme
1563,REC-CAND-1563,Japanese Tofu Flatbread,japanese tofu flatbread,Main Meal,Lunch,United States,False,False,False,Japanese Tofu Flatbread recipe,assets/main.avif,assets/card.avif,not-included-see-readme
1564,REC-CAND-1564,Cajun Lentil with Spinach,cajun lentil with spinach,Main Meal,Dinner,United States,False,False,False,Cajun Lentil with Spinach recipe,assets/main.avif,assets/card.avif,not-included-see-readme
1565,REC-CAND-1565,Garlic Turkey with Cucumber,garlic turkey with cucumber,Main Meal,Lunch,Armenia,True,False,False,Garlic Turkey with Cucumber recipe,assets/main.avif,assets/card.avif,not-included-see-readme
1566,REC-CAND-1566,Korean Egg Flatbread,korean egg flatbread,Main Meal,Lunch,Greece,False,False,False,Korean Egg Flatbread recipe,assets/main.avif,assets/card.avif,not-included-see-readme
1567,REC-CAND-1567,Garlic Black Bean Casserole,garlic black bean casserole,Main Meal,Lunch,Philippines,False,False,False,Garlic Black Bean Casserole recipe,assets/main.avif,assets/card.avif,not-included-see-readme
1568,REC-CAND-1568,Caribbean Tuna Rice Bowl,caribbean tuna rice bowl,Main Meal,Dinner,Korea,False,False,False,Caribbean Tuna Rice Bowl recipe,assets/main.avif,assets/card.avif,not-included-see-readme
1569,REC-CAND-1569,Moroccan Chickpea Rice Bowl,moroccan chickpea rice bowl,Main Meal,Dinner,Japan,False,False,False,Moroccan Chickpea Rice Bowl recipe,assets/main.avif,assets/card.avif,not-included-see-readme
1570,REC-CAND-1570,Tuna and Cabbage Wraps,tuna and cabbage wraps,Main Meal,Dinner,Spain,False,False,False,Tuna and Cabbage Wraps recipe,assets/main.avif,assets/card.avif,not-included-see-readme
1571,REC-CAND-1571,Harissa Black Bean with Broccoli,harissa black bean with broccoli,Main Meal,Lunch,Egypt,True,False,False,Harissa Black Bean with Broccoli recipe,assets/main.avif,assets/card.avif,not-included-see-readme
1572,REC-CAND-1572,Lemon Steak Pasta,lemon steak pasta,Main Meal,Lunch,Peru,False,False,False,Lemon Steak Pasta recipe,assets/main.avif,assets/card.avif,not-included-see-readme
1573,REC-CAND-1573,Lean Beef and Zucchini Skillet,lean beef and zucchini skillet,Main Meal,Dinner,Greece,False,False,False,Lean Beef and Zucchini Skillet recipe,assets/main.avif,assets/card.avif,not-included-see-readme
1574,REC-CAND-1574,Herbed Lentil Casserole,herbed lentil casserole,Main Meal,Lunch,Croatia,True,False,False,Herbed Lentil Casserole recipe,assets/main.avif,assets/card.avif,not-included-see-readme
1575,REC-CAND-1575,Tofu and Bell Peppers Orzo Skillet,tofu and bell peppers orzo skillet,Main Meal,Dinner,Italy,False,False,False,Tofu and Bell Peppers Orzo Skillet recipe,assets/main.avif,assets/card.avif,not-included-see-readme
1576,REC-CAND-1576,Spicy Black Bean Chili,spicy black bean chili,Main Meal,Lunch,Philippines,False,False,False,Spicy Black Bean Chili recipe,assets/main.avif,assets/card.avif,not-included-see-readme
1577,REC-CAND-1577,Pesto Sausage Soup,pesto sausage soup,Main Meal,Dinner,France,False,False,False,Pesto Sausage Soup recipe,assets/main.avif,assets/card.avif,not-included-see-readme
1578,REC-CAND-1578,Lean Beef and Bell Peppers Tray Bake,lean beef and bell peppers tray bake,Main Meal,Dinner,France,False,False,False,Lean Beef and Bell Peppers Tray Bake recipe,assets/main.avif,assets/card.avif,not-included-see-readme
1579,REC-CAND-1579,Sheet Pan Pork Tenderloin and Kale,sheet pan pork tenderloin and kale,Main Meal,Lunch,Japan,False,False,False,Sheet Pan Pork Tenderloin and Kale recipe,assets/main.avif,assets/card.avif,not-included-see-readme
1580,REC-CAND-1580,Ginger Tuna Sweet Potato Hash,ginger tuna sweet potato hash,Main Meal,Breakfast,Thailand,False,False,False,Ginger Tuna Sweet Potato Hash recipe,assets/main.avif,assets/card.avif,not-included-see-readme
1581,REC-CAND-1581,Indian Salmon with Noodles,indian salmon with noodles,Main Meal,Dinner,Thailand,False,False,False,Indian Salmon with Noodles recipe,assets/main.avif,assets/card.avif,not-included-see-readme
1582,REC-CAND-1582,Chinese Turkey Curry,chinese turkey curry,Main Meal,Lunch,Korea,False,False,False,Chinese Turkey Curry recipe,assets/main.avif,assets/card.avif,not-included-see-readme
1583,REC-CAND-1583,French Tuna Baked Potatoes,french tuna baked potatoes,Main Meal,Dinner,Peru,False,False,False,French Tuna Baked Potatoes recipe,assets/main.avif,assets/card.avif,not-included-see-readme
1584,REC-CAND-1584,Tempeh and Broccoli Sweet Potato Hash,tempeh and broccoli sweet potato hash,Main Meal,Breakfast,Jamaica,False,False,False,Tempeh and Broccoli Sweet Potato Hash recipe,assets/main.avif,assets/card.avif,not-included-see-readme
1585,REC-CAND-1585,Japanese Shrimp Pasta,japanese shrimp pasta,Main Meal,Lunch,Italy,False,False,False,Japanese Shrimp Pasta recipe,assets/main.avif,assets/card.avif,not-included-see-readme
1586,REC-CAND-1586,Sheet Pan Lean Beef and Corn,sheet pan lean beef and corn,Main Meal,Lunch,Brazil,False,False,False,Sheet Pan Lean Beef and Corn recipe,assets/main.avif,assets/card.avif,not-included-see-readme
1587,REC-CAND-1587,Mediterranean Egg Skillet,mediterranean egg skillet,Main Meal,Lunch,United States,False,False,False,Mediterranean Egg Skillet recipe,assets/main.avif,assets/card.avif,not-included-see-readme
1588,REC-CAND-1588,Greek Lean Beef Tacos,greek lean beef tacos,Main Meal,Dinner,United States,False,False,False,Greek Lean Beef Tacos recipe,assets/main.avif,assets/card.avif,not-included-see-readme
1589,REC-CAND-1589,Sheet Pan Tuna and Cauliflower,sheet pan tuna and cauliflower,Main Meal,Lunch,Senegal,True,False,False,Sheet Pan Tuna and Cauliflower recipe,assets/main.avif,assets/card.avif,not-included-see-readme
1590,REC-CAND-1590,Japanese Tuna with Vegetables,japanese tuna with vegetables,Main Meal,Lunch,Brazil,False,False,False,Japanese Tuna with Vegetables recipe,assets/main.avif,assets/card.avif,not-included-see-readme
1591,REC-CAND-1591,Salmon and Spinach Sweet Potato Hash,salmon and spinach sweet potato hash,Main Meal,Breakfast,Morocco,True,False,False,Salmon and Spinach Sweet Potato Hash recipe,assets/main.avif,assets/card.avif,not-included-see-readme
1592,REC-CAND-1592,Thai Pork Tenderloin Grain Bowl,thai pork tenderloin grain bowl,Main Meal,Lunch,Philippines,False,False,False,Thai Pork Tenderloin Grain Bowl recipe,assets/main.avif,assets/card.avif,not-included-see-readme
1593,REC-CAND-1593,Filipino Tofu with Potatoes,filipino tofu with potatoes,Main Meal,Dinner,China,False,False,False,Filipino Tofu with Potatoes recipe,assets/main.avif,assets/card.avif,not-included-see-readme
1594,REC-CAND-1594,Mexican Shrimp with Noodles,mexican shrimp with noodles,Main Meal,Lunch,Jamaica,False,False,False,Mexican Shrimp with Noodles recipe,assets/main.avif,assets/card.avif,not-included-see-readme
1595,REC-CAND-1595,Herbed Turkey Pasta,herbed turkey pasta,Main Meal,Dinner,France,False,False,False,Herbed Turkey Pasta recipe,assets/main.avif,assets/card.avif,not-included-see-readme
1596,REC-CAND-1596,Egg Fried Rice,egg fried rice,Main Meal,Lunch,Philippines,False,False,False,Egg Fried Rice recipe,assets/main.avif,assets/card.avif,not-included-see-readme
1597,REC-CAND-1597,Blackened Cod Chili,blackened cod chili,Main Meal,Dinner,Thailand,False,False,False,Blackened Cod Chili recipe,assets/main.avif,assets/card.avif,not-included-see-readme
1598,REC-CAND-1598,Sheet Pan Tempeh and Cauliflower,sheet pan tempeh and cauliflower,Main Meal,Dinner,United States,False,False,False,Sheet Pan Tempeh and Cauliflower recipe,assets/main.avif,assets/card.avif,not-included-see-readme
1599,REC-CAND-1599,Japanese Pork Tenderloin Flatbread,japanese pork tenderloin flatbread,Main Meal,Dinner,United States,False,False,False,Japanese Pork Tenderloin Flatbread recipe,assets/main.avif,assets/card.avif,not-included-see-readme
1600,REC-CAND-1600,Sesame Pork Tenderloin Curry,sesame pork tenderloin curry,Main Meal,Dinner,Thailand,False,False,False,Sesame Pork Tenderloin Curry recipe,assets/main.avif,assets/card.avif,not-included-see-readme
1601,REC-CAND-1601,Roasted Tofu with Zucchini,roasted tofu with zucchini,Main Meal,Dinner,Thailand,False,False,False,Roasted Tofu with Zucchini recipe,assets/main.avif,assets/card.avif,not-included-see-readme
1602,REC-CAND-1602,Tomato Basil Black Bean Tacos,tomato basil black bean tacos,Main Meal,Lunch,Botswana,True,False,False,Tomato Basil Black Bean Tacos recipe,assets/main.avif,assets/card.avif,not-included-see-readme
1603,REC-CAND-1603,Herbed Tempeh with Bell Peppers,herbed tempeh with bell peppers,Main Meal,Dinner,Morocco,True,False,False,Herbed Tempeh with Bell Peppers recipe,assets/main.avif,assets/card.avif,not-included-see-readme
1604,REC-CAND-1604,Black Bean and Mushrooms Baked Potatoes,black bean and mushrooms baked potatoes,Main Meal,Dinner,Korea,False,False,False,Black Bean and Mushrooms Baked Potatoes recipe,assets/main.avif,assets/card.avif,not-included-see-readme
1605,REC-CAND-1605,Black Bean and Tomatoes Casserole,black bean and tomatoes casserole,Main Meal,Dinner,Ghana,True,False,False,Black Bean and Tomatoes Casserole recipe,assets/main.avif,assets/card.avif,not-included-see-readme
1606,REC-CAND-1606,Cajun Lentil Soup,cajun lentil soup,Main Meal,Dinner,United States,False,False,False,Cajun Lentil Soup recipe,assets/main.avif,assets/card.avif,not-included-see-readme
1607,REC-CAND-1607,Chipotle Black Bean with Green Beans,chipotle black bean with green beans,Main Meal,Dinner,Peru,False,False,False,Chipotle Black Bean with Green Beans recipe,assets/main.avif,assets/card.avif,not-included-see-readme
1608,REC-CAND-1608,Spanish Chickpea Rice Bowl,spanish chickpea rice bowl,Main Meal,Dinner,Thailand,False,False,False,Spanish Chickpea Rice Bowl recipe,assets/main.avif,assets/card.avif,not-included-see-readme
1609,REC-CAND-1609,Lemon Sausage Chili,lemon sausage chili,Main Meal,Dinner,Korea,False,False,False,Lemon Sausage Chili recipe,assets/main.avif,assets/card.avif,not-included-see-readme
1610,REC-CAND-1610,Korean Sausage with Noodles,korean sausage with noodles,Main Meal,Dinner,Thailand,False,False,False,Korean Sausage with Noodles recipe,assets/main.avif,assets/card.avif,not-included-see-readme
1611,REC-CAND-1611,Buffalo Tuna Wraps,buffalo tuna wraps,Main Meal,Lunch,Philippines,False,False,False,Buffalo Tuna Wraps recipe,assets/main.avif,assets/card.avif,not-included-see-readme
1612,REC-CAND-1612,Harissa Tofu Chili,harissa tofu chili,Main Meal,Dinner,Japan,False,False,False,Harissa Tofu Chili recipe,assets/main.avif,assets/card.avif,not-included-see-readme
1613,REC-CAND-1613,Pork Tenderloin and Cabbage Salad Bowl,pork tenderloin and cabbage salad bowl,Main Meal,Dinner,Nigeria,True,False,False,Pork Tenderloin and Cabbage Salad Bowl recipe,assets/main.avif,assets/card.avif,not-included-see-readme
1614,REC-CAND-1614,Cajun Steak with Mushrooms,cajun steak with mushrooms,Main Meal,Dinner,Philippines,False,False,False,Cajun Steak with Mushrooms recipe,assets/main.avif,assets/card.avif,not-included-see-readme
1615,REC-CAND-1615,Teriyaki Salmon Flatbread,teriyaki salmon flatbread,Main Meal,Lunch,Mexico,False,False,False,Teriyaki Salmon Flatbread recipe,assets/main.avif,assets/card.avif,not-included-see-readme
1616,REC-CAND-1616,Teriyaki Tempeh Flatbread,teriyaki tempeh flatbread,Main Meal,Lunch,Philippines,False,False,False,Teriyaki Tempeh Flatbread recipe,assets/main.avif,assets/card.avif,not-included-see-readme
1617,REC-CAND-1617,Korean Lean Beef Pasta,korean lean beef pasta,Main Meal,Lunch,Egypt,True,False,False,Korean Lean Beef Pasta recipe,assets/main.avif,assets/card.avif,not-included-see-readme
1618,REC-CAND-1618,Caribbean Lean Beef Tray Bake,caribbean lean beef tray bake,Main Meal,Dinner,China,False,False,False,Caribbean Lean Beef Tray Bake recipe,assets/main.avif,assets/card.avif,not-included-see-readme
1619,REC-CAND-1619,Peruvian Sausage Rice Bowl,peruvian sausage rice bowl,Main Meal,Dinner,Spain,False,False,False,Peruvian Sausage Rice Bowl recipe,assets/main.avif,assets/card.avif,not-included-see-readme
1620,REC-CAND-1620,Chinese Lean Beef Wraps,chinese lean beef wraps,Main Meal,Dinner,Jamaica,False,False,False,Chinese Lean Beef Wraps recipe,assets/main.avif,assets/card.avif,not-included-see-readme
1621,REC-CAND-1621,Honey Soy Shrimp Quinoa Bowl,honey soy shrimp quinoa bowl,Main Meal,Lunch,Spain,False,False,False,Honey Soy Shrimp Quinoa Bowl recipe,assets/main.avif,assets/card.avif,not-included-see-readme
1622,REC-CAND-1622,Sesame Turkey with Asparagus,sesame turkey with asparagus,Main Meal,Lunch,Italy,False,False,False,Sesame Turkey with Asparagus recipe,assets/main.avif,assets/card.avif,not-included-see-readme
1623,REC-CAND-1623,Filipino Sausage Rice Bowl,filipino sausage rice bowl,Main Meal,Lunch,United States,False,False,False,Filipino Sausage Rice Bowl recipe,assets/main.avif,assets/card.avif,not-included-see-readme
1624,REC-CAND-1624,Herbed Lentil with Cauliflower,herbed lentil with cauliflower,Main Meal,Lunch,Italy,False,False,False,Herbed Lentil with Cauliflower recipe,assets/main.avif,assets/card.avif,not-included-see-readme
1625,REC-CAND-1625,Peruvian Tofu Rice Bowl,peruvian tofu rice bowl,Main Meal,Lunch,Italy,False,False,False,Peruvian Tofu Rice Bowl recipe,assets/main.avif,assets/card.avif,not-included-see-readme
1626,REC-CAND-1626,Thai Cod with Quinoa,thai cod with quinoa,Main Meal,Dinner,Mexico,False,False,False,Thai Cod with Quinoa recipe,assets/main.avif,assets/card.avif,not-included-see-readme
1627,REC-CAND-1627,Spicy Turkey with Corn,spicy turkey with corn,Main Meal,Dinner,Greece,False,False,False,Spicy Turkey with Corn recipe,assets/main.avif,assets/card.avif,not-included-see-readme
1628,REC-CAND-1628,Crispy Tofu with Broccoli,crispy tofu with broccoli,Main Meal,Dinner,France,False,False,False,Crispy Tofu with Broccoli recipe,assets/main.avif,assets/card.avif,not-included-see-readme
1629,REC-CAND-1629,Chicken and Zucchini Stir-Fry,chicken and zucchini stir fry,Main Meal,Dinner,Brazil,False,False,False,Chicken and Zucchini Stir-Fry recipe,assets/main.avif,assets/card.avif,not-included-see-readme
1630,REC-CAND-1630,Peruvian Sausage with Potatoes,peruvian sausage with potatoes,Main Meal,Lunch,Mexico,False,False,False,Peruvian Sausage with Potatoes recipe,assets/main.avif,assets/card.avif,not-included-see-readme
1631,REC-CAND-1631,Ginger Black Bean Rice Bowl,ginger black bean rice bowl,Main Meal,Lunch,Peru,False,False,False,Ginger Black Bean Rice Bowl recipe,assets/main.avif,assets/card.avif,not-included-see-readme
1632,REC-CAND-1632,Teriyaki Pork Tenderloin with Asparagus,teriyaki pork tenderloin with asparagus,Main Meal,Lunch,Mexico,False,False,False,Teriyaki Pork Tenderloin with Asparagus recipe,assets/main.avif,assets/card.avif,not-included-see-readme
1633,REC-CAND-1633,Sesame Salmon with Spinach,sesame salmon with spinach,Main Meal,Dinner,Thailand,False,False,False,Sesame Salmon with Spinach recipe,assets/main.avif,assets/card.avif,not-included-see-readme
1634,REC-CAND-1634,Chicken and Spinach Flatbread,chicken and spinach flatbread,Main Meal,Lunch,Greece,False,False,False,Chicken and Spinach Flatbread recipe,assets/main.avif,assets/card.avif,not-included-see-readme
1635,REC-CAND-1635,Italian Chicken Flatbread,italian chicken flatbread,Main Meal,Dinner,Jamaica,False,False,False,Italian Chicken Flatbread recipe,assets/main.avif,assets/card.avif,not-included-see-readme
1636,REC-CAND-1636,American Sausage with Potatoes,american sausage with potatoes,Main Meal,Dinner,Greece,False,False,False,American Sausage with Potatoes recipe,assets/main.avif,assets/card.avif,not-included-see-readme
1637,REC-CAND-1637,Garlic Turkey Stew,garlic turkey stew,Main Meal,Lunch,Philippines,False,False,False,Garlic Turkey Stew recipe,assets/main.avif,assets/card.avif,not-included-see-readme
1638,REC-CAND-1638,Teriyaki Lentil Salad Bowl,teriyaki lentil salad bowl,Main Meal,Dinner,Sri Lanka,True,False,False,Teriyaki Lentil Salad Bowl recipe,assets/main.avif,assets/card.avif,not-included-see-readme
1639,REC-CAND-1639,Pork Tenderloin and Cauliflower Skillet,pork tenderloin and cauliflower skillet,Main Meal,Dinner,France,False,False,False,Pork Tenderloin and Cauliflower Skillet recipe,assets/main.avif,assets/card.avif,not-included-see-readme
1640,REC-CAND-1640,Chipotle Egg Salad Bowl,chipotle egg salad bowl,Main Meal,Dinner,China,False,False,False,Chipotle Egg Salad Bowl recipe,assets/main.avif,assets/card.avif,not-included-see-readme
1641,REC-CAND-1641,Egg and Cucumber Salad Bowl,egg and cucumber salad bowl,Main Meal,Lunch,Peru,False,False,False,Egg and Cucumber Salad Bowl recipe,assets/main.avif,assets/card.avif,not-included-see-readme
1642,REC-CAND-1642,Pork Tenderloin and Cabbage Casserole,pork tenderloin and cabbage casserole,Main Meal,Lunch,Brazil,False,False,False,Pork Tenderloin and Cabbage Casserole recipe,assets/main.avif,assets/card.avif,not-included-see-readme
1643,REC-CAND-1643,Filipino Chickpea Noodle Bowl,filipino chickpea noodle bowl,Main Meal,Lunch,United States,False,False,False,Filipino Chickpea Noodle Bowl recipe,assets/main.avif,assets/card.avif,not-included-see-readme
1644,REC-CAND-1644,Chicken and Kale Curry,chicken and kale curry,Main Meal,Lunch,Philippines,False,False,False,Chicken and Kale Curry recipe,assets/main.avif,assets/card.avif,not-included-see-readme
1645,REC-CAND-1645,Korean Steak with Potatoes,korean steak with potatoes,Main Meal,Dinner,Jamaica,False,False,False,Korean Steak with Potatoes recipe,assets/main.avif,assets/card.avif,not-included-see-readme
1646,REC-CAND-1646,Teriyaki Tuna with Cucumber,teriyaki tuna with cucumber,Main Meal,Lunch,United States,False,False,False,Teriyaki Tuna with Cucumber recipe,assets/main.avif,assets/card.avif,not-included-see-readme
1647,REC-CAND-1647,Thai Tofu Orzo Skillet,thai tofu orzo skillet,Main Meal,Dinner,Mexico,False,False,False,Thai Tofu Orzo Skillet recipe,assets/main.avif,assets/card.avif,not-included-see-readme
1648,REC-CAND-1648,Steak Burrito Bowl,steak burrito bowl,Main Meal,Dinner,Philippines,False,False,False,Steak Burrito Bowl recipe,assets/main.avif,assets/card.avif,not-included-see-readme
1649,REC-CAND-1649,Chickpea Stir Fry Bowl,chickpea stir fry bowl,Main Meal,Dinner,France,False,False,False,Chickpea Stir Fry Bowl recipe,assets/main.avif,assets/card.avif,not-included-see-readme
1650,REC-CAND-1650,Sheet Pan Turkey and Carrots,sheet pan turkey and carrots,Main Meal,Lunch,Korea,False,False,False,Sheet Pan Turkey and Carrots recipe,assets/main.avif,assets/card.avif,not-included-see-readme
1651,REC-CAND-1651,Peruvian Sausage Soup,peruvian sausage soup,Main Meal,Dinner,China,False,False,False,Peruvian Sausage Soup recipe,assets/main.avif,assets/card.avif,not-included-see-readme
1652,REC-CAND-1652,Italian Chicken Soup,italian chicken soup,Main Meal,Dinner,Thailand,False,False,False,Italian Chicken Soup recipe,assets/main.avif,assets/card.avif,not-included-see-readme
1653,REC-CAND-1653,Indian Lean Beef Pasta,indian lean beef pasta,Main Meal,Dinner,Thailand,False,False,False,Indian Lean Beef Pasta recipe,assets/main.avif,assets/card.avif,not-included-see-readme
1654,REC-CAND-1654,Sheet Pan Shrimp and Broccoli,sheet pan shrimp and broccoli,Main Meal,Dinner,Japan,False,False,False,Sheet Pan Shrimp and Broccoli recipe,assets/main.avif,assets/card.avif,not-included-see-readme
1655,REC-CAND-1655,Black Bean and Kale Orzo Skillet,black bean and kale orzo skillet,Main Meal,Lunch,France,False,False,False,Black Bean and Kale Orzo Skillet recipe,assets/main.avif,assets/card.avif,not-included-see-readme
1656,REC-CAND-1656,Harissa Egg Chili,harissa egg chili,Main Meal,Dinner,Philippines,False,False,False,Harissa Egg Chili recipe,assets/main.avif,assets/card.avif,not-included-see-readme
1657,REC-CAND-1657,Mediterranean Turkey Rice Bowl,mediterranean turkey rice bowl,Main Meal,Dinner,Afghanistan,True,False,False,Mediterranean Turkey Rice Bowl recipe,assets/main.avif,assets/card.avif,not-included-see-readme
1658,REC-CAND-1658,Spicy Pork Tenderloin Stew,spicy pork tenderloin stew,Main Meal,Dinner,United States,False,False,False,Spicy Pork Tenderloin Stew recipe,assets/main.avif,assets/card.avif,not-included-see-readme
1659,REC-CAND-1659,Roasted Chickpea with Bell Peppers,roasted chickpea with bell peppers,Main Meal,Dinner,Korea,False,False,False,Roasted Chickpea with Bell Peppers recipe,assets/main.avif,assets/card.avif,not-included-see-readme
1660,REC-CAND-1660,Egg and Bell Peppers Orzo Skillet,egg and bell peppers orzo skillet,Main Meal,Lunch,Italy,False,False,False,Egg and Bell Peppers Orzo Skillet recipe,assets/main.avif,assets/card.avif,not-included-see-readme
1661,REC-CAND-1661,Filipino Sausage Flatbread,filipino sausage flatbread,Main Meal,Lunch,Spain,False,False,False,Filipino Sausage Flatbread recipe,assets/main.avif,assets/card.avif,not-included-see-readme
1662,REC-CAND-1662,American Sausage Rice Bowl,american sausage rice bowl,Main Meal,Lunch,Mexico,False,False,False,American Sausage Rice Bowl recipe,assets/main.avif,assets/card.avif,not-included-see-readme
1663,REC-CAND-1663,Moroccan Cod Wraps,moroccan cod wraps,Main Meal,Lunch,Peru,False,False,False,Moroccan Cod Wraps recipe,assets/main.avif,assets/card.avif,not-included-see-readme
1664,REC-CAND-1664,Chicken and Tomatoes Tacos,chicken and tomatoes tacos,Main Meal,Lunch,Spain,False,False,False,Chicken and Tomatoes Tacos recipe,assets/main.avif,assets/card.avif,not-included-see-readme
1665,REC-CAND-1665,American Lentil Grain Bowl,american lentil grain bowl,Main Meal,Lunch,Jamaica,False,False,False,American Lentil Grain Bowl recipe,assets/main.avif,assets/card.avif,not-included-see-readme
1666,REC-CAND-1666,Blackened Black Bean with Broccoli,blackened black bean with broccoli,Main Meal,Lunch,Greece,False,False,False,Blackened Black Bean with Broccoli recipe,assets/main.avif,assets/card.avif,not-included-see-readme
1667,REC-CAND-1667,Teriyaki Pork Tenderloin Soup,teriyaki pork tenderloin soup,Main Meal,Lunch,India,False,False,False,Teriyaki Pork Tenderloin Soup recipe,assets/main.avif,assets/card.avif,not-included-see-readme
1668,REC-CAND-1668,Jamaican Cod with Potatoes,jamaican cod with potatoes,Main Meal,Lunch,Korea,False,False,False,Jamaican Cod with Potatoes recipe,assets/main.avif,assets/card.avif,not-included-see-readme
1669,REC-CAND-1669,Sesame Tuna Stew,sesame tuna stew,Main Meal,Lunch,Mexico,False,False,False,Sesame Tuna Stew recipe,assets/main.avif,assets/card.avif,not-included-see-readme
1670,REC-CAND-1670,Korean Lean Beef Wraps,korean lean beef wraps,Main Meal,Lunch,Brazil,False,False,False,Korean Lean Beef Wraps recipe,assets/main.avif,assets/card.avif,not-included-see-readme
1671,REC-CAND-1671,Moroccan Shrimp Rice Bowl,moroccan shrimp rice bowl,Main Meal,Lunch,Spain,False,False,False,Moroccan Shrimp Rice Bowl recipe,assets/main.avif,assets/card.avif,not-included-see-readme
1672,REC-CAND-1672,Tofu Stuffed Peppers,tofu stuffed peppers,Main Meal,Lunch,China,False,False,False,Tofu Stuffed Peppers recipe,assets/main.avif,assets/card.avif,not-included-see-readme
1673,REC-CAND-1673,Italian Lean Beef with Quinoa,italian lean beef with quinoa,Main Meal,Dinner,Japan,False,False,False,Italian Lean Beef with Quinoa recipe,assets/main.avif,assets/card.avif,not-included-see-readme
1674,REC-CAND-1674,Cajun Tofu Salad Bowl,cajun tofu salad bowl,Main Meal,Dinner,Thailand,False,False,False,Cajun Tofu Salad Bowl recipe,assets/main.avif,assets/card.avif,not-included-see-readme
1675,REC-CAND-1675,Blackened Pork Tenderloin Chili,blackened pork tenderloin chili,Main Meal,Lunch,India,False,False,False,Blackened Pork Tenderloin Chili recipe,assets/main.avif,assets/card.avif,not-included-see-readme
1676,REC-CAND-1676,French Cod Wraps,french cod wraps,Main Meal,Dinner,Korea,False,False,False,French Cod Wraps recipe,assets/main.avif,assets/card.avif,not-included-see-readme
1677,REC-CAND-1677,Sheet Pan Tuna and Zucchini,sheet pan tuna and zucchini,Main Meal,Dinner,India,False,False,False,Sheet Pan Tuna and Zucchini recipe,assets/main.avif,assets/card.avif,not-included-see-readme
1678,REC-CAND-1678,Ginger Cod with Kale,ginger cod with kale,Main Meal,Lunch,Jamaica,False,False,False,Ginger Cod with Kale recipe,assets/main.avif,assets/card.avif,not-included-see-readme
1679,REC-CAND-1679,Coconut Salmon with Kale,coconut salmon with kale,Main Meal,Dinner,Greece,False,False,False,Coconut Salmon with Kale recipe,assets/main.avif,assets/card.avif,not-included-see-readme
1680,REC-CAND-1680,Roasted Sausage Chili,roasted sausage chili,Main Meal,Dinner,Peru,False,False,False,Roasted Sausage Chili recipe,assets/main.avif,assets/card.avif,not-included-see-readme
1681,REC-CAND-1681,American Tempeh Noodle Bowl,american tempeh noodle bowl,Main Meal,Lunch,Japan,False,False,False,American Tempeh Noodle Bowl recipe,assets/main.avif,assets/card.avif,not-included-see-readme
1682,REC-CAND-1682,Greek Chickpea with Quinoa,greek chickpea with quinoa,Main Meal,Dinner,Thailand,False,False,False,Greek Chickpea with Quinoa recipe,assets/main.avif,assets/card.avif,not-included-see-readme
1683,REC-CAND-1683,Smoky Salmon Orzo Skillet,smoky salmon orzo skillet,Main Meal,Lunch,United States,False,False,False,Smoky Salmon Orzo Skillet recipe,assets/main.avif,assets/card.avif,not-included-see-readme
1684,REC-CAND-1684,Steak and Mushrooms Grain Bowl,steak and mushrooms grain bowl,Main Meal,Lunch,Jamaica,False,False,False,Steak and Mushrooms Grain Bowl recipe,assets/main.avif,assets/card.avif,not-included-see-readme
1685,REC-CAND-1685,Italian Tuna Quinoa Bowl,italian tuna quinoa bowl,Main Meal,Dinner,Korea,False,False,False,Italian Tuna Quinoa Bowl recipe,assets/main.avif,assets/card.avif,not-included-see-readme
1686,REC-CAND-1686,Korean Lentil Noodle Bowl,korean lentil noodle bowl,Main Meal,Lunch,Korea,False,False,False,Korean Lentil Noodle Bowl recipe,assets/main.avif,assets/card.avif,not-included-see-readme
1687,REC-CAND-1687,Roasted Chickpea Wraps,roasted chickpea wraps,Main Meal,Lunch,Italy,False,False,False,Roasted Chickpea Wraps recipe,assets/main.avif,assets/card.avif,not-included-see-readme
1688,REC-CAND-1688,Blackened Cod with Spinach,blackened cod with spinach,Main Meal,Dinner,Brazil,False,False,False,Blackened Cod with Spinach recipe,assets/main.avif,assets/card.avif,not-included-see-readme
1689,REC-CAND-1689,Honey Soy Shrimp with Bell Peppers,honey soy shrimp with bell peppers,Main Meal,Lunch,Japan,False,False,False,Honey Soy Shrimp with Bell Peppers recipe,assets/main.avif,assets/card.avif,not-included-see-readme
1690,REC-CAND-1690,Peruvian Chickpea with Potatoes,peruvian chickpea with potatoes,Main Meal,Dinner,Armenia,True,False,False,Peruvian Chickpea with Potatoes recipe,assets/main.avif,assets/card.avif,not-included-see-readme
1691,REC-CAND-1691,Korean Tuna Tray Bake,korean tuna tray bake,Main Meal,Dinner,Sri Lanka,True,False,False,Korean Tuna Tray Bake recipe,assets/main.avif,assets/card.avif,not-included-see-readme
1692,REC-CAND-1692,Blackened Shrimp Pasta,blackened shrimp pasta,Main Meal,Dinner,China,False,False,False,Blackened Shrimp Pasta recipe,assets/main.avif,assets/card.avif,not-included-see-readme
1693,REC-CAND-1693,Chipotle Chickpea Casserole,chipotle chickpea casserole,Main Meal,Dinner,Mexico,False,False,False,Chipotle Chickpea Casserole recipe,assets/main.avif,assets/card.avif,not-included-see-readme
1694,REC-CAND-1694,American Lentil with Quinoa,american lentil with quinoa,Main Meal,Lunch,Tunisia,True,False,False,American Lentil with Quinoa recipe,assets/main.avif,assets/card.avif,not-included-see-readme
1695,REC-CAND-1695,Honey Soy Tuna Quinoa Bowl,honey soy tuna quinoa bowl,Main Meal,Lunch,Jamaica,False,False,False,Honey Soy Tuna Quinoa Bowl recipe,assets/main.avif,assets/card.avif,not-included-see-readme
1696,REC-CAND-1696,Peruvian Salmon with Rice,peruvian salmon with rice,Main Meal,Dinner,India,False,False,False,Peruvian Salmon with Rice recipe,assets/main.avif,assets/card.avif,not-included-see-readme
1697,REC-CAND-1697,French Shrimp Tacos,french shrimp tacos,Main Meal,Lunch,Greece,False,False,False,French Shrimp Tacos recipe,assets/main.avif,assets/card.avif,not-included-see-readme
1698,REC-CAND-1698,Japanese Turkey Rice Bowl,japanese turkey rice bowl,Main Meal,Lunch,China,False,False,False,Japanese Turkey Rice Bowl recipe,assets/main.avif,assets/card.avif,not-included-see-readme
1699,REC-CAND-1699,Greek Chicken Wraps,greek chicken wraps,Main Meal,Lunch,Japan,False,False,False,Greek Chicken Wraps recipe,assets/main.avif,assets/card.avif,not-included-see-readme
1700,REC-CAND-1700,Roasted Pork Tenderloin Grain Bowl,roasted pork tenderloin grain bowl,Main Meal,Lunch,Korea,False,False,False,Roasted Pork Tenderloin Grain Bowl recipe,assets/main.avif,assets/card.avif,not-included-see-readme
1701,REC-CAND-1701,Chinese Egg Chili,chinese egg chili,Main Meal,Lunch,Philippines,False,False,False,Chinese Egg Chili recipe,assets/main.avif,assets/card.avif,not-included-see-readme
1702,REC-CAND-1702,Roasted Turkey Pasta,roasted turkey pasta,Main Meal,Dinner,Japan,False,False,False,Roasted Turkey Pasta recipe,assets/main.avif,assets/card.avif,not-included-see-readme
1703,REC-CAND-1703,Tomato Basil Salmon Sweet Potato Hash,tomato basil salmon sweet potato hash,Main Meal,Breakfast,Greece,False,False,False,Tomato Basil Salmon Sweet Potato Hash recipe,assets/main.avif,assets/card.avif,not-included-see-readme
1704,REC-CAND-1704,Teriyaki Lentil with Carrots,teriyaki lentil with carrots,Main Meal,Lunch,Jamaica,False,False,False,Teriyaki Lentil with Carrots recipe,assets/main.avif,assets/card.avif,not-included-see-readme
1705,REC-CAND-1705,Teriyaki Chickpea with Broccoli,teriyaki chickpea with broccoli,Main Meal,Dinner,Romania,True,False,False,Teriyaki Chickpea with Broccoli recipe,assets/main.avif,assets/card.avif,not-included-see-readme
1706,REC-CAND-1706,Ginger Sausage Chili,ginger sausage chili,Main Meal,Lunch,Peru,False,False,False,Ginger Sausage Chili recipe,assets/main.avif,assets/card.avif,not-included-see-readme
1707,REC-CAND-1707,Pork Tenderloin and Zucchini Stew,pork tenderloin and zucchini stew,Main Meal,Lunch,Peru,False,False,False,Pork Tenderloin and Zucchini Stew recipe,assets/main.avif,assets/card.avif,not-included-see-readme
1708,REC-CAND-1708,French Lean Beef Noodle Bowl,french lean beef noodle bowl,Main Meal,Lunch,Thailand,False,False,False,French Lean Beef Noodle Bowl recipe,assets/main.avif,assets/card.avif,not-included-see-readme
1709,REC-CAND-1709,Spanish Lean Beef with Vegetables,spanish lean beef with vegetables,Main Meal,Lunch,Mongolia,True,False,False,Spanish Lean Beef with Vegetables recipe,assets/main.avif,assets/card.avif,not-included-see-readme
1710,REC-CAND-1710,Spicy Pork Tenderloin Grain Bowl,spicy pork tenderloin grain bowl,Main Meal,Lunch,India,False,False,False,Spicy Pork Tenderloin Grain Bowl recipe,assets/main.avif,assets/card.avif,not-included-see-readme
1711,REC-CAND-1711,Sheet Pan Egg and Mushrooms,sheet pan egg and mushrooms,Main Meal,Lunch,Armenia,True,False,False,Sheet Pan Egg and Mushrooms recipe,assets/main.avif,assets/card.avif,not-included-see-readme
1712,REC-CAND-1712,Jamaican Sausage Noodle Bowl,jamaican sausage noodle bowl,Main Meal,Lunch,India,False,False,False,Jamaican Sausage Noodle Bowl recipe,assets/main.avif,assets/card.avif,not-included-see-readme
1713,REC-CAND-1713,Chinese Chickpea with Potatoes,chinese chickpea with potatoes,Main Meal,Lunch,Italy,False,False,False,Chinese Chickpea with Potatoes recipe,assets/main.avif,assets/card.avif,not-included-see-readme
1714,REC-CAND-1714,Herbed Chickpea Curry,herbed chickpea curry,Main Meal,Dinner,Ethiopia,True,False,False,Herbed Chickpea Curry recipe,assets/main.avif,assets/card.avif,not-included-see-readme
1715,REC-CAND-1715,Garlic Pork Tenderloin with Tomatoes,garlic pork tenderloin with tomatoes,Main Meal,Lunch,Indonesia,True,False,False,Garlic Pork Tenderloin with Tomatoes recipe,assets/main.avif,assets/card.avif,not-included-see-readme
1716,REC-CAND-1716,Cod and Spinach Wraps,cod and spinach wraps,Main Meal,Lunch,Brazil,False,False,False,Cod and Spinach Wraps recipe,assets/main.avif,assets/card.avif,not-included-see-readme
1717,REC-CAND-1717,Sausage and Carrots Pasta,sausage and carrots pasta,Main Meal,Dinner,Peru,False,False,False,Sausage and Carrots Pasta recipe,assets/main.avif,assets/card.avif,not-included-see-readme
1718,REC-CAND-1718,Sheet Pan Cod and Cabbage,sheet pan cod and cabbage,Main Meal,Dinner,Spain,False,False,False,Sheet Pan Cod and Cabbage recipe,assets/main.avif,assets/card.avif,not-included-see-readme
1719,REC-CAND-1719,Jamaican Pork Tenderloin with Vegetables,jamaican pork tenderloin with vegetables,Main Meal,Lunch,Jamaica,False,False,False,Jamaican Pork Tenderloin with Vegetables recipe,assets/main.avif,assets/card.avif,not-included-see-readme
1720,REC-CAND-1720,Sheet Pan Chicken and Mushrooms,sheet pan chicken and mushrooms,Main Meal,Dinner,India,False,False,False,Sheet Pan Chicken and Mushrooms recipe,assets/main.avif,assets/card.avif,not-included-see-readme
1721,REC-CAND-1721,French Chickpea with Rice,french chickpea with rice,Main Meal,Lunch,Brazil,False,False,False,French Chickpea with Rice recipe,assets/main.avif,assets/card.avif,not-included-see-readme
1722,REC-CAND-1722,Moroccan Shrimp Tacos,moroccan shrimp tacos,Main Meal,Dinner,Jamaica,False,False,False,Moroccan Shrimp Tacos recipe,assets/main.avif,assets/card.avif,not-included-see-readme
1723,REC-CAND-1723,Pesto Tuna with Cucumber,pesto tuna with cucumber,Main Meal,Lunch,Japan,False,False,False,Pesto Tuna with Cucumber recipe,assets/main.avif,assets/card.avif,not-included-see-readme
1724,REC-CAND-1724,Pesto Lean Beef Orzo Skillet,pesto lean beef orzo skillet,Main Meal,Dinner,Italy,False,False,False,Pesto Lean Beef Orzo Skillet recipe,assets/main.avif,assets/card.avif,not-included-see-readme
1725,REC-CAND-1725,Sesame Lean Beef Stew,sesame lean beef stew,Main Meal,Lunch,United States,False,False,False,Sesame Lean Beef Stew recipe,assets/main.avif,assets/card.avif,not-included-see-readme
1726,REC-CAND-1726,Lentil and Broccoli Tray Bake,lentil and broccoli tray bake,Main Meal,Dinner,Peru,False,False,False,Lentil and Broccoli Tray Bake recipe,assets/main.avif,assets/card.avif,not-included-see-readme
1727,REC-CAND-1727,Moroccan Salmon with Vegetables,moroccan salmon with vegetables,Main Meal,Lunch,Japan,False,False,False,Moroccan Salmon with Vegetables recipe,assets/main.avif,assets/card.avif,not-included-see-readme
1728,REC-CAND-1728,Indian Steak with Rice,indian steak with rice,Main Meal,Dinner,China,False,False,False,Indian Steak with Rice recipe,assets/main.avif,assets/card.avif,not-included-see-readme
1729,REC-CAND-1729,Caribbean Sausage with Noodles,caribbean sausage with noodles,Main Meal,Dinner,Spain,False,False,False,Caribbean Sausage with Noodles recipe,assets/main.avif,assets/card.avif,not-included-see-readme
1730,REC-CAND-1730,Tomato Basil Shrimp with Zucchini,tomato basil shrimp with zucchini,Main Meal,Lunch,Thailand,False,False,False,Tomato Basil Shrimp with Zucchini recipe,assets/main.avif,assets/card.avif,not-included-see-readme
1731,REC-CAND-1731,Italian Turkey Pasta,italian turkey pasta,Main Meal,Lunch,Italy,False,False,False,Italian Turkey Pasta recipe,assets/main.avif,assets/card.avif,not-included-see-readme
1732,REC-CAND-1732,Filipino Shrimp Baked Potatoes,filipino shrimp baked potatoes,Main Meal,Dinner,Peru,False,False,False,Filipino Shrimp Baked Potatoes recipe,assets/main.avif,assets/card.avif,not-included-see-readme
1733,REC-CAND-1733,Turkey and Cauliflower Quinoa Bowl,turkey and cauliflower quinoa bowl,Main Meal,Dinner,Brazil,False,False,False,Turkey and Cauliflower Quinoa Bowl recipe,assets/main.avif,assets/card.avif,not-included-see-readme
1734,REC-CAND-1734,Sheet Pan Chickpea and Bell Peppers,sheet pan chickpea and bell peppers,Main Meal,Dinner,Albania,True,False,False,Sheet Pan Chickpea and Bell Peppers recipe,assets/main.avif,assets/card.avif,not-included-see-readme
1735,REC-CAND-1735,Korean Pork Tenderloin Noodle Bowl,korean pork tenderloin noodle bowl,Main Meal,Dinner,Thailand,False,False,False,Korean Pork Tenderloin Noodle Bowl recipe,assets/main.avif,assets/card.avif,not-included-see-readme
1736,REC-CAND-1736,Crispy Salmon Stew,crispy salmon stew,Main Meal,Dinner,Spain,False,False,False,Crispy Salmon Stew recipe,assets/main.avif,assets/card.avif,not-included-see-readme
1737,REC-CAND-1737,Cajun Lentil Salad Bowl,cajun lentil salad bowl,Main Meal,Lunch,Greece,False,False,False,Cajun Lentil Salad Bowl recipe,assets/main.avif,assets/card.avif,not-included-see-readme
1738,REC-CAND-1738,Balsamic Egg Quinoa Bowl,balsamic egg quinoa bowl,Main Meal,Lunch,China,False,False,False,Balsamic Egg Quinoa Bowl recipe,assets/main.avif,assets/card.avif,not-included-see-readme
1739,REC-CAND-1739,Ginger Chicken with Broccoli,ginger chicken with broccoli,Main Meal,Dinner,Brazil,False,False,False,Ginger Chicken with Broccoli recipe,assets/main.avif,assets/card.avif,not-included-see-readme
1740,REC-CAND-1740,Filipino Chickpea Rice Bowl,filipino chickpea rice bowl,Main Meal,Dinner,Jamaica,False,False,False,Filipino Chickpea Rice Bowl recipe,assets/main.avif,assets/card.avif,not-included-see-readme
1741,REC-CAND-1741,Jamaican Black Bean with Vegetables,jamaican black bean with vegetables,Main Meal,Lunch,Spain,False,False,False,Jamaican Black Bean with Vegetables recipe,assets/main.avif,assets/card.avif,not-included-see-readme
1742,REC-CAND-1742,Peruvian Tuna Grain Bowl,peruvian tuna grain bowl,Main Meal,Lunch,Brazil,False,False,False,Peruvian Tuna Grain Bowl recipe,assets/main.avif,assets/card.avif,not-included-see-readme
1743,REC-CAND-1743,Pesto Tempeh with Kale,pesto tempeh with kale,Main Meal,Dinner,United States,False,False,False,Pesto Tempeh with Kale recipe,assets/main.avif,assets/card.avif,not-included-see-readme
1744,REC-CAND-1744,Moroccan Tempeh Chili,moroccan tempeh chili,Main Meal,Dinner,Italy,False,False,False,Moroccan Tempeh Chili recipe,assets/main.avif,assets/card.avif,not-included-see-readme
1745,REC-CAND-1745,French Lentil Noodle Bowl,french lentil noodle bowl,Main Meal,Lunch,Spain,False,False,False,French Lentil Noodle Bowl recipe,assets/main.avif,assets/card.avif,not-included-see-readme
1746,REC-CAND-1746,Mexican Pork Tenderloin Orzo Skillet,mexican pork tenderloin orzo skillet,Main Meal,Dinner,Jamaica,False,False,False,Mexican Pork Tenderloin Orzo Skillet recipe,assets/main.avif,assets/card.avif,not-included-see-readme
1747,REC-CAND-1747,Spanish Steak Noodle Bowl,spanish steak noodle bowl,Main Meal,Lunch,Thailand,False,False,False,Spanish Steak Noodle Bowl recipe,assets/main.avif,assets/card.avif,not-included-see-readme
1748,REC-CAND-1748,Sheet Pan Tuna and Broccoli,sheet pan tuna and broccoli,Main Meal,Dinner,Brazil,False,False,False,Sheet Pan Tuna and Broccoli recipe,assets/main.avif,assets/card.avif,not-included-see-readme
1749,REC-CAND-1749,Steak and Zucchini Sweet Potato Hash,steak and zucchini sweet potato hash,Main Meal,Breakfast,Lebanon,True,False,False,Steak and Zucchini Sweet Potato Hash recipe,assets/main.avif,assets/card.avif,not-included-see-readme
1750,REC-CAND-1750,Buffalo Sausage with Corn,buffalo sausage with corn,Main Meal,Dinner,Brazil,False,False,False,Buffalo Sausage with Corn recipe,assets/main.avif,assets/card.avif,not-included-see-readme
1751,REC-CAND-1751,Turkey Fried Rice,turkey fried rice,Main Meal,Dinner,United States,False,False,False,Turkey Fried Rice recipe,assets/main.avif,assets/card.avif,not-included-see-readme
1752,REC-CAND-1752,Cajun Black Bean Soup,cajun black bean soup,Main Meal,Lunch,Italy,False,False,False,Cajun Black Bean Soup recipe,assets/main.avif,assets/card.avif,not-included-see-readme
1753,REC-CAND-1753,Buffalo Steak Salad Bowl,buffalo steak salad bowl,Main Meal,Dinner,Armenia,True,False,False,Buffalo Steak Salad Bowl recipe,assets/main.avif,assets/card.avif,not-included-see-readme
1754,REC-CAND-1754,Steak and Kale Quinoa Bowl,steak and kale quinoa bowl,Main Meal,Dinner,Philippines,False,False,False,Steak and Kale Quinoa Bowl recipe,assets/main.avif,assets/card.avif,not-included-see-readme
1755,REC-CAND-1755,French Lean Beef with Quinoa,french lean beef with quinoa,Main Meal,Lunch,United States,False,False,False,French Lean Beef with Quinoa recipe,assets/main.avif,assets/card.avif,not-included-see-readme
1756,REC-CAND-1756,Tempeh and Cucumber Tacos,tempeh and cucumber tacos,Main Meal,Lunch,Peru,False,False,False,Tempeh and Cucumber Tacos recipe,assets/main.avif,assets/card.avif,not-included-see-readme
1757,REC-CAND-1757,Thai Salmon Flatbread,thai salmon flatbread,Main Meal,Lunch,Greece,False,False,False,Thai Salmon Flatbread recipe,assets/main.avif,assets/card.avif,not-included-see-readme
1758,REC-CAND-1758,Peruvian Tofu Grain Bowl,peruvian tofu grain bowl,Main Meal,Dinner,Jamaica,False,False,False,Peruvian Tofu Grain Bowl recipe,assets/main.avif,assets/card.avif,not-included-see-readme
1759,REC-CAND-1759,Balsamic Tofu Orzo Skillet,balsamic tofu orzo skillet,Main Meal,Dinner,Japan,False,False,False,Balsamic Tofu Orzo Skillet recipe,assets/main.avif,assets/card.avif,not-included-see-readme
1760,REC-CAND-1760,Italian Tempeh Curry,italian tempeh curry,Main Meal,Lunch,Mexico,False,False,False,Italian Tempeh Curry recipe,assets/main.avif,assets/card.avif,not-included-see-readme
1761,REC-CAND-1761,Sheet Pan Sausage and Asparagus,sheet pan sausage and asparagus,Main Meal,Lunch,China,False,False,False,Sheet Pan Sausage and Asparagus recipe,assets/main.avif,assets/card.avif,not-included-see-readme
1762,REC-CAND-1762,Ginger Salmon with Asparagus,ginger salmon with asparagus,Main Meal,Dinner,Mexico,False,False,False,Ginger Salmon with Asparagus recipe,assets/main.avif,assets/card.avif,not-included-see-readme
1763,REC-CAND-1763,Roasted Salmon Flatbread,roasted salmon flatbread,Main Meal,Lunch,Thailand,False,False,False,Roasted Salmon Flatbread recipe,assets/main.avif,assets/card.avif,not-included-see-readme
1764,REC-CAND-1764,Smoky Salmon Sweet Potato Hash,smoky salmon sweet potato hash,Main Meal,Breakfast,Spain,False,False,False,Smoky Salmon Sweet Potato Hash recipe,assets/main.avif,assets/card.avif,not-included-see-readme
1765,REC-CAND-1765,Thai Cod Wraps,thai cod wraps,Main Meal,Dinner,United States,False,False,False,Thai Cod Wraps recipe,assets/main.avif,assets/card.avif,not-included-see-readme
1766,REC-CAND-1766,Pesto Black Bean with Mushrooms,pesto black bean with mushrooms,Main Meal,Lunch,France,False,False,False,Pesto Black Bean with Mushrooms recipe,assets/main.avif,assets/card.avif,not-included-see-readme
1767,REC-CAND-1767,Moroccan Cod Casserole,moroccan cod casserole,Main Meal,Lunch,Lebanon,True,False,False,Moroccan Cod Casserole recipe,assets/main.avif,assets/card.avif,not-included-see-readme
1768,REC-CAND-1768,Honey Soy Pork Tenderloin Quinoa Bowl,honey soy pork tenderloin quinoa bowl,Main Meal,Lunch,Philippines,False,False,False,Honey Soy Pork Tenderloin Quinoa Bowl recipe,assets/main.avif,assets/card.avif,not-included-see-readme
1769,REC-CAND-1769,Sheet Pan Steak and Spinach,sheet pan steak and spinach,Main Meal,Dinner,Greece,False,False,False,Sheet Pan Steak and Spinach recipe,assets/main.avif,assets/card.avif,not-included-see-readme
1770,REC-CAND-1770,Cod and Cucumber Salad Bowl,cod and cucumber salad bowl,Main Meal,Dinner,Greece,False,False,False,Cod and Cucumber Salad Bowl recipe,assets/main.avif,assets/card.avif,not-included-see-readme
1771,REC-CAND-1771,Moroccan Tuna with Quinoa,moroccan tuna with quinoa,Main Meal,Dinner,United States,False,False,False,Moroccan Tuna with Quinoa recipe,assets/main.avif,assets/card.avif,not-included-see-readme
1772,REC-CAND-1772,Garlic Black Bean Salad Bowl,garlic black bean salad bowl,Main Meal,Dinner,Philippines,False,False,False,Garlic Black Bean Salad Bowl recipe,assets/main.avif,assets/card.avif,not-included-see-readme
1773,REC-CAND-1773,Ginger Sausage Stew,ginger sausage stew,Main Meal,Lunch,Thailand,False,False,False,Ginger Sausage Stew recipe,assets/main.avif,assets/card.avif,not-included-see-readme
1774,REC-CAND-1774,Brazilian Shrimp Noodle Bowl,brazilian shrimp noodle bowl,Main Meal,Lunch,Spain,False,False,False,Brazilian Shrimp Noodle Bowl recipe,assets/main.avif,assets/card.avif,not-included-see-readme
1775,REC-CAND-1775,Jamaican Cod Tray Bake,jamaican cod tray bake,Main Meal,Dinner,Japan,False,False,False,Jamaican Cod Tray Bake recipe,assets/main.avif,assets/card.avif,not-included-see-readme
1776,REC-CAND-1776,Mediterranean Chicken with Noodles,mediterranean chicken with noodles,Main Meal,Lunch,Jamaica,False,False,False,Mediterranean Chicken with Noodles recipe,assets/main.avif,assets/card.avif,not-included-see-readme
1777,REC-CAND-1777,Salmon and Broccoli Baked Potatoes,salmon and broccoli baked potatoes,Main Meal,Dinner,United States,False,False,False,Salmon and Broccoli Baked Potatoes recipe,assets/main.avif,assets/card.avif,not-included-see-readme
1778,REC-CAND-1778,Balsamic Black Bean Stew,balsamic black bean stew,Main Meal,Lunch,Italy,False,False,False,Balsamic Black Bean Stew recipe,assets/main.avif,assets/card.avif,not-included-see-readme
1779,REC-CAND-1779,Teriyaki Black Bean with Tomatoes,teriyaki black bean with tomatoes,Main Meal,Dinner,Spain,False,False,False,Teriyaki Black Bean with Tomatoes recipe,assets/main.avif,assets/card.avif,not-included-see-readme
1780,REC-CAND-1780,Cajun Sausage Chili,cajun sausage chili,Main Meal,Lunch,Mongolia,True,False,False,Cajun Sausage Chili recipe,assets/main.avif,assets/card.avif,not-included-see-readme
1781,REC-CAND-1781,Spicy Pork Tenderloin Chili,spicy pork tenderloin chili,Main Meal,Dinner,Greece,False,False,False,Spicy Pork Tenderloin Chili recipe,assets/main.avif,assets/card.avif,not-included-see-readme
1782,REC-CAND-1782,Lean Beef and Carrots Orzo Skillet,lean beef and carrots orzo skillet,Main Meal,Lunch,Ghana,True,False,False,Lean Beef and Carrots Orzo Skillet recipe,assets/main.avif,assets/card.avif,not-included-see-readme
1783,REC-CAND-1783,Crispy Lentil Orzo Skillet,crispy lentil orzo skillet,Main Meal,Dinner,Peru,False,False,False,Crispy Lentil Orzo Skillet recipe,assets/main.avif,assets/card.avif,not-included-see-readme
1784,REC-CAND-1784,Chinese Cod Flatbread,chinese cod flatbread,Main Meal,Lunch,Korea,False,False,False,Chinese Cod Flatbread recipe,assets/main.avif,assets/card.avif,not-included-see-readme
1785,REC-CAND-1785,Turkey and Cabbage Baked Potatoes,turkey and cabbage baked potatoes,Main Meal,Lunch,Spain,False,False,False,Turkey and Cabbage Baked Potatoes recipe,assets/main.avif,assets/card.avif,not-included-see-readme
1786,REC-CAND-1786,Spanish Tuna Stew,spanish tuna stew,Main Meal,Lunch,India,False,False,False,Spanish Tuna Stew recipe,assets/main.avif,assets/card.avif,not-included-see-readme
1787,REC-CAND-1787,Japanese Egg Grain Bowl,japanese egg grain bowl,Main Meal,Lunch,Spain,False,False,False,Japanese Egg Grain Bowl recipe,assets/main.avif,assets/card.avif,not-included-see-readme
1788,REC-CAND-1788,Ginger Tuna Tacos,ginger tuna tacos,Main Meal,Lunch,Philippines,False,False,False,Ginger Tuna Tacos recipe,assets/main.avif,assets/card.avif,not-included-see-readme
1789,REC-CAND-1789,Korean Shrimp Casserole,korean shrimp casserole,Main Meal,Lunch,Georgia,True,False,False,Korean Shrimp Casserole recipe,assets/main.avif,assets/card.avif,not-included-see-readme
1790,REC-CAND-1790,Korean Tofu Stew,korean tofu stew,Main Meal,Lunch,Brazil,False,False,False,Korean Tofu Stew recipe,assets/main.avif,assets/card.avif,not-included-see-readme
1791,REC-CAND-1791,Sesame Chickpea Rice Bowl,sesame chickpea rice bowl,Main Meal,Lunch,India,False,False,False,Sesame Chickpea Rice Bowl recipe,assets/main.avif,assets/card.avif,not-included-see-readme
1792,REC-CAND-1792,Japanese Steak Pasta,japanese steak pasta,Main Meal,Dinner,Italy,False,False,False,Japanese Steak Pasta recipe,assets/main.avif,assets/card.avif,not-included-see-readme
1793,REC-CAND-1793,Japanese Black Bean Noodle Bowl,japanese black bean noodle bowl,Main Meal,Dinner,Peru,False,False,False,Japanese Black Bean Noodle Bowl recipe,assets/main.avif,assets/card.avif,not-included-see-readme
1794,REC-CAND-1794,Salmon Stuffed Sweet Potatoes,salmon stuffed sweet potatoes,Main Meal,Dinner,Thailand,False,False,False,Salmon Stuffed Sweet Potatoes recipe,assets/main.avif,assets/card.avif,not-included-see-readme
1795,REC-CAND-1795,Egg Stuffed Sweet Potatoes,egg stuffed sweet potatoes,Main Meal,Lunch,Peru,False,False,False,Egg Stuffed Sweet Potatoes recipe,assets/main.avif,assets/card.avif,not-included-see-readme
1796,REC-CAND-1796,Brazilian Chickpea Rice Bowl,brazilian chickpea rice bowl,Main Meal,Lunch,Tunisia,True,False,False,Brazilian Chickpea Rice Bowl recipe,assets/main.avif,assets/card.avif,not-included-see-readme
1797,REC-CAND-1797,Italian Steak Tacos,italian steak tacos,Main Meal,Dinner,India,False,False,False,Italian Steak Tacos recipe,assets/main.avif,assets/card.avif,not-included-see-readme
1798,REC-CAND-1798,Jamaican Pork Tenderloin Wraps,jamaican pork tenderloin wraps,Main Meal,Lunch,Jamaica,False,False,False,Jamaican Pork Tenderloin Wraps recipe,assets/main.avif,assets/card.avif,not-included-see-readme
1799,REC-CAND-1799,Honey Soy Turkey with Spinach,honey soy turkey with spinach,Main Meal,Lunch,India,False,False,False,Honey Soy Turkey with Spinach recipe,assets/main.avif,assets/card.avif,not-included-see-readme
1800,REC-CAND-1800,American Lean Beef Wraps,american lean beef wraps,Main Meal,Lunch,Brazil,False,False,False,American Lean Beef Wraps recipe,assets/main.avif,assets/card.avif,not-included-see-readme
1801,REC-CAND-1801,Lemon Black Bean with Bell Peppers,lemon black bean with bell peppers,Main Meal,Lunch,Philippines,False,False,False,Lemon Black Bean with Bell Peppers recipe,assets/main.avif,assets/card.avif,not-included-see-readme
1802,REC-CAND-1802,Chinese Lean Beef with Noodles,chinese lean beef with noodles,Main Meal,Lunch,United States,False,False,False,Chinese Lean Beef with Noodles recipe,assets/main.avif,assets/card.avif,not-included-see-readme
1803,REC-CAND-1803,Thai Lean Beef Pasta,thai lean beef pasta,Main Meal,Dinner,Thailand,False,False,False,Thai Lean Beef Pasta recipe,assets/main.avif,assets/card.avif,not-included-see-readme
1804,REC-CAND-1804,American Tofu Stir-Fry,american tofu stir fry,Main Meal,Lunch,India,False,False,False,American Tofu Stir-Fry recipe,assets/main.avif,assets/card.avif,not-included-see-readme
1805,REC-CAND-1805,Moroccan Sausage Stir-Fry,moroccan sausage stir fry,Main Meal,Lunch,Italy,False,False,False,Moroccan Sausage Stir-Fry recipe,assets/main.avif,assets/card.avif,not-included-see-readme
1806,REC-CAND-1806,Teriyaki Turkey Skillet,teriyaki turkey skillet,Main Meal,Dinner,India,False,False,False,Teriyaki Turkey Skillet recipe,assets/main.avif,assets/card.avif,not-included-see-readme
1807,REC-CAND-1807,Italian Chicken with Potatoes,italian chicken with potatoes,Main Meal,Dinner,China,False,False,False,Italian Chicken with Potatoes recipe,assets/main.avif,assets/card.avif,not-included-see-readme
1808,REC-CAND-1808,Blackened Chickpea Quinoa Bowl,blackened chickpea quinoa bowl,Main Meal,Dinner,Spain,False,False,False,Blackened Chickpea Quinoa Bowl recipe,assets/main.avif,assets/card.avif,not-included-see-readme
1809,REC-CAND-1809,Lentil and Bell Peppers Rice Bowl,lentil and bell peppers rice bowl,Main Meal,Lunch,Mexico,False,False,False,Lentil and Bell Peppers Rice Bowl recipe,assets/main.avif,assets/card.avif,not-included-see-readme
1810,REC-CAND-1810,Chicken and Cucumber Curry,chicken and cucumber curry,Main Meal,Dinner,India,False,False,False,Chicken and Cucumber Curry recipe,assets/main.avif,assets/card.avif,not-included-see-readme
1811,REC-CAND-1811,Sesame Shrimp with Cauliflower,sesame shrimp with cauliflower,Main Meal,Lunch,India,False,False,False,Sesame Shrimp with Cauliflower recipe,assets/main.avif,assets/card.avif,not-included-see-readme
1812,REC-CAND-1812,Korean Cod Chili,korean cod chili,Main Meal,Dinner,Italy,False,False,False,Korean Cod Chili recipe,assets/main.avif,assets/card.avif,not-included-see-readme
1813,REC-CAND-1813,Jamaican Tofu with Quinoa,jamaican tofu with quinoa,Main Meal,Lunch,Japan,False,False,False,Jamaican Tofu with Quinoa recipe,assets/main.avif,assets/card.avif,not-included-see-readme
1814,REC-CAND-1814,Spicy Tofu Curry,spicy tofu curry,Main Meal,Dinner,Brazil,False,False,False,Spicy Tofu Curry recipe,assets/main.avif,assets/card.avif,not-included-see-readme
1815,REC-CAND-1815,Teriyaki Turkey with Asparagus,teriyaki turkey with asparagus,Main Meal,Dinner,Philippines,False,False,False,Teriyaki Turkey with Asparagus recipe,assets/main.avif,assets/card.avif,not-included-see-readme
1816,REC-CAND-1816,Cajun Salmon Stir-Fry,cajun salmon stir fry,Main Meal,Lunch,Spain,False,False,False,Cajun Salmon Stir-Fry recipe,assets/main.avif,assets/card.avif,not-included-see-readme
1817,REC-CAND-1817,Filipino Chickpea with Noodles,filipino chickpea with noodles,Main Meal,Lunch,India,False,False,False,Filipino Chickpea with Noodles recipe,assets/main.avif,assets/card.avif,not-included-see-readme
1818,REC-CAND-1818,Indian Steak Noodle Bowl,indian steak noodle bowl,Main Meal,Dinner,Italy,False,False,False,Indian Steak Noodle Bowl recipe,assets/main.avif,assets/card.avif,not-included-see-readme
1819,REC-CAND-1819,Teriyaki Turkey with Zucchini,teriyaki turkey with zucchini,Main Meal,Dinner,Greece,False,False,False,Teriyaki Turkey with Zucchini recipe,assets/main.avif,assets/card.avif,not-included-see-readme
1820,REC-CAND-1820,Spanish Cod Flatbread,spanish cod flatbread,Main Meal,Lunch,China,False,False,False,Spanish Cod Flatbread recipe,assets/main.avif,assets/card.avif,not-included-see-readme
1821,REC-CAND-1821,Coconut Steak with Tomatoes,coconut steak with tomatoes,Main Meal,Lunch,Greece,False,False,False,Coconut Steak with Tomatoes recipe,assets/main.avif,assets/card.avif,not-included-see-readme
1822,REC-CAND-1822,Harissa Chicken Rice Bowl,harissa chicken rice bowl,Main Meal,Lunch,Jamaica,False,False,False,Harissa Chicken Rice Bowl recipe,assets/main.avif,assets/card.avif,not-included-see-readme
1823,REC-CAND-1823,Filipino Steak Wraps,filipino steak wraps,Main Meal,Lunch,Brazil,False,False,False,Filipino Steak Wraps recipe,assets/main.avif,assets/card.avif,not-included-see-readme
1824,REC-CAND-1824,Honey Soy Chickpea Chili,honey soy chickpea chili,Main Meal,Dinner,Philippines,False,False,False,Honey Soy Chickpea Chili recipe,assets/main.avif,assets/card.avif,not-included-see-readme
1825,REC-CAND-1825,Buffalo Steak with Tomatoes,buffalo steak with tomatoes,Main Meal,Dinner,China,False,False,False,Buffalo Steak with Tomatoes recipe,assets/main.avif,assets/card.avif,not-included-see-readme
1826,REC-CAND-1826,Italian Lentil with Vegetables,italian lentil with vegetables,Main Meal,Lunch,Mexico,False,False,False,Italian Lentil with Vegetables recipe,assets/main.avif,assets/card.avif,not-included-see-readme
1827,REC-CAND-1827,Harissa Tofu with Mushrooms,harissa tofu with mushrooms,Main Meal,Dinner,Greece,False,False,False,Harissa Tofu with Mushrooms recipe,assets/main.avif,assets/card.avif,not-included-see-readme
1828,REC-CAND-1828,Sausage and Tomatoes Skillet,sausage and tomatoes skillet,Main Meal,Dinner,Afghanistan,True,False,False,Sausage and Tomatoes Skillet recipe,assets/main.avif,assets/card.avif,not-included-see-readme
1829,REC-CAND-1829,Italian Lean Beef with Potatoes,italian lean beef with potatoes,Main Meal,Dinner,India,False,False,False,Italian Lean Beef with Potatoes recipe,assets/main.avif,assets/card.avif,not-included-see-readme
1830,REC-CAND-1830,Lemon Lentil Casserole,lemon lentil casserole,Main Meal,Dinner,China,False,False,False,Lemon Lentil Casserole recipe,assets/main.avif,assets/card.avif,not-included-see-readme
1831,REC-CAND-1831,Lemon Steak Orzo Skillet,lemon steak orzo skillet,Main Meal,Lunch,United States,False,False,False,Lemon Steak Orzo Skillet recipe,assets/main.avif,assets/card.avif,not-included-see-readme
1832,REC-CAND-1832,Tuna Stuffed Peppers,tuna stuffed peppers,Main Meal,Lunch,Brazil,False,False,False,Tuna Stuffed Peppers recipe,assets/main.avif,assets/card.avif,not-included-see-readme
1833,REC-CAND-1833,Pesto Pork Tenderloin with Green Beans,pesto pork tenderloin with green beans,Main Meal,Lunch,Mexico,False,False,False,Pesto Pork Tenderloin with Green Beans recipe,assets/main.avif,assets/card.avif,not-included-see-readme
1834,REC-CAND-1834,Roasted Black Bean Casserole,roasted black bean casserole,Main Meal,Lunch,Jamaica,False,False,False,Roasted Black Bean Casserole recipe,assets/main.avif,assets/card.avif,not-included-see-readme
1835,REC-CAND-1835,Buffalo Tuna Sweet Potato Hash,buffalo tuna sweet potato hash,Main Meal,Breakfast,Mexico,False,False,False,Buffalo Tuna Sweet Potato Hash recipe,assets/main.avif,assets/card.avif,not-included-see-readme
1836,REC-CAND-1836,Mexican Tofu Rice Bowl,mexican tofu rice bowl,Main Meal,Lunch,Jamaica,False,False,False,Mexican Tofu Rice Bowl recipe,assets/main.avif,assets/card.avif,not-included-see-readme
1837,REC-CAND-1837,Moroccan Tofu Noodle Bowl,moroccan tofu noodle bowl,Main Meal,Dinner,Italy,False,False,False,Moroccan Tofu Noodle Bowl recipe,assets/main.avif,assets/card.avif,not-included-see-readme
1838,REC-CAND-1838,Spicy Lentil Salad Bowl,spicy lentil salad bowl,Main Meal,Dinner,Egypt,True,False,False,Spicy Lentil Salad Bowl recipe,assets/main.avif,assets/card.avif,not-included-see-readme
1839,REC-CAND-1839,Lean Beef and Tomatoes Stir-Fry,lean beef and tomatoes stir fry,Main Meal,Lunch,Nepal,True,False,False,Lean Beef and Tomatoes Stir-Fry recipe,assets/main.avif,assets/card.avif,not-included-see-readme
1840,REC-CAND-1840,French Lean Beef Flatbread,french lean beef flatbread,Main Meal,Dinner,France,False,False,False,French Lean Beef Flatbread recipe,assets/main.avif,assets/card.avif,not-included-see-readme
1841,REC-CAND-1841,Spanish Shrimp Noodle Bowl,spanish shrimp noodle bowl,Main Meal,Lunch,Japan,False,False,False,Spanish Shrimp Noodle Bowl recipe,assets/main.avif,assets/card.avif,not-included-see-readme
1842,REC-CAND-1842,Harissa Tofu with Bell Peppers,harissa tofu with bell peppers,Main Meal,Lunch,Mexico,False,False,False,Harissa Tofu with Bell Peppers recipe,assets/main.avif,assets/card.avif,not-included-see-readme
1843,REC-CAND-1843,Coconut Black Bean with Bell Peppers,coconut black bean with bell peppers,Main Meal,Lunch,Japan,False,False,False,Coconut Black Bean with Bell Peppers recipe,assets/main.avif,assets/card.avif,not-included-see-readme
1844,REC-CAND-1844,Harissa Shrimp with Kale,harissa shrimp with kale,Main Meal,Lunch,Ethiopia,True,False,False,Harissa Shrimp with Kale recipe,assets/main.avif,assets/card.avif,not-included-see-readme
1845,REC-CAND-1845,Black Bean and Cabbage Skillet,black bean and cabbage skillet,Main Meal,Dinner,China,False,False,False,Black Bean and Cabbage Skillet recipe,assets/main.avif,assets/card.avif,not-included-see-readme
1846,REC-CAND-1846,American Pork Tenderloin Rice Bowl,american pork tenderloin rice bowl,Main Meal,Dinner,France,False,False,False,American Pork Tenderloin Rice Bowl recipe,assets/main.avif,assets/card.avif,not-included-see-readme
1847,REC-CAND-1847,Thai Black Bean Rice Bowl,thai black bean rice bowl,Main Meal,Dinner,Jamaica,False,False,False,Thai Black Bean Rice Bowl recipe,assets/main.avif,assets/card.avif,not-included-see-readme
1848,REC-CAND-1848,American Cod Wraps,american cod wraps,Main Meal,Dinner,Greece,False,False,False,American Cod Wraps recipe,assets/main.avif,assets/card.avif,not-included-see-readme
1849,REC-CAND-1849,Cod and Cucumber Quinoa Bowl,cod and cucumber quinoa bowl,Main Meal,Lunch,Thailand,False,False,False,Cod and Cucumber Quinoa Bowl recipe,assets/main.avif,assets/card.avif,not-included-see-readme
1850,REC-CAND-1850,Jamaican Steak Soup,jamaican steak soup,Main Meal,Lunch,Mexico,False,False,False,Jamaican Steak Soup recipe,assets/main.avif,assets/card.avif,not-included-see-readme
1851,REC-CAND-1851,Turkey and Asparagus Salad Bowl,turkey and asparagus salad bowl,Main Meal,Lunch,Brazil,False,False,False,Turkey and Asparagus Salad Bowl recipe,assets/main.avif,assets/card.avif,not-included-see-readme
1852,REC-CAND-1852,Mexican Pork Tenderloin Tray Bake,mexican pork tenderloin tray bake,Main Meal,Dinner,Philippines,False,False,False,Mexican Pork Tenderloin Tray Bake recipe,assets/main.avif,assets/card.avif,not-included-see-readme
1853,REC-CAND-1853,Jamaican Chicken Flatbread,jamaican chicken flatbread,Main Meal,Lunch,Mexico,False,False,False,Jamaican Chicken Flatbread recipe,assets/main.avif,assets/card.avif,not-included-see-readme
1854,REC-CAND-1854,Tuna and Spinach Salad Bowl,tuna and spinach salad bowl,Main Meal,Dinner,Peru,False,False,False,Tuna and Spinach Salad Bowl recipe,assets/main.avif,assets/card.avif,not-included-see-readme
1855,REC-CAND-1855,Caribbean Salmon Wraps,caribbean salmon wraps,Main Meal,Lunch,Thailand,False,False,False,Caribbean Salmon Wraps recipe,assets/main.avif,assets/card.avif,not-included-see-readme
1856,REC-CAND-1856,Japanese Chicken Wraps,japanese chicken wraps,Main Meal,Lunch,Mexico,False,False,False,Japanese Chicken Wraps recipe,assets/main.avif,assets/card.avif,not-included-see-readme
1857,REC-CAND-1857,Chinese Tempeh Noodle Bowl,chinese tempeh noodle bowl,Main Meal,Dinner,Korea,False,False,False,Chinese Tempeh Noodle Bowl recipe,assets/main.avif,assets/card.avif,not-included-see-readme
1858,REC-CAND-1858,Chinese Tuna Flatbread,chinese tuna flatbread,Main Meal,Dinner,Japan,False,False,False,Chinese Tuna Flatbread recipe,assets/main.avif,assets/card.avif,not-included-see-readme
1859,REC-CAND-1859,Turkey and Broccoli Tacos,turkey and broccoli tacos,Main Meal,Dinner,Croatia,True,False,False,Turkey and Broccoli Tacos recipe,assets/main.avif,assets/card.avif,not-included-see-readme
1860,REC-CAND-1860,Filipino Turkey with Rice,filipino turkey with rice,Main Meal,Dinner,Greece,False,False,False,Filipino Turkey with Rice recipe,assets/main.avif,assets/card.avif,not-included-see-readme
1861,REC-CAND-1861,Brazilian Cod Tacos,brazilian cod tacos,Main Meal,Lunch,Peru,False,False,False,Brazilian Cod Tacos recipe,assets/main.avif,assets/card.avif,not-included-see-readme
1862,REC-CAND-1862,Japanese Sausage Sweet Potato Hash,japanese sausage sweet potato hash,Main Meal,Breakfast,United States,False,False,False,Japanese Sausage Sweet Potato Hash recipe,assets/main.avif,assets/card.avif,not-included-see-readme
1863,REC-CAND-1863,Lean Beef and Cucumber Baked Potatoes,lean beef and cucumber baked potatoes,Main Meal,Lunch,Mexico,False,False,False,Lean Beef and Cucumber Baked Potatoes recipe,assets/main.avif,assets/card.avif,not-included-see-readme
1864,REC-CAND-1864,Ginger Black Bean Salad Bowl,ginger black bean salad bowl,Main Meal,Lunch,Thailand,False,False,False,Ginger Black Bean Salad Bowl recipe,assets/main.avif,assets/card.avif,not-included-see-readme
1865,REC-CAND-1865,Indian Shrimp Wraps,indian shrimp wraps,Main Meal,Dinner,India,False,False,False,Indian Shrimp Wraps recipe,assets/main.avif,assets/card.avif,not-included-see-readme
1866,REC-CAND-1866,Tomato Basil Chicken Soup,tomato basil chicken soup,Main Meal,Dinner,Thailand,False,False,False,Tomato Basil Chicken Soup recipe,assets/main.avif,assets/card.avif,not-included-see-readme
1867,REC-CAND-1867,Pesto Steak Salad Bowl,pesto steak salad bowl,Main Meal,Dinner,China,False,False,False,Pesto Steak Salad Bowl recipe,assets/main.avif,assets/card.avif,not-included-see-readme
1868,REC-CAND-1868,Honey Soy Chickpea Sweet Potato Hash,honey soy chickpea sweet potato hash,Main Meal,Breakfast,Sri Lanka,True,False,False,Honey Soy Chickpea Sweet Potato Hash recipe,assets/main.avif,assets/card.avif,not-included-see-readme
1869,REC-CAND-1869,Chickpea and Spinach Grain Bowl,chickpea and spinach grain bowl,Main Meal,Lunch,Italy,False,False,False,Chickpea and Spinach Grain Bowl recipe,assets/main.avif,assets/card.avif,not-included-see-readme
1870,REC-CAND-1870,Peruvian Turkey with Potatoes,peruvian turkey with potatoes,Main Meal,Dinner,Nigeria,True,False,False,Peruvian Turkey with Potatoes recipe,assets/main.avif,assets/card.avif,not-included-see-readme
1871,REC-CAND-1871,Caribbean Lean Beef Noodle Bowl,caribbean lean beef noodle bowl,Main Meal,Lunch,Thailand,False,False,False,Caribbean Lean Beef Noodle Bowl recipe,assets/main.avif,assets/card.avif,not-included-see-readme
1872,REC-CAND-1872,Japanese Lean Beef Rice Bowl,japanese lean beef rice bowl,Main Meal,Dinner,Thailand,False,False,False,Japanese Lean Beef Rice Bowl recipe,assets/main.avif,assets/card.avif,not-included-see-readme
1873,REC-CAND-1873,Pesto Lean Beef Casserole,pesto lean beef casserole,Main Meal,Dinner,France,False,False,False,Pesto Lean Beef Casserole recipe,assets/main.avif,assets/card.avif,not-included-see-readme
1874,REC-CAND-1874,Pesto Pork Tenderloin Stew,pesto pork tenderloin stew,Main Meal,Lunch,Brazil,False,False,False,Pesto Pork Tenderloin Stew recipe,assets/main.avif,assets/card.avif,not-included-see-readme
1875,REC-CAND-1875,Italian Tuna Flatbread,italian tuna flatbread,Main Meal,Lunch,Spain,False,False,False,Italian Tuna Flatbread recipe,assets/main.avif,assets/card.avif,not-included-see-readme
1876,REC-CAND-1876,Caribbean Salmon with Rice,caribbean salmon with rice,Main Meal,Dinner,Spain,False,False,False,Caribbean Salmon with Rice recipe,assets/main.avif,assets/card.avif,not-included-see-readme
1877,REC-CAND-1877,Pesto Chickpea Salad Bowl,pesto chickpea salad bowl,Main Meal,Lunch,United States,False,False,False,Pesto Chickpea Salad Bowl recipe,assets/main.avif,assets/card.avif,not-included-see-readme
1878,REC-CAND-1878,Brazilian Steak with Rice,brazilian steak with rice,Main Meal,Dinner,Armenia,True,False,False,Brazilian Steak with Rice recipe,assets/main.avif,assets/card.avif,not-included-see-readme
1879,REC-CAND-1879,Roasted Chickpea with Cucumber,roasted chickpea with cucumber,Main Meal,Dinner,Tunisia,True,False,False,Roasted Chickpea with Cucumber recipe,assets/main.avif,assets/card.avif,not-included-see-readme
1880,REC-CAND-1880,American Sausage Flatbread,american sausage flatbread,Main Meal,Dinner,United States,False,False,False,American Sausage Flatbread recipe,assets/main.avif,assets/card.avif,not-included-see-readme
1881,REC-CAND-1881,Greek Steak Sweet Potato Hash,greek steak sweet potato hash,Main Meal,Breakfast,Peru,False,False,False,Greek Steak Sweet Potato Hash recipe,assets/main.avif,assets/card.avif,not-included-see-readme
1882,REC-CAND-1882,Italian Sausage Flatbread,italian sausage flatbread,Main Meal,Lunch,France,False,False,False,Italian Sausage Flatbread recipe,assets/main.avif,assets/card.avif,not-included-see-readme
1883,REC-CAND-1883,Spicy Tuna with Tomatoes,spicy tuna with tomatoes,Main Meal,Dinner,Brazil,False,False,False,Spicy Tuna with Tomatoes recipe,assets/main.avif,assets/card.avif,not-included-see-readme
1884,REC-CAND-1884,Brazilian Salmon Tacos,brazilian salmon tacos,Main Meal,Dinner,Philippines,False,False,False,Brazilian Salmon Tacos recipe,assets/main.avif,assets/card.avif,not-included-see-readme
1885,REC-CAND-1885,Jamaican Pork Tenderloin Flatbread,jamaican pork tenderloin flatbread,Main Meal,Lunch,China,False,False,False,Jamaican Pork Tenderloin Flatbread recipe,assets/main.avif,assets/card.avif,not-included-see-readme
1886,REC-CAND-1886,Smoky Tempeh Grain Bowl,smoky tempeh grain bowl,Main Meal,Dinner,Korea,False,False,False,Smoky Tempeh Grain Bowl recipe,assets/main.avif,assets/card.avif,not-included-see-readme
1887,REC-CAND-1887,Egg and Cucumber Curry,egg and cucumber curry,Main Meal,Dinner,Italy,False,False,False,Egg and Cucumber Curry recipe,assets/main.avif,assets/card.avif,not-included-see-readme
1888,REC-CAND-1888,Black Bean Fried Rice,black bean fried rice,Main Meal,Lunch,Italy,False,False,False,Black Bean Fried Rice recipe,assets/main.avif,assets/card.avif,not-included-see-readme
1889,REC-CAND-1889,Indian Shrimp Pasta,indian shrimp pasta,Main Meal,Dinner,Jamaica,False,False,False,Indian Shrimp Pasta recipe,assets/main.avif,assets/card.avif,not-included-see-readme
1890,REC-CAND-1890,Tuna and Corn Stew,tuna and corn stew,Main Meal,Lunch,Egypt,True,False,False,Tuna and Corn Stew recipe,assets/main.avif,assets/card.avif,not-included-see-readme
1891,REC-CAND-1891,Blackened Sausage with Cucumber,blackened sausage with cucumber,Main Meal,Dinner,China,False,False,False,Blackened Sausage with Cucumber recipe,assets/main.avif,assets/card.avif,not-included-see-readme
1892,REC-CAND-1892,French Salmon Tray Bake,french salmon tray bake,Main Meal,Lunch,India,False,False,False,French Salmon Tray Bake recipe,assets/main.avif,assets/card.avif,not-included-see-readme
1893,REC-CAND-1893,Thai Steak Noodle Bowl,thai steak noodle bowl,Main Meal,Lunch,Italy,False,False,False,Thai Steak Noodle Bowl recipe,assets/main.avif,assets/card.avif,not-included-see-readme
1894,REC-CAND-1894,French Pork Tenderloin Rice Bowl,french pork tenderloin rice bowl,Main Meal,Dinner,United States,False,False,False,French Pork Tenderloin Rice Bowl recipe,assets/main.avif,assets/card.avif,not-included-see-readme
1895,REC-CAND-1895,Indian Lean Beef with Quinoa,indian lean beef with quinoa,Main Meal,Lunch,Italy,False,False,False,Indian Lean Beef with Quinoa recipe,assets/main.avif,assets/card.avif,not-included-see-readme
1896,REC-CAND-1896,Egg and Cabbage Tray Bake,egg and cabbage tray bake,Main Meal,Dinner,Tunisia,True,False,False,Egg and Cabbage Tray Bake recipe,assets/main.avif,assets/card.avif,not-included-see-readme
1897,REC-CAND-1897,Lean Beef and Asparagus Salad Bowl,lean beef and asparagus salad bowl,Main Meal,Dinner,Peru,False,False,False,Lean Beef and Asparagus Salad Bowl recipe,assets/main.avif,assets/card.avif,not-included-see-readme
1898,REC-CAND-1898,Chickpea and Cucumber Quinoa Bowl,chickpea and cucumber quinoa bowl,Main Meal,Dinner,Philippines,False,False,False,Chickpea and Cucumber Quinoa Bowl recipe,assets/main.avif,assets/card.avif,not-included-see-readme
1899,REC-CAND-1899,Spicy Sausage with Carrots,spicy sausage with carrots,Main Meal,Dinner,Greece,False,False,False,Spicy Sausage with Carrots recipe,assets/main.avif,assets/card.avif,not-included-see-readme
1900,REC-CAND-1900,Salmon and Bell Peppers Rice Bowl,salmon and bell peppers rice bowl,Main Meal,Lunch,Italy,False,False,False,Salmon and Bell Peppers Rice Bowl recipe,assets/main.avif,assets/card.avif,not-included-see-readme
1901,REC-CAND-1901,Sheet Pan Salmon and Asparagus,sheet pan salmon and asparagus,Main Meal,Lunch,Indonesia,True,False,False,Sheet Pan Salmon and Asparagus recipe,assets/main.avif,assets/card.avif,not-included-see-readme
1902,REC-CAND-1902,Teriyaki Shrimp with Bell Peppers,teriyaki shrimp with bell peppers,Main Meal,Lunch,Peru,False,False,False,Teriyaki Shrimp with Bell Peppers recipe,assets/main.avif,assets/card.avif,not-included-see-readme
1903,REC-CAND-1903,Sheet Pan Lentil and Zucchini,sheet pan lentil and zucchini,Main Meal,Dinner,India,False,False,False,Sheet Pan Lentil and Zucchini recipe,assets/main.avif,assets/card.avif,not-included-see-readme
1904,REC-CAND-1904,Ginger Black Bean Casserole,ginger black bean casserole,Main Meal,Lunch,Greece,False,False,False,Ginger Black Bean Casserole recipe,assets/main.avif,assets/card.avif,not-included-see-readme
1905,REC-CAND-1905,Ginger Sausage Salad Bowl,ginger sausage salad bowl,Main Meal,Dinner,Brazil,False,False,False,Ginger Sausage Salad Bowl recipe,assets/main.avif,assets/card.avif,not-included-see-readme
1906,REC-CAND-1906,Japanese Salmon Flatbread,japanese salmon flatbread,Main Meal,Lunch,Italy,False,False,False,Japanese Salmon Flatbread recipe,assets/main.avif,assets/card.avif,not-included-see-readme
1907,REC-CAND-1907,Chinese Shrimp Rice Bowl,chinese shrimp rice bowl,Main Meal,Lunch,Philippines,False,False,False,Chinese Shrimp Rice Bowl recipe,assets/main.avif,assets/card.avif,not-included-see-readme
1908,REC-CAND-1908,Korean Sausage Noodle Bowl,korean sausage noodle bowl,Main Meal,Lunch,Greece,False,False,False,Korean Sausage Noodle Bowl recipe,assets/main.avif,assets/card.avif,not-included-see-readme
1909,REC-CAND-1909,Italian Tuna with Vegetables,italian tuna with vegetables,Main Meal,Dinner,Thailand,False,False,False,Italian Tuna with Vegetables recipe,assets/main.avif,assets/card.avif,not-included-see-readme
1910,REC-CAND-1910,Indian Lentil Rice Bowl,indian lentil rice bowl,Main Meal,Lunch,Ghana,True,False,False,Indian Lentil Rice Bowl recipe,assets/main.avif,assets/card.avif,not-included-see-readme
1911,REC-CAND-1911,Lemon Tuna with Mushrooms,lemon tuna with mushrooms,Main Meal,Dinner,Peru,False,False,False,Lemon Tuna with Mushrooms recipe,assets/main.avif,assets/card.avif,not-included-see-readme
1912,REC-CAND-1912,Sheet Pan Tempeh and Spinach,sheet pan tempeh and spinach,Main Meal,Lunch,Brazil,False,False,False,Sheet Pan Tempeh and Spinach recipe,assets/main.avif,assets/card.avif,not-included-see-readme
1913,REC-CAND-1913,Blackened Lentil with Mushrooms,blackened lentil with mushrooms,Main Meal,Dinner,Thailand,False,False,False,Blackened Lentil with Mushrooms recipe,assets/main.avif,assets/card.avif,not-included-see-readme
1914,REC-CAND-1914,Pesto Turkey with Spinach,pesto turkey with spinach,Main Meal,Lunch,Italy,False,False,False,Pesto Turkey with Spinach recipe,assets/main.avif,assets/card.avif,not-included-see-readme
1915,REC-CAND-1915,Korean Black Bean Salad Bowl,korean black bean salad bowl,Main Meal,Lunch,France,False,False,False,Korean Black Bean Salad Bowl recipe,assets/main.avif,assets/card.avif,not-included-see-readme
1916,REC-CAND-1916,Steak and Spinach Soup,steak and spinach soup,Main Meal,Lunch,Peru,False,False,False,Steak and Spinach Soup recipe,assets/main.avif,assets/card.avif,not-included-see-readme
1917,REC-CAND-1917,Steak and Carrots Casserole,steak and carrots casserole,Main Meal,Dinner,Philippines,False,False,False,Steak and Carrots Casserole recipe,assets/main.avif,assets/card.avif,not-included-see-readme
1918,REC-CAND-1918,Harissa Egg with Tomatoes,harissa egg with tomatoes,Main Meal,Dinner,Georgia,True,False,False,Harissa Egg with Tomatoes recipe,assets/main.avif,assets/card.avif,not-included-see-readme
1919,REC-CAND-1919,Blackened Tuna with Green Beans,blackened tuna with green beans,Main Meal,Lunch,India,False,False,False,Blackened Tuna with Green Beans recipe,assets/main.avif,assets/card.avif,not-included-see-readme
1920,REC-CAND-1920,Egg and Spinach Stir-Fry,egg and spinach stir fry,Main Meal,Dinner,Jamaica,False,False,False,Egg and Spinach Stir-Fry recipe,assets/main.avif,assets/card.avif,not-included-see-readme
1921,REC-CAND-1921,Chipotle Lentil Soup,chipotle lentil soup,Main Meal,Lunch,Jamaica,False,False,False,Chipotle Lentil Soup recipe,assets/main.avif,assets/card.avif,not-included-see-readme
1922,REC-CAND-1922,Blackened Lentil Noodle Bowl,blackened lentil noodle bowl,Main Meal,Lunch,Jamaica,False,False,False,Blackened Lentil Noodle Bowl recipe,assets/main.avif,assets/card.avif,not-included-see-readme
1923,REC-CAND-1923,Honey Soy Egg with Mushrooms,honey soy egg with mushrooms,Main Meal,Dinner,China,False,False,False,Honey Soy Egg with Mushrooms recipe,assets/main.avif,assets/card.avif,not-included-see-readme
1924,REC-CAND-1924,Caribbean Tempeh with Potatoes,caribbean tempeh with potatoes,Main Meal,Lunch,Greece,False,False,False,Caribbean Tempeh with Potatoes recipe,assets/main.avif,assets/card.avif,not-included-see-readme
1925,REC-CAND-1925,Ginger Lean Beef Soup,ginger lean beef soup,Main Meal,Lunch,China,False,False,False,Ginger Lean Beef Soup recipe,assets/main.avif,assets/card.avif,not-included-see-readme
1926,REC-CAND-1926,Korean Shrimp with Vegetables,korean shrimp with vegetables,Main Meal,Lunch,Spain,False,False,False,Korean Shrimp with Vegetables recipe,assets/main.avif,assets/card.avif,not-included-see-readme
1927,REC-CAND-1927,Cajun Tempeh Curry,cajun tempeh curry,Main Meal,Dinner,Afghanistan,True,False,False,Cajun Tempeh Curry recipe,assets/main.avif,assets/card.avif,not-included-see-readme
1928,REC-CAND-1928,Caribbean Lentil with Quinoa,caribbean lentil with quinoa,Main Meal,Lunch,Senegal,True,False,False,Caribbean Lentil with Quinoa recipe,assets/main.avif,assets/card.avif,not-included-see-readme
1929,REC-CAND-1929,Mediterranean Cod with Quinoa,mediterranean cod with quinoa,Main Meal,Lunch,China,False,False,False,Mediterranean Cod with Quinoa recipe,assets/main.avif,assets/card.avif,not-included-see-readme
1930,REC-CAND-1930,Italian Turkey Grain Bowl,italian turkey grain bowl,Main Meal,Lunch,Nigeria,True,False,False,Italian Turkey Grain Bowl recipe,assets/main.avif,assets/card.avif,not-included-see-readme
1931,REC-CAND-1931,Lemon Tuna with Cabbage,lemon tuna with cabbage,Main Meal,Dinner,Mexico,False,False,False,Lemon Tuna with Cabbage recipe,assets/main.avif,assets/card.avif,not-included-see-readme
1932,REC-CAND-1932,Mexican Pork Tenderloin Flatbread,mexican pork tenderloin flatbread,Main Meal,Lunch,Korea,False,False,False,Mexican Pork Tenderloin Flatbread recipe,assets/main.avif,assets/card.avif,not-included-see-readme
1933,REC-CAND-1933,Indian Turkey Salad Bowl,indian turkey salad bowl,Main Meal,Dinner,United States,False,False,False,Indian Turkey Salad Bowl recipe,assets/main.avif,assets/card.avif,not-included-see-readme
1934,REC-CAND-1934,Sesame Chicken Wraps,sesame chicken wraps,Main Meal,Lunch,Korea,False,False,False,Sesame Chicken Wraps recipe,assets/main.avif,assets/card.avif,not-included-see-readme
1935,REC-CAND-1935,Smoky Lean Beef with Cabbage,smoky lean beef with cabbage,Main Meal,Lunch,Brazil,False,False,False,Smoky Lean Beef with Cabbage recipe,assets/main.avif,assets/card.avif,not-included-see-readme
1936,REC-CAND-1936,Mexican Tofu Skillet,mexican tofu skillet,Main Meal,Lunch,Jamaica,False,False,False,Mexican Tofu Skillet recipe,assets/main.avif,assets/card.avif,not-included-see-readme
1937,REC-CAND-1937,Lemon Egg Soup,lemon egg soup,Main Meal,Dinner,Peru,False,False,False,Lemon Egg Soup recipe,assets/main.avif,assets/card.avif,not-included-see-readme
1938,REC-CAND-1938,Indian Chicken Tacos,indian chicken tacos,Main Meal,Dinner,Brazil,False,False,False,Indian Chicken Tacos recipe,assets/main.avif,assets/card.avif,not-included-see-readme
1939,REC-CAND-1939,Indian Chicken Skillet,indian chicken skillet,Main Meal,Lunch,Albania,True,False,False,Indian Chicken Skillet recipe,assets/main.avif,assets/card.avif,not-included-see-readme
1940,REC-CAND-1940,Buffalo Sausage with Carrots,buffalo sausage with carrots,Main Meal,Lunch,Spain,False,False,False,Buffalo Sausage with Carrots recipe,assets/main.avif,assets/card.avif,not-included-see-readme
1941,REC-CAND-1941,Chinese Egg Flatbread,chinese egg flatbread,Main Meal,Dinner,Brazil,False,False,False,Chinese Egg Flatbread recipe,assets/main.avif,assets/card.avif,not-included-see-readme
1942,REC-CAND-1942,Filipino Tofu Orzo Skillet,filipino tofu orzo skillet,Main Meal,Lunch,Italy,False,False,False,Filipino Tofu Orzo Skillet recipe,assets/main.avif,assets/card.avif,not-included-see-readme
1943,REC-CAND-1943,Honey Soy Salmon with Bell Peppers,honey soy salmon with bell peppers,Main Meal,Dinner,Philippines,False,False,False,Honey Soy Salmon with Bell Peppers recipe,assets/main.avif,assets/card.avif,not-included-see-readme
1944,REC-CAND-1944,Ginger Salmon with Broccoli,ginger salmon with broccoli,Main Meal,Lunch,Thailand,False,False,False,Ginger Salmon with Broccoli recipe,assets/main.avif,assets/card.avif,not-included-see-readme
1945,REC-CAND-1945,American Salmon Tacos,american salmon tacos,Main Meal,Dinner,Greece,False,False,False,American Salmon Tacos recipe,assets/main.avif,assets/card.avif,not-included-see-readme
1946,REC-CAND-1946,Buffalo Egg Soup,buffalo egg soup,Main Meal,Dinner,Philippines,False,False,False,Buffalo Egg Soup recipe,assets/main.avif,assets/card.avif,not-included-see-readme
1947,REC-CAND-1947,Peruvian Chicken with Noodles,peruvian chicken with noodles,Main Meal,Lunch,India,False,False,False,Peruvian Chicken with Noodles recipe,assets/main.avif,assets/card.avif,not-included-see-readme
1948,REC-CAND-1948,Caribbean Steak Wraps,caribbean steak wraps,Main Meal,Dinner,France,False,False,False,Caribbean Steak Wraps recipe,assets/main.avif,assets/card.avif,not-included-see-readme
1949,REC-CAND-1949,Lentil and Cabbage Salad Bowl,lentil and cabbage salad bowl,Main Meal,Lunch,United States,False,False,False,Lentil and Cabbage Salad Bowl recipe,assets/main.avif,assets/card.avif,not-included-see-readme
1950,REC-CAND-1950,Ginger Turkey Soup,ginger turkey soup,Main Meal,Lunch,Brazil,False,False,False,Ginger Turkey Soup recipe,assets/main.avif,assets/card.avif,not-included-see-readme
1951,REC-CAND-1951,Sheet Pan Turkey and Tomatoes,sheet pan turkey and tomatoes,Main Meal,Lunch,Greece,False,False,False,Sheet Pan Turkey and Tomatoes recipe,assets/main.avif,assets/card.avif,not-included-see-readme
1952,REC-CAND-1952,Sheet Pan Lean Beef and Spinach,sheet pan lean beef and spinach,Main Meal,Lunch,Georgia,True,False,False,Sheet Pan Lean Beef and Spinach recipe,assets/main.avif,assets/card.avif,not-included-see-readme
1953,REC-CAND-1953,Cajun Chickpea Salad Bowl,cajun chickpea salad bowl,Main Meal,Dinner,Jamaica,False,False,False,Cajun Chickpea Salad Bowl recipe,assets/main.avif,assets/card.avif,not-included-see-readme
1954,REC-CAND-1954,Filipino Shrimp with Quinoa,filipino shrimp with quinoa,Main Meal,Dinner,India,False,False,False,Filipino Shrimp with Quinoa recipe,assets/main.avif,assets/card.avif,not-included-see-readme
1955,REC-CAND-1955,Mexican Lean Beef Flatbread,mexican lean beef flatbread,Main Meal,Dinner,Mexico,False,False,False,Mexican Lean Beef Flatbread recipe,assets/main.avif,assets/card.avif,not-included-see-readme
1956,REC-CAND-1956,Pork Tenderloin and Carrots Curry,pork tenderloin and carrots curry,Main Meal,Dinner,Jamaica,False,False,False,Pork Tenderloin and Carrots Curry recipe,assets/main.avif,assets/card.avif,not-included-see-readme
1957,REC-CAND-1957,Mexican Lean Beef Stew,mexican lean beef stew,Main Meal,Dinner,Mexico,False,False,False,Mexican Lean Beef Stew recipe,assets/main.avif,assets/card.avif,not-included-see-readme
1958,REC-CAND-1958,Indian Tempeh with Noodles,indian tempeh with noodles,Main Meal,Lunch,India,False,False,False,Indian Tempeh with Noodles recipe,assets/main.avif,assets/card.avif,not-included-see-readme
1959,REC-CAND-1959,Japanese Tempeh with Noodles,japanese tempeh with noodles,Main Meal,Lunch,Thailand,False,False,False,Japanese Tempeh with Noodles recipe,assets/main.avif,assets/card.avif,not-included-see-readme
1960,REC-CAND-1960,Greek Sausage Wraps,greek sausage wraps,Main Meal,Dinner,Philippines,False,False,False,Greek Sausage Wraps recipe,assets/main.avif,assets/card.avif,not-included-see-readme
1961,REC-CAND-1961,Buffalo Turkey Grain Bowl,buffalo turkey grain bowl,Main Meal,Dinner,Brazil,False,False,False,Buffalo Turkey Grain Bowl recipe,assets/main.avif,assets/card.avif,not-included-see-readme
1962,REC-CAND-1962,Steak and Tomatoes Chili,steak and tomatoes chili,Main Meal,Dinner,Peru,False,False,False,Steak and Tomatoes Chili recipe,assets/main.avif,assets/card.avif,not-included-see-readme
1963,REC-CAND-1963,Filipino Cod Noodle Bowl,filipino cod noodle bowl,Main Meal,Lunch,Jamaica,False,False,False,Filipino Cod Noodle Bowl recipe,assets/main.avif,assets/card.avif,not-included-see-readme
1964,REC-CAND-1964,Peruvian Chickpea with Vegetables,peruvian chickpea with vegetables,Main Meal,Dinner,Uzbekistan,True,False,False,Peruvian Chickpea with Vegetables recipe,assets/main.avif,assets/card.avif,not-included-see-readme
1965,REC-CAND-1965,Herbed Tempeh Skillet,herbed tempeh skillet,Main Meal,Lunch,Mexico,False,False,False,Herbed Tempeh Skillet recipe,assets/main.avif,assets/card.avif,not-included-see-readme
1966,REC-CAND-1966,Buffalo Pork Tenderloin Chili,buffalo pork tenderloin chili,Main Meal,Dinner,Greece,False,False,False,Buffalo Pork Tenderloin Chili recipe,assets/main.avif,assets/card.avif,not-included-see-readme
1967,REC-CAND-1967,Greek Lentil Orzo Skillet,greek lentil orzo skillet,Main Meal,Lunch,China,False,False,False,Greek Lentil Orzo Skillet recipe,assets/main.avif,assets/card.avif,not-included-see-readme
1968,REC-CAND-1968,Honey Soy Chickpea with Green Beans,honey soy chickpea with green beans,Main Meal,Lunch,Mongolia,True,False,False,Honey Soy Chickpea with Green Beans recipe,assets/main.avif,assets/card.avif,not-included-see-readme
1969,REC-CAND-1969,Spicy Cod Skillet,spicy cod skillet,Main Meal,Dinner,China,False,False,False,Spicy Cod Skillet recipe,assets/main.avif,assets/card.avif,not-included-see-readme
1970,REC-CAND-1970,Turkey and Asparagus Rice Bowl,turkey and asparagus rice bowl,Main Meal,Dinner,Japan,False,False,False,Turkey and Asparagus Rice Bowl recipe,assets/main.avif,assets/card.avif,not-included-see-readme
1971,REC-CAND-1971,Brazilian Turkey with Vegetables,brazilian turkey with vegetables,Main Meal,Dinner,France,False,False,False,Brazilian Turkey with Vegetables recipe,assets/main.avif,assets/card.avif,not-included-see-readme
1972,REC-CAND-1972,Coconut Tempeh Chili,coconut tempeh chili,Main Meal,Dinner,Jamaica,False,False,False,Coconut Tempeh Chili recipe,assets/main.avif,assets/card.avif,not-included-see-readme
1973,REC-CAND-1973,Tuna and Cauliflower Sweet Potato Hash,tuna and cauliflower sweet potato hash,Main Meal,Breakfast,Greece,False,False,False,Tuna and Cauliflower Sweet Potato Hash recipe,assets/main.avif,assets/card.avif,not-included-see-readme
1974,REC-CAND-1974,Cod and Asparagus Soup,cod and asparagus soup,Main Meal,Lunch,Brazil,False,False,False,Cod and Asparagus Soup recipe,assets/main.avif,assets/card.avif,not-included-see-readme
1975,REC-CAND-1975,Steak and Mushrooms Tacos,steak and mushrooms tacos,Main Meal,Dinner,Jamaica,False,False,False,Steak and Mushrooms Tacos recipe,assets/main.avif,assets/card.avif,not-included-see-readme
1976,REC-CAND-1976,Sausage and Cauliflower Baked Potatoes,sausage and cauliflower baked potatoes,Main Meal,Dinner,Jamaica,False,False,False,Sausage and Cauliflower Baked Potatoes recipe,assets/main.avif,assets/card.avif,not-included-see-readme
1977,REC-CAND-1977,Mexican Lean Beef Soup,mexican lean beef soup,Main Meal,Dinner,Italy,False,False,False,Mexican Lean Beef Soup recipe,assets/main.avif,assets/card.avif,not-included-see-readme
1978,REC-CAND-1978,Jamaican Lean Beef with Vegetables,jamaican lean beef with vegetables,Main Meal,Dinner,Jamaica,False,False,False,Jamaican Lean Beef with Vegetables recipe,assets/main.avif,assets/card.avif,not-included-see-readme
1979,REC-CAND-1979,Lemon Chicken Salad Bowl,lemon chicken salad bowl,Main Meal,Dinner,India,False,False,False,Lemon Chicken Salad Bowl recipe,assets/main.avif,assets/card.avif,not-included-see-readme
1980,REC-CAND-1980,Korean Sausage Grain Bowl,korean sausage grain bowl,Main Meal,Dinner,Italy,False,False,False,Korean Sausage Grain Bowl recipe,assets/main.avif,assets/card.avif,not-included-see-readme
1981,REC-CAND-1981,Korean Black Bean Pasta,korean black bean pasta,Main Meal,Lunch,Peru,False,False,False,Korean Black Bean Pasta recipe,assets/main.avif,assets/card.avif,not-included-see-readme
1982,REC-CAND-1982,Lemon Tuna Chili,lemon tuna chili,Main Meal,Dinner,Greece,False,False,False,Lemon Tuna Chili recipe,assets/main.avif,assets/card.avif,not-included-see-readme
1983,REC-CAND-1983,Jamaican Lentil with Potatoes,jamaican lentil with potatoes,Main Meal,Lunch,Mexico,False,False,False,Jamaican Lentil with Potatoes recipe,assets/main.avif,assets/card.avif,not-included-see-readme
1984,REC-CAND-1984,Caribbean Tempeh with Rice,caribbean tempeh with rice,Main Meal,Dinner,United States,False,False,False,Caribbean Tempeh with Rice recipe,assets/main.avif,assets/card.avif,not-included-see-readme
1985,REC-CAND-1985,Ginger Tofu Chili,ginger tofu chili,Main Meal,Lunch,Philippines,False,False,False,Ginger Tofu Chili recipe,assets/main.avif,assets/card.avif,not-included-see-readme
1986,REC-CAND-1986,Lean Beef and Zucchini Orzo Skillet,lean beef and zucchini orzo skillet,Main Meal,Dinner,Senegal,True,False,False,Lean Beef and Zucchini Orzo Skillet recipe,assets/main.avif,assets/card.avif,not-included-see-readme
1987,REC-CAND-1987,Teriyaki Sausage Casserole,teriyaki sausage casserole,Main Meal,Lunch,Georgia,True,False,False,Teriyaki Sausage Casserole recipe,assets/main.avif,assets/card.avif,not-included-see-readme
1988,REC-CAND-1988,Honey Soy Tofu Tacos,honey soy tofu tacos,Main Meal,Dinner,Greece,False,False,False,Honey Soy Tofu Tacos recipe,assets/main.avif,assets/card.avif,not-included-see-readme
1989,REC-CAND-1989,Roasted Lean Beef Baked Potatoes,roasted lean beef baked potatoes,Main Meal,Lunch,Spain,False,False,False,Roasted Lean Beef Baked Potatoes recipe,assets/main.avif,assets/card.avif,not-included-see-readme
1990,REC-CAND-1990,Indian Turkey Noodle Bowl,indian turkey noodle bowl,Main Meal,Lunch,Brazil,False,False,False,Indian Turkey Noodle Bowl recipe,assets/main.avif,assets/card.avif,not-included-see-readme
1991,REC-CAND-1991,Ginger Shrimp Skillet,ginger shrimp skillet,Main Meal,Lunch,United States,False,False,False,Ginger Shrimp Skillet recipe,assets/main.avif,assets/card.avif,not-included-see-readme
1992,REC-CAND-1992,Chinese Lean Beef Flatbread,chinese lean beef flatbread,Main Meal,Lunch,India,False,False,False,Chinese Lean Beef Flatbread recipe,assets/main.avif,assets/card.avif,not-included-see-readme
1993,REC-CAND-1993,American Lentil with Noodles,american lentil with noodles,Main Meal,Dinner,Japan,False,False,False,American Lentil with Noodles recipe,assets/main.avif,assets/card.avif,not-included-see-readme
1994,REC-CAND-1994,Thai Turkey Flatbread,thai turkey flatbread,Main Meal,Lunch,Philippines,False,False,False,Thai Turkey Flatbread recipe,assets/main.avif,assets/card.avif,not-included-see-readme
1995,REC-CAND-1995,Sesame Tuna Salad Bowl,sesame tuna salad bowl,Main Meal,Dinner,Spain,False,False,False,Sesame Tuna Salad Bowl recipe,assets/main.avif,assets/card.avif,not-included-see-readme
1996,REC-CAND-1996,Peruvian Steak Noodle Bowl,peruvian steak noodle bowl,Main Meal,Dinner,Romania,True,False,False,Peruvian Steak Noodle Bowl recipe,assets/main.avif,assets/card.avif,not-included-see-readme
1997,REC-CAND-1997,Steak and Kale Curry,steak and kale curry,Main Meal,Dinner,Georgia,True,False,False,Steak and Kale Curry recipe,assets/main.avif,assets/card.avif,not-included-see-readme
1998,REC-CAND-1998,Sausage and Cucumber Rice Bowl,sausage and cucumber rice bowl,Main Meal,Lunch,Afghanistan,True,False,False,Sausage and Cucumber Rice Bowl recipe,assets/main.avif,assets/card.avif,not-included-see-readme
1999,REC-CAND-1999,Turkey and Zucchini Flatbread,turkey and zucchini flatbread,Main Meal,Lunch,Italy,False,False,False,Turkey and Zucchini Flatbread recipe,assets/main.avif,assets/card.avif,not-included-see-readme
2000,REC-CAND-2000,Steak and Zucchini Rice Bowl,steak and zucchini rice bowl,Main Meal,Lunch,Peru,False,False,False,Steak and Zucchini Rice Bowl recipe,assets/main.avif,assets/card.avif,not-included-see-readme
2001,REC-CAND-2001,Lemon Chicken Casserole,lemon chicken casserole,Main Meal,Lunch,Mexico,False,False,False,Lemon Chicken Casserole recipe,assets/main.avif,assets/card.avif,not-included-see-readme
2002,REC-CAND-2002,Lemon Shrimp with Green Beans,lemon shrimp with green beans,Main Meal,Lunch,Spain,False,False,False,Lemon Shrimp with Green Beans recipe,assets/main.avif,assets/card.avif,not-included-see-readme
2003,REC-CAND-2003,American Turkey Wraps,american turkey wraps,Main Meal,Dinner,Greece,False,False,False,American Turkey Wraps recipe,assets/main.avif,assets/card.avif,not-included-see-readme
2004,REC-CAND-2004,Spanish Black Bean Flatbread,spanish black bean flatbread,Main Meal,Lunch,United States,False,False,False,Spanish Black Bean Flatbread recipe,assets/main.avif,assets/card.avif,not-included-see-readme
2005,REC-CAND-2005,Crispy Chicken Salad Bowl,crispy chicken salad bowl,Main Meal,Dinner,Korea,False,False,False,Crispy Chicken Salad Bowl recipe,assets/main.avif,assets/card.avif,not-included-see-readme
2006,REC-CAND-2006,Brazilian Black Bean with Rice,brazilian black bean with rice,Main Meal,Lunch,Mexico,False,False,False,Brazilian Black Bean with Rice recipe,assets/main.avif,assets/card.avif,not-included-see-readme
2007,REC-CAND-2007,Greek Lentil Stir-Fry,greek lentil stir fry,Main Meal,Lunch,Philippines,False,False,False,Greek Lentil Stir-Fry recipe,assets/main.avif,assets/card.avif,not-included-see-readme
2008,REC-CAND-2008,Peruvian Chicken Salad Bowl,peruvian chicken salad bowl,Main Meal,Dinner,China,False,False,False,Peruvian Chicken Salad Bowl recipe,assets/main.avif,assets/card.avif,not-included-see-readme
2009,REC-CAND-2009,Buffalo Sausage Quinoa Bowl,buffalo sausage quinoa bowl,Main Meal,Lunch,Korea,False,False,False,Buffalo Sausage Quinoa Bowl recipe,assets/main.avif,assets/card.avif,not-included-see-readme
2010,REC-CAND-2010,Thai Black Bean Wraps,thai black bean wraps,Main Meal,Dinner,China,False,False,False,Thai Black Bean Wraps recipe,assets/main.avif,assets/card.avif,not-included-see-readme
2011,REC-CAND-2011,Roasted Chickpea Casserole,roasted chickpea casserole,Main Meal,Lunch,India,False,False,False,Roasted Chickpea Casserole recipe,assets/main.avif,assets/card.avif,not-included-see-readme
2012,REC-CAND-2012,Caribbean Black Bean Tacos,caribbean black bean tacos,Main Meal,Dinner,France,False,False,False,Caribbean Black Bean Tacos recipe,assets/main.avif,assets/card.avif,not-included-see-readme
2013,REC-CAND-2013,Pesto Chicken Casserole,pesto chicken casserole,Main Meal,Lunch,Mexico,False,False,False,Pesto Chicken Casserole recipe,assets/main.avif,assets/card.avif,not-included-see-readme
2014,REC-CAND-2014,Jamaican Lentil Wraps,jamaican lentil wraps,Main Meal,Lunch,Senegal,True,False,False,Jamaican Lentil Wraps recipe,assets/main.avif,assets/card.avif,not-included-see-readme
2015,REC-CAND-2015,Caribbean Lean Beef Flatbread,caribbean lean beef flatbread,Main Meal,Dinner,Mexico,False,False,False,Caribbean Lean Beef Flatbread recipe,assets/main.avif,assets/card.avif,not-included-see-readme
2016,REC-CAND-2016,Egg and Kale Stir-Fry,egg and kale stir fry,Main Meal,Dinner,Thailand,False,False,False,Egg and Kale Stir-Fry recipe,assets/main.avif,assets/card.avif,not-included-see-readme
2017,REC-CAND-2017,Mediterranean Salmon Wraps,mediterranean salmon wraps,Main Meal,Lunch,Japan,False,False,False,Mediterranean Salmon Wraps recipe,assets/main.avif,assets/card.avif,not-included-see-readme
2018,REC-CAND-2018,Chickpea and Mushrooms Noodle Bowl,chickpea and mushrooms noodle bowl,Main Meal,Lunch,Italy,False,False,False,Chickpea and Mushrooms Noodle Bowl recipe,assets/main.avif,assets/card.avif,not-included-see-readme
2019,REC-CAND-2019,Jamaican Sausage Skillet,jamaican sausage skillet,Main Meal,Lunch,Thailand,False,False,False,Jamaican Sausage Skillet recipe,assets/main.avif,assets/card.avif,not-included-see-readme
2020,REC-CAND-2020,Korean Lentil Flatbread,korean lentil flatbread,Main Meal,Dinner,Spain,False,False,False,Korean Lentil Flatbread recipe,assets/main.avif,assets/card.avif,not-included-see-readme
2021,REC-CAND-2021,Spanish Sausage Wraps,spanish sausage wraps,Main Meal,Lunch,United States,False,False,False,Spanish Sausage Wraps recipe,assets/main.avif,assets/card.avif,not-included-see-readme
2022,REC-CAND-2022,Turkey and Zucchini Salad Bowl,turkey and zucchini salad bowl,Main Meal,Dinner,Japan,False,False,False,Turkey and Zucchini Salad Bowl recipe,assets/main.avif,assets/card.avif,not-included-see-readme
2023,REC-CAND-2023,Spanish Salmon with Rice,spanish salmon with rice,Main Meal,Lunch,United States,False,False,False,Spanish Salmon with Rice recipe,assets/main.avif,assets/card.avif,not-included-see-readme
2024,REC-CAND-2024,Sesame Salmon Stew,sesame salmon stew,Main Meal,Lunch,Ghana,True,False,False,Sesame Salmon Stew recipe,assets/main.avif,assets/card.avif,not-included-see-readme
2025,REC-CAND-2025,Sesame Lean Beef Quinoa Bowl,sesame lean beef quinoa bowl,Main Meal,Lunch,Mexico,False,False,False,Sesame Lean Beef Quinoa Bowl recipe,assets/main.avif,assets/card.avif,not-included-see-readme
2026,REC-CAND-2026,Blackened Lentil Soup,blackened lentil soup,Main Meal,Lunch,Brazil,False,False,False,Blackened Lentil Soup recipe,assets/main.avif,assets/card.avif,not-included-see-readme
2027,REC-CAND-2027,Cajun Salmon Stew,cajun salmon stew,Main Meal,Dinner,Philippines,False,False,False,Cajun Salmon Stew recipe,assets/main.avif,assets/card.avif,not-included-see-readme
2028,REC-CAND-2028,Honey Soy Egg Quinoa Bowl,honey soy egg quinoa bowl,Main Meal,Dinner,United States,False,False,False,Honey Soy Egg Quinoa Bowl recipe,assets/main.avif,assets/card.avif,not-included-see-readme
2029,REC-CAND-2029,Herbed Black Bean Flatbread,herbed black bean flatbread,Main Meal,Dinner,Indonesia,True,False,False,Herbed Black Bean Flatbread recipe,assets/main.avif,assets/card.avif,not-included-see-readme
2030,REC-CAND-2030,Greek Tofu Grain Bowl,greek tofu grain bowl,Main Meal,Dinner,United States,False,False,False,Greek Tofu Grain Bowl recipe,assets/main.avif,assets/card.avif,not-included-see-readme
2031,REC-CAND-2031,Caribbean Turkey Noodle Bowl,caribbean turkey noodle bowl,Main Meal,Lunch,China,False,False,False,Caribbean Turkey Noodle Bowl recipe,assets/main.avif,assets/card.avif,not-included-see-readme
2032,REC-CAND-2032,Sheet Pan Lean Beef and Zucchini,sheet pan lean beef and zucchini,Main Meal,Dinner,Thailand,False,False,False,Sheet Pan Lean Beef and Zucchini recipe,assets/main.avif,assets/card.avif,not-included-see-readme
2033,REC-CAND-2033,Korean Shrimp Tacos,korean shrimp tacos,Main Meal,Dinner,China,False,False,False,Korean Shrimp Tacos recipe,assets/main.avif,assets/card.avif,not-included-see-readme
2034,REC-CAND-2034,Balsamic Black Bean with Carrots,balsamic black bean with carrots,Main Meal,Lunch,France,False,False,False,Balsamic Black Bean with Carrots recipe,assets/main.avif,assets/card.avif,not-included-see-readme
2035,REC-CAND-2035,Jamaican Tofu Flatbread,jamaican tofu flatbread,Main Meal,Dinner,Italy,False,False,False,Jamaican Tofu Flatbread recipe,assets/main.avif,assets/card.avif,not-included-see-readme
2036,REC-CAND-2036,Brazilian Chickpea Tacos,brazilian chickpea tacos,Main Meal,Dinner,Korea,False,False,False,Brazilian Chickpea Tacos recipe,assets/main.avif,assets/card.avif,not-included-see-readme
2037,REC-CAND-2037,Lemon Egg Salad Bowl,lemon egg salad bowl,Main Meal,Dinner,China,False,False,False,Lemon Egg Salad Bowl recipe,assets/main.avif,assets/card.avif,not-included-see-readme
2038,REC-CAND-2038,Moroccan Steak with Rice,moroccan steak with rice,Main Meal,Lunch,Spain,False,False,False,Moroccan Steak with Rice recipe,assets/main.avif,assets/card.avif,not-included-see-readme
2039,REC-CAND-2039,Mediterranean Steak Rice Bowl,mediterranean steak rice bowl,Main Meal,Lunch,Mexico,False,False,False,Mediterranean Steak Rice Bowl recipe,assets/main.avif,assets/card.avif,not-included-see-readme
2040,REC-CAND-2040,Tempeh and Kale Curry,tempeh and kale curry,Main Meal,Lunch,United States,False,False,False,Tempeh and Kale Curry recipe,assets/main.avif,assets/card.avif,not-included-see-readme
2041,REC-CAND-2041,Lemon Chicken Tacos,lemon chicken tacos,Main Meal,Dinner,Mexico,False,False,False,Lemon Chicken Tacos recipe,assets/main.avif,assets/card.avif,not-included-see-readme
2042,REC-CAND-2042,Buffalo Tempeh Quinoa Bowl,buffalo tempeh quinoa bowl,Main Meal,Dinner,Brazil,False,False,False,Buffalo Tempeh Quinoa Bowl recipe,assets/main.avif,assets/card.avif,not-included-see-readme
2043,REC-CAND-2043,Garlic Chickpea Stir-Fry,garlic chickpea stir fry,Main Meal,Lunch,Greece,False,False,False,Garlic Chickpea Stir-Fry recipe,assets/main.avif,assets/card.avif,not-included-see-readme
2044,REC-CAND-2044,Garlic Cod with Broccoli,garlic cod with broccoli,Main Meal,Lunch,China,False,False,False,Garlic Cod with Broccoli recipe,assets/main.avif,assets/card.avif,not-included-see-readme
2045,REC-CAND-2045,Greek Tofu with Vegetables,greek tofu with vegetables,Main Meal,Lunch,Peru,False,False,False,Greek Tofu with Vegetables recipe,assets/main.avif,assets/card.avif,not-included-see-readme
2046,REC-CAND-2046,Honey Soy Lentil Flatbread,honey soy lentil flatbread,Main Meal,Dinner,Korea,False,False,False,Honey Soy Lentil Flatbread recipe,assets/main.avif,assets/card.avif,not-included-see-readme
2047,REC-CAND-2047,Filipino Chickpea Tacos,filipino chickpea tacos,Main Meal,Dinner,Mexico,False,False,False,Filipino Chickpea Tacos recipe,assets/main.avif,assets/card.avif,not-included-see-readme
2048,REC-CAND-2048,Coconut Sausage with Asparagus,coconut sausage with asparagus,Main Meal,Dinner,Thailand,False,False,False,Coconut Sausage with Asparagus recipe,assets/main.avif,assets/card.avif,not-included-see-readme
2049,REC-CAND-2049,Honey Soy Chicken Casserole,honey soy chicken casserole,Main Meal,Lunch,Jamaica,False,False,False,Honey Soy Chicken Casserole recipe,assets/main.avif,assets/card.avif,not-included-see-readme
2050,REC-CAND-2050,Smoky Chickpea Salad Bowl,smoky chickpea salad bowl,Main Meal,Lunch,Japan,False,False,False,Smoky Chickpea Salad Bowl recipe,assets/main.avif,assets/card.avif,not-included-see-readme
2051,REC-CAND-2051,Blackened Turkey with Zucchini,blackened turkey with zucchini,Main Meal,Dinner,Japan,False,False,False,Blackened Turkey with Zucchini recipe,assets/main.avif,assets/card.avif,not-included-see-readme
2052,REC-CAND-2052,Spicy Lean Beef Rice Bowl,spicy lean beef rice bowl,Main Meal,Dinner,Spain,False,False,False,Spicy Lean Beef Rice Bowl recipe,assets/main.avif,assets/card.avif,not-included-see-readme
2053,REC-CAND-2053,Mexican Lentil Noodle Bowl,mexican lentil noodle bowl,Main Meal,Dinner,Peru,False,False,False,Mexican Lentil Noodle Bowl recipe,assets/main.avif,assets/card.avif,not-included-see-readme
2054,REC-CAND-2054,Mexican Cod Chili,mexican cod chili,Main Meal,Dinner,Mexico,False,False,False,Mexican Cod Chili recipe,assets/main.avif,assets/card.avif,not-included-see-readme
2055,REC-CAND-2055,Pesto Egg Chili,pesto egg chili,Main Meal,Dinner,Japan,False,False,False,Pesto Egg Chili recipe,assets/main.avif,assets/card.avif,not-included-see-readme
2056,REC-CAND-2056,Peruvian Tempeh Rice Bowl,peruvian tempeh rice bowl,Main Meal,Lunch,Korea,False,False,False,Peruvian Tempeh Rice Bowl recipe,assets/main.avif,assets/card.avif,not-included-see-readme
2057,REC-CAND-2057,Salmon and Mushrooms Flatbread,salmon and mushrooms flatbread,Main Meal,Lunch,China,False,False,False,Salmon and Mushrooms Flatbread recipe,assets/main.avif,assets/card.avif,not-included-see-readme
2058,REC-CAND-2058,Honey Soy Shrimp Stew,honey soy shrimp stew,Main Meal,Lunch,Peru,False,False,False,Honey Soy Shrimp Stew recipe,assets/main.avif,assets/card.avif,not-included-see-readme
2059,REC-CAND-2059,Jamaican Lentil Tray Bake,jamaican lentil tray bake,Main Meal,Dinner,Japan,False,False,False,Jamaican Lentil Tray Bake recipe,assets/main.avif,assets/card.avif,not-included-see-readme
2060,REC-CAND-2060,Coconut Chicken Soup,coconut chicken soup,Main Meal,Dinner,Mexico,False,False,False,Coconut Chicken Soup recipe,assets/main.avif,assets/card.avif,not-included-see-readme
2061,REC-CAND-2061,Roasted Shrimp with Bell Peppers,roasted shrimp with bell peppers,Main Meal,Lunch,China,False,False,False,Roasted Shrimp with Bell Peppers recipe,assets/main.avif,assets/card.avif,not-included-see-readme
2062,REC-CAND-2062,Caribbean Salmon Pasta,caribbean salmon pasta,Main Meal,Dinner,India,False,False,False,Caribbean Salmon Pasta recipe,assets/main.avif,assets/card.avif,not-included-see-readme
2063,REC-CAND-2063,Mediterranean Lentil Flatbread,mediterranean lentil flatbread,Main Meal,Lunch,Jamaica,False,False,False,Mediterranean Lentil Flatbread recipe,assets/main.avif,assets/card.avif,not-included-see-readme
2064,REC-CAND-2064,Sheet Pan Black Bean and Green Beans,sheet pan black bean and green beans,Main Meal,Lunch,India,False,False,False,Sheet Pan Black Bean and Green Beans recipe,assets/main.avif,assets/card.avif,not-included-see-readme
2065,REC-CAND-2065,Blackened Tempeh Stew,blackened tempeh stew,Main Meal,Lunch,Philippines,False,False,False,Blackened Tempeh Stew recipe,assets/main.avif,assets/card.avif,not-included-see-readme
2066,REC-CAND-2066,Pesto Turkey Salad Bowl,pesto turkey salad bowl,Main Meal,Lunch,Jamaica,False,False,False,Pesto Turkey Salad Bowl recipe,assets/main.avif,assets/card.avif,not-included-see-readme
2067,REC-CAND-2067,Roasted Cod Skillet,roasted cod skillet,Main Meal,Lunch,Spain,False,False,False,Roasted Cod Skillet recipe,assets/main.avif,assets/card.avif,not-included-see-readme
2068,REC-CAND-2068,Harissa Pork Tenderloin Tacos,harissa pork tenderloin tacos,Main Meal,Lunch,United States,False,False,False,Harissa Pork Tenderloin Tacos recipe,assets/main.avif,assets/card.avif,not-included-see-readme
2069,REC-CAND-2069,Tuna and Cabbage Casserole,tuna and cabbage casserole,Main Meal,Lunch,Spain,False,False,False,Tuna and Cabbage Casserole recipe,assets/main.avif,assets/card.avif,not-included-see-readme
2070,REC-CAND-2070,American Pork Tenderloin with Noodles,american pork tenderloin with noodles,Main Meal,Dinner,Thailand,False,False,False,American Pork Tenderloin with Noodles recipe,assets/main.avif,assets/card.avif,not-included-see-readme
2071,REC-CAND-2071,Buffalo Tuna Rice Bowl,buffalo tuna rice bowl,Main Meal,Lunch,Italy,False,False,False,Buffalo Tuna Rice Bowl recipe,assets/main.avif,assets/card.avif,not-included-see-readme
2072,REC-CAND-2072,Turkey and Zucchini Curry,turkey and zucchini curry,Main Meal,Dinner,Italy,False,False,False,Turkey and Zucchini Curry recipe,assets/main.avif,assets/card.avif,not-included-see-readme
2073,REC-CAND-2073,Lemon Black Bean Curry,lemon black bean curry,Main Meal,Lunch,Spain,False,False,False,Lemon Black Bean Curry recipe,assets/main.avif,assets/card.avif,not-included-see-readme
2074,REC-CAND-2074,Sheet Pan Shrimp and Carrots,sheet pan shrimp and carrots,Main Meal,Lunch,China,False,False,False,Sheet Pan Shrimp and Carrots recipe,assets/main.avif,assets/card.avif,not-included-see-readme
2075,REC-CAND-2075,Buffalo Shrimp Noodle Bowl,buffalo shrimp noodle bowl,Main Meal,Lunch,Spain,False,False,False,Buffalo Shrimp Noodle Bowl recipe,assets/main.avif,assets/card.avif,not-included-see-readme
2076,REC-CAND-2076,Greek Lean Beef with Quinoa,greek lean beef with quinoa,Main Meal,Lunch,Brazil,False,False,False,Greek Lean Beef with Quinoa recipe,assets/main.avif,assets/card.avif,not-included-see-readme
2077,REC-CAND-2077,Roasted Tuna with Mushrooms,roasted tuna with mushrooms,Main Meal,Dinner,Brazil,False,False,False,Roasted Tuna with Mushrooms recipe,assets/main.avif,assets/card.avif,not-included-see-readme
2078,REC-CAND-2078,Moroccan Steak Tacos,moroccan steak tacos,Main Meal,Dinner,Korea,False,False,False,Moroccan Steak Tacos recipe,assets/main.avif,assets/card.avif,not-included-see-readme
2079,REC-CAND-2079,Greek Chickpea Rice Bowl,greek chickpea rice bowl,Main Meal,Dinner,Korea,False,False,False,Greek Chickpea Rice Bowl recipe,assets/main.avif,assets/card.avif,not-included-see-readme
2080,REC-CAND-2080,French Tofu with Noodles,french tofu with noodles,Main Meal,Lunch,Spain,False,False,False,French Tofu with Noodles recipe,assets/main.avif,assets/card.avif,not-included-see-readme
2081,REC-CAND-2081,Thai Black Bean with Vegetables,thai black bean with vegetables,Main Meal,Lunch,Jamaica,False,False,False,Thai Black Bean with Vegetables recipe,assets/main.avif,assets/card.avif,not-included-see-readme
2082,REC-CAND-2082,Tuna and Cauliflower Noodle Bowl,tuna and cauliflower noodle bowl,Main Meal,Lunch,China,False,False,False,Tuna and Cauliflower Noodle Bowl recipe,assets/main.avif,assets/card.avif,not-included-see-readme
2083,REC-CAND-2083,Korean Tempeh Noodle Bowl,korean tempeh noodle bowl,Main Meal,Lunch,Spain,False,False,False,Korean Tempeh Noodle Bowl recipe,assets/main.avif,assets/card.avif,not-included-see-readme
2084,REC-CAND-2084,Honey Soy Tofu with Mushrooms,honey soy tofu with mushrooms,Main Meal,Dinner,Greece,False,False,False,Honey Soy Tofu with Mushrooms recipe,assets/main.avif,assets/card.avif,not-included-see-readme
2085,REC-CAND-2085,Sheet Pan Pork Tenderloin and Bell Peppers,sheet pan pork tenderloin and bell peppers,Main Meal,Lunch,Spain,False,False,False,Sheet Pan Pork Tenderloin and Bell Peppers recipe,assets/main.avif,assets/card.avif,not-included-see-readme
2086,REC-CAND-2086,Chipotle Shrimp with Mushrooms,chipotle shrimp with mushrooms,Main Meal,Lunch,Brazil,False,False,False,Chipotle Shrimp with Mushrooms recipe,assets/main.avif,assets/card.avif,not-included-see-readme
2087,REC-CAND-2087,Caribbean Lean Beef Rice Bowl,caribbean lean beef rice bowl,Main Meal,Lunch,China,False,False,False,Caribbean Lean Beef Rice Bowl recipe,assets/main.avif,assets/card.avif,not-included-see-readme
2088,REC-CAND-2088,American Black Bean Wraps,american black bean wraps,Main Meal,Dinner,Italy,False,False,False,American Black Bean Wraps recipe,assets/main.avif,assets/card.avif,not-included-see-readme
2089,REC-CAND-2089,Teriyaki Lentil Rice Bowl,teriyaki lentil rice bowl,Main Meal,Dinner,France,False,False,False,Teriyaki Lentil Rice Bowl recipe,assets/main.avif,assets/card.avif,not-included-see-readme
2090,REC-CAND-2090,Coconut Salmon Chili,coconut salmon chili,Main Meal,Lunch,Italy,False,False,False,Coconut Salmon Chili recipe,assets/main.avif,assets/card.avif,not-included-see-readme
2091,REC-CAND-2091,Japanese Steak Curry,japanese steak curry,Main Meal,Dinner,Peru,False,False,False,Japanese Steak Curry recipe,assets/main.avif,assets/card.avif,not-included-see-readme
2092,REC-CAND-2092,Cod and Zucchini Grain Bowl,cod and zucchini grain bowl,Main Meal,Lunch,China,False,False,False,Cod and Zucchini Grain Bowl recipe,assets/main.avif,assets/card.avif,not-included-see-readme
2093,REC-CAND-2093,Teriyaki Tempeh Stir-Fry,teriyaki tempeh stir fry,Main Meal,Dinner,Thailand,False,False,False,Teriyaki Tempeh Stir-Fry recipe,assets/main.avif,assets/card.avif,not-included-see-readme
2094,REC-CAND-2094,Sheet Pan Steak and Cucumber,sheet pan steak and cucumber,Main Meal,Lunch,Peru,False,False,False,Sheet Pan Steak and Cucumber recipe,assets/main.avif,assets/card.avif,not-included-see-readme
2095,REC-CAND-2095,Ginger Salmon Chili,ginger salmon chili,Main Meal,Dinner,Japan,False,False,False,Ginger Salmon Chili recipe,assets/main.avif,assets/card.avif,not-included-see-readme
2096,REC-CAND-2096,Steak and Kale Baked Potatoes,steak and kale baked potatoes,Main Meal,Lunch,Brazil,False,False,False,Steak and Kale Baked Potatoes recipe,assets/main.avif,assets/card.avif,not-included-see-readme
2097,REC-CAND-2097,Harissa Black Bean Casserole,harissa black bean casserole,Main Meal,Lunch,Thailand,False,False,False,Harissa Black Bean Casserole recipe,assets/main.avif,assets/card.avif,not-included-see-readme
2098,REC-CAND-2098,Blackened Black Bean with Cauliflower,blackened black bean with cauliflower,Main Meal,Dinner,Ghana,True,False,False,Blackened Black Bean with Cauliflower recipe,assets/main.avif,assets/card.avif,not-included-see-readme
2099,REC-CAND-2099,Garlic Steak Curry,garlic steak curry,Main Meal,Dinner,Peru,False,False,False,Garlic Steak Curry recipe,assets/main.avif,assets/card.avif,not-included-see-readme
2100,REC-CAND-2100,Harissa Turkey Stew,harissa turkey stew,Main Meal,Lunch,Philippines,False,False,False,Harissa Turkey Stew recipe,assets/main.avif,assets/card.avif,not-included-see-readme
2101,REC-CAND-2101,Herbed Tofu with Carrots,herbed tofu with carrots,Main Meal,Dinner,Mexico,False,False,False,Herbed Tofu with Carrots recipe,assets/main.avif,assets/card.avif,not-included-see-readme
2102,REC-CAND-2102,Garlic Tofu with Asparagus,garlic tofu with asparagus,Main Meal,Dinner,Jamaica,False,False,False,Garlic Tofu with Asparagus recipe,assets/main.avif,assets/card.avif,not-included-see-readme
2103,REC-CAND-2103,Harissa Lean Beef with Broccoli,harissa lean beef with broccoli,Main Meal,Lunch,Mexico,False,False,False,Harissa Lean Beef with Broccoli recipe,assets/main.avif,assets/card.avif,not-included-see-readme
2104,REC-CAND-2104,Garlic Salmon with Asparagus,garlic salmon with asparagus,Main Meal,Lunch,Korea,False,False,False,Garlic Salmon with Asparagus recipe,assets/main.avif,assets/card.avif,not-included-see-readme
2105,REC-CAND-2105,Lentil and Bell Peppers Wraps,lentil and bell peppers wraps,Main Meal,Dinner,Italy,False,False,False,Lentil and Bell Peppers Wraps recipe,assets/main.avif,assets/card.avif,not-included-see-readme
2106,REC-CAND-2106,Japanese Tuna with Noodles,japanese tuna with noodles,Main Meal,Dinner,Brazil,False,False,False,Japanese Tuna with Noodles recipe,assets/main.avif,assets/card.avif,not-included-see-readme
2107,REC-CAND-2107,Moroccan Lentil Quinoa Bowl,moroccan lentil quinoa bowl,Main Meal,Lunch,Peru,False,False,False,Moroccan Lentil Quinoa Bowl recipe,assets/main.avif,assets/card.avif,not-included-see-readme
2108,REC-CAND-2108,Egg Stir Fry Bowl,egg stir fry bowl,Main Meal,Lunch,Thailand,False,False,False,Egg Stir Fry Bowl recipe,assets/main.avif,assets/card.avif,not-included-see-readme
2109,REC-CAND-2109,Brazilian Salmon Wraps,brazilian salmon wraps,Main Meal,Dinner,United States,False,False,False,Brazilian Salmon Wraps recipe,assets/main.avif,assets/card.avif,not-included-see-readme
2110,REC-CAND-2110,Mediterranean Pork Tenderloin Wraps,mediterranean pork tenderloin wraps,Main Meal,Lunch,Peru,False,False,False,Mediterranean Pork Tenderloin Wraps recipe,assets/main.avif,assets/card.avif,not-included-see-readme
2111,REC-CAND-2111,American Sausage with Quinoa,american sausage with quinoa,Main Meal,Lunch,Thailand,False,False,False,American Sausage with Quinoa recipe,assets/main.avif,assets/card.avif,not-included-see-readme
2112,REC-CAND-2112,Cajun Egg with Bell Peppers,cajun egg with bell peppers,Main Meal,Lunch,Greece,False,False,False,Cajun Egg with Bell Peppers recipe,assets/main.avif,assets/card.avif,not-included-see-readme
2113,REC-CAND-2113,Mexican Salmon Sweet Potato Hash,mexican salmon sweet potato hash,Main Meal,Breakfast,Jamaica,False,False,False,Mexican Salmon Sweet Potato Hash recipe,assets/main.avif,assets/card.avif,not-included-see-readme
2114,REC-CAND-2114,Buffalo Tempeh Wraps,buffalo tempeh wraps,Main Meal,Dinner,Peru,False,False,False,Buffalo Tempeh Wraps recipe,assets/main.avif,assets/card.avif,not-included-see-readme
2115,REC-CAND-2115,Greek Sausage Chili,greek sausage chili,Main Meal,Lunch,India,False,False,False,Greek Sausage Chili recipe,assets/main.avif,assets/card.avif,not-included-see-readme
2116,REC-CAND-2116,Ginger Chickpea with Spinach,ginger chickpea with spinach,Main Meal,Dinner,United States,False,False,False,Ginger Chickpea with Spinach recipe,assets/main.avif,assets/card.avif,not-included-see-readme
2117,REC-CAND-2117,French Shrimp Grain Bowl,french shrimp grain bowl,Main Meal,Dinner,Spain,False,False,False,French Shrimp Grain Bowl recipe,assets/main.avif,assets/card.avif,not-included-see-readme
2118,REC-CAND-2118,Lemon Tofu Chili,lemon tofu chili,Main Meal,Lunch,China,False,False,False,Lemon Tofu Chili recipe,assets/main.avif,assets/card.avif,not-included-see-readme
2119,REC-CAND-2119,Sheet Pan Cod and Green Beans,sheet pan cod and green beans,Main Meal,Lunch,Japan,False,False,False,Sheet Pan Cod and Green Beans recipe,assets/main.avif,assets/card.avif,not-included-see-readme
2120,REC-CAND-2120,Greek Lean Beef with Rice,greek lean beef with rice,Main Meal,Dinner,Mexico,False,False,False,Greek Lean Beef with Rice recipe,assets/main.avif,assets/card.avif,not-included-see-readme
2121,REC-CAND-2121,Mexican Black Bean Curry,mexican black bean curry,Main Meal,Dinner,France,False,False,False,Mexican Black Bean Curry recipe,assets/main.avif,assets/card.avif,not-included-see-readme
2122,REC-CAND-2122,Turkey and Asparagus Baked Potatoes,turkey and asparagus baked potatoes,Main Meal,Dinner,United States,False,False,False,Turkey and Asparagus Baked Potatoes recipe,assets/main.avif,assets/card.avif,not-included-see-readme
2123,REC-CAND-2123,Smoky Lean Beef with Spinach,smoky lean beef with spinach,Main Meal,Lunch,France,False,False,False,Smoky Lean Beef with Spinach recipe,assets/main.avif,assets/card.avif,not-included-see-readme
2124,REC-CAND-2124,Tomato Basil Chickpea Casserole,tomato basil chickpea casserole,Main Meal,Dinner,United States,False,False,False,Tomato Basil Chickpea Casserole recipe,assets/main.avif,assets/card.avif,not-included-see-readme
2125,REC-CAND-2125,Crispy Lean Beef Stew,crispy lean beef stew,Main Meal,Lunch,Mexico,False,False,False,Crispy Lean Beef Stew recipe,assets/main.avif,assets/card.avif,not-included-see-readme
2126,REC-CAND-2126,Labneh Cucumber Toast,labneh cucumber toast,Small Meal,Snack,Egypt,True,False,False,Labneh Cucumber Toast recipe,assets/image.avif,,not-included-see-readme
2127,REC-CAND-2127,Turkish Egg and Tomato Bowl,turkish egg and tomato bowl,Small Meal,Breakfast,Nigeria,True,False,False,Turkish Egg and Tomato Bowl recipe,assets/image.avif,,not-included-see-readme
2128,REC-CAND-2128,Quick Tofu Sandwich,quick tofu sandwich,Small Meal,Lunch,India,False,False,False,Quick Tofu Sandwich recipe,assets/image.avif,,not-included-see-readme
2129,REC-CAND-2129,Egg Wrap,egg wrap,Small Meal,Snack,Spain,False,False,False,Egg Wrap recipe,assets/image.avif,,not-included-see-readme
2130,REC-CAND-2130,Berry Overnight Oats,berry overnight oats,Small Meal,Snack,Spain,False,False,False,Berry Overnight Oats recipe,assets/image.avif,,not-included-see-readme
2131,REC-CAND-2131,Hummus Wrap,hummus wrap,Small Meal,Snack,United States,False,False,False,Hummus Wrap recipe,assets/image.avif,,not-included-see-readme
2132,REC-CAND-2132,Berry Parfait,berry parfait,Small Meal,Breakfast,Mexico,False,False,False,Berry Parfait recipe,assets/image.avif,,not-included-see-readme
2133,REC-CAND-2133,Avocado Pita Pocket,avocado pita pocket,Small Meal,Lunch,Thailand,False,False,False,Avocado Pita Pocket recipe,assets/image.avif,,not-included-see-readme
2134,REC-CAND-2134,Hummus Quesadilla,hummus quesadilla,Small Meal,Lunch,Jamaica,False,False,False,Hummus Quesadilla recipe,assets/image.avif,,not-included-see-readme
2135,REC-CAND-2135,Mini Chicken Wrap,mini chicken wrap,Small Meal,Lunch,Italy,False,False,False,Mini Chicken Wrap recipe,assets/image.avif,,not-included-see-readme
2136,REC-CAND-2136,Quick Tuna Bowl,quick tuna bowl,Small Meal,Snack,India,False,False,False,Quick Tuna Bowl recipe,assets/image.avif,,not-included-see-readme
2137,REC-CAND-2137,Quick Tofu Bowl,quick tofu bowl,Small Meal,Lunch,France,False,False,False,Quick Tofu Bowl recipe,assets/image.avif,,not-included-see-readme
2138,REC-CAND-2138,Quick Chicken Bowl,quick chicken bowl,Small Meal,Breakfast,Brazil,False,False,False,Quick Chicken Bowl recipe,assets/image.avif,,not-included-see-readme
2139,REC-CAND-2139,Hummus Toast,hummus toast,Small Meal,Snack,United States,False,False,False,Hummus Toast recipe,assets/image.avif,,not-included-see-readme
2140,REC-CAND-2140,Apple Toast,apple toast,Small Meal,Breakfast,Philippines,False,False,False,Apple Toast recipe,assets/image.avif,,not-included-see-readme
2141,REC-CAND-2141,Mini Chicken Sandwich,mini chicken sandwich,Small Meal,Lunch,Philippines,False,False,False,Mini Chicken Sandwich recipe,assets/image.avif,,not-included-see-readme
2142,REC-CAND-2142,Tuna Quesadilla,tuna quesadilla,Small Meal,Breakfast,France,False,False,False,Tuna Quesadilla recipe,assets/image.avif,,not-included-see-readme
2143,REC-CAND-2143,Quick Chicken Wrap,quick chicken wrap,Small Meal,Snack,Peru,False,False,False,Quick Chicken Wrap recipe,assets/image.avif,,not-included-see-readme
2144,REC-CAND-2144,Egg Quesadilla,egg quesadilla,Small Meal,Snack,Greece,False,False,False,Egg Quesadilla recipe,assets/image.avif,,not-included-see-readme
2145,REC-CAND-2145,Berry Toast,berry toast,Small Meal,Snack,France,False,False,False,Berry Toast recipe,assets/image.avif,,not-included-see-readme
2146,REC-CAND-2146,Cottage Cheese Protein Sandwich,cottage cheese protein sandwich,Small Meal,Breakfast,Mexico,False,False,False,Cottage Cheese Protein Sandwich recipe,assets/image.avif,,not-included-see-readme
2147,REC-CAND-2147,Banana Smoothie Bowl,banana smoothie bowl,Small Meal,Breakfast,Spain,False,False,False,Banana Smoothie Bowl recipe,assets/image.avif,,not-included-see-readme
2148,REC-CAND-2148,Quick Turkey Wrap,quick turkey wrap,Small Meal,Lunch,Brazil,False,False,False,Quick Turkey Wrap recipe,assets/image.avif,,not-included-see-readme
2149,REC-CAND-2149,Tuna Pita Pocket,tuna pita pocket,Small Meal,Lunch,France,False,False,False,Tuna Pita Pocket recipe,assets/image.avif,,not-included-see-readme
2150,REC-CAND-2150,Mini Tuna Bowl,mini tuna bowl,Small Meal,Lunch,Jamaica,False,False,False,Mini Tuna Bowl recipe,assets/image.avif,,not-included-see-readme
2151,REC-CAND-2151,Egg Pita Pocket,egg pita pocket,Small Meal,Snack,Philippines,False,False,False,Egg Pita Pocket recipe,assets/image.avif,,not-included-see-readme
2152,REC-CAND-2152,Tofu Protein Potato Bowl,tofu protein potato bowl,Small Meal,Lunch,Mexico,False,False,False,Tofu Protein Potato Bowl recipe,assets/image.avif,,not-included-see-readme
2153,REC-CAND-2153,Mango Parfait,mango parfait,Small Meal,Snack,Brazil,False,False,False,Mango Parfait recipe,assets/image.avif,,not-included-see-readme
2154,REC-CAND-2154,Mango Toast,mango toast,Small Meal,Snack,Peru,False,False,False,Mango Toast recipe,assets/image.avif,,not-included-see-readme
2155,REC-CAND-2155,Avocado Wrap,avocado wrap,Small Meal,Breakfast,Italy,False,False,False,Avocado Wrap recipe,assets/image.avif,,not-included-see-readme
2156,REC-CAND-2156,Tuna Protein Rice Bowl,tuna protein rice bowl,Small Meal,Breakfast,China,False,False,False,Tuna Protein Rice Bowl recipe,assets/image.avif,,not-included-see-readme
2157,REC-CAND-2157,Meal Prep Turkey Sandwich,meal prep turkey sandwich,Small Meal,Snack,Spain,False,False,False,Meal Prep Turkey Sandwich recipe,assets/image.avif,,not-included-see-readme
2158,REC-CAND-2158,Greek Yogurt Fresh Pita Pocket,greek yogurt fresh pita pocket,Small Meal,Breakfast,Italy,False,False,False,Greek Yogurt Fresh Pita Pocket recipe,assets/image.avif,,not-included-see-readme
2159,REC-CAND-2159,Berry Smoothie Bowl,berry smoothie bowl,Small Meal,Breakfast,Jamaica,False,False,False,Berry Smoothie Bowl recipe,assets/image.avif,,not-included-see-readme
2160,REC-CAND-2160,Quick Tuna Sandwich,quick tuna sandwich,Small Meal,Breakfast,Korea,False,False,False,Quick Tuna Sandwich recipe,assets/image.avif,,not-included-see-readme
2161,REC-CAND-2161,Turkey Pita Pocket,turkey pita pocket,Small Meal,Lunch,Korea,False,False,False,Turkey Pita Pocket recipe,assets/image.avif,,not-included-see-readme
2162,REC-CAND-2162,Peach Overnight Oats,peach overnight oats,Small Meal,Breakfast,Greece,False,False,False,Peach Overnight Oats recipe,assets/image.avif,,not-included-see-readme
2163,REC-CAND-2163,Egg Protein Potato Bowl,egg protein potato bowl,Small Meal,Snack,Romania,True,False,False,Egg Protein Potato Bowl recipe,assets/image.avif,,not-included-see-readme
2164,REC-CAND-2164,Mini Turkey Sandwich,mini turkey sandwich,Small Meal,Breakfast,France,False,False,False,Mini Turkey Sandwich recipe,assets/image.avif,,not-included-see-readme
2165,REC-CAND-2165,Tofu Power Bowl,tofu power bowl,Small Meal,Snack,Peru,False,False,False,Tofu Power Bowl recipe,assets/image.avif,,not-included-see-readme
2166,REC-CAND-2166,Cottage Cheese Fresh Pita Pocket,cottage cheese fresh pita pocket,Small Meal,Lunch,Korea,False,False,False,Cottage Cheese Fresh Pita Pocket recipe,assets/image.avif,,not-included-see-readme
2167,REC-CAND-2167,Mini Tofu Wrap,mini tofu wrap,Small Meal,Snack,Peru,False,False,False,Mini Tofu Wrap recipe,assets/image.avif,,not-included-see-readme
2168,REC-CAND-2168,Peach Smoothie Bowl,peach smoothie bowl,Small Meal,Snack,Italy,False,False,False,Peach Smoothie Bowl recipe,assets/image.avif,,not-included-see-readme
2169,REC-CAND-2169,Turkey Wrap,turkey wrap,Small Meal,Breakfast,Spain,False,False,False,Turkey Wrap recipe,assets/image.avif,,not-included-see-readme
2170,REC-CAND-2170,Egg Power Pita Pocket,egg power pita pocket,Small Meal,Snack,Philippines,False,False,False,Egg Power Pita Pocket recipe,assets/image.avif,,not-included-see-readme
2171,REC-CAND-2171,Meal Prep Chicken Wrap,meal prep chicken wrap,Small Meal,Snack,India,False,False,False,Meal Prep Chicken Wrap recipe,assets/image.avif,,not-included-see-readme
2172,REC-CAND-2172,Cottage Cheese Fresh Wrap,cottage cheese fresh wrap,Small Meal,Snack,Spain,False,False,False,Cottage Cheese Fresh Wrap recipe,assets/image.avif,,not-included-see-readme
2173,REC-CAND-2173,Quick Tuna Wrap,quick tuna wrap,Small Meal,Lunch,Thailand,False,False,False,Quick Tuna Wrap recipe,assets/image.avif,,not-included-see-readme
2174,REC-CAND-2174,Turkey Quesadilla,turkey quesadilla,Small Meal,Breakfast,Georgia,True,False,False,Turkey Quesadilla recipe,assets/image.avif,,not-included-see-readme
2175,REC-CAND-2175,Apple Smoothie Bowl,apple smoothie bowl,Small Meal,Breakfast,France,False,False,False,Apple Smoothie Bowl recipe,assets/image.avif,,not-included-see-readme
2176,REC-CAND-2176,Cottage Cheese Power Overnight Oats,cottage cheese power overnight oats,Small Meal,Snack,China,False,False,False,Cottage Cheese Power Overnight Oats recipe,assets/image.avif,,not-included-see-readme
2177,REC-CAND-2177,Mini Tofu Sandwich,mini tofu sandwich,Small Meal,Lunch,France,False,False,False,Mini Tofu Sandwich recipe,assets/image.avif,,not-included-see-readme
2178,REC-CAND-2178,Egg Toast,egg toast,Small Meal,Snack,Italy,False,False,False,Egg Toast recipe,assets/image.avif,,not-included-see-readme
2179,REC-CAND-2179,Peach Toast,peach toast,Small Meal,Snack,Brazil,False,False,False,Peach Toast recipe,assets/image.avif,,not-included-see-readme
2180,REC-CAND-2180,Turkey Toast,turkey toast,Small Meal,Breakfast,Jamaica,False,False,False,Turkey Toast recipe,assets/image.avif,,not-included-see-readme
2181,REC-CAND-2181,Turkey Fresh Bowl,turkey fresh bowl,Small Meal,Snack,Italy,False,False,False,Turkey Fresh Bowl recipe,assets/image.avif,,not-included-see-readme
2182,REC-CAND-2182,Apple Overnight Oats,apple overnight oats,Small Meal,Snack,Peru,False,False,False,Apple Overnight Oats recipe,assets/image.avif,,not-included-see-readme
2183,REC-CAND-2183,Turkey Fresh Quesadilla,turkey fresh quesadilla,Small Meal,Lunch,Peru,False,False,False,Turkey Fresh Quesadilla recipe,assets/image.avif,,not-included-see-readme
2184,REC-CAND-2184,Meal Prep Chicken Bowl,meal prep chicken bowl,Small Meal,Snack,Spain,False,False,False,Meal Prep Chicken Bowl recipe,assets/image.avif,,not-included-see-readme
2185,REC-CAND-2185,Tuna Wrap,tuna wrap,Small Meal,Lunch,Tunisia,True,False,False,Tuna Wrap recipe,assets/image.avif,,not-included-see-readme
2186,REC-CAND-2186,Banana Parfait,banana parfait,Small Meal,Breakfast,Korea,False,False,False,Banana Parfait recipe,assets/image.avif,,not-included-see-readme
2187,REC-CAND-2187,Tofu Fresh Sandwich,tofu fresh sandwich,Small Meal,Lunch,China,False,False,False,Tofu Fresh Sandwich recipe,assets/image.avif,,not-included-see-readme
2188,REC-CAND-2188,Mini Turkey Bowl,mini turkey bowl,Small Meal,Breakfast,France,False,False,False,Mini Turkey Bowl recipe,assets/image.avif,,not-included-see-readme
2189,REC-CAND-2189,Greek Yogurt Power Rice Bowl,greek yogurt power rice bowl,Small Meal,Snack,Thailand,False,False,False,Greek Yogurt Power Rice Bowl recipe,assets/image.avif,,not-included-see-readme
2190,REC-CAND-2190,Cottage Cheese Fresh Sandwich,cottage cheese fresh sandwich,Small Meal,Snack,Philippines,False,False,False,Cottage Cheese Fresh Sandwich recipe,assets/image.avif,,not-included-see-readme
2191,REC-CAND-2191,Meal Prep Chicken Sandwich,meal prep chicken sandwich,Small Meal,Breakfast,Peru,False,False,False,Meal Prep Chicken Sandwich recipe,assets/image.avif,,not-included-see-readme
2192,REC-CAND-2192,Mini Tofu Bowl,mini tofu bowl,Small Meal,Breakfast,Philippines,False,False,False,Mini Tofu Bowl recipe,assets/image.avif,,not-included-see-readme
2193,REC-CAND-2193,Tuna Fresh Potato Bowl,tuna fresh potato bowl,Small Meal,Snack,Japan,False,False,False,Tuna Fresh Potato Bowl recipe,assets/image.avif,,not-included-see-readme
2194,REC-CAND-2194,Turkey Power Bowl,turkey power bowl,Small Meal,Breakfast,Italy,False,False,False,Turkey Power Bowl recipe,assets/image.avif,,not-included-see-readme
2195,REC-CAND-2195,Mini Turkey Wrap,mini turkey wrap,Small Meal,Lunch,Korea,False,False,False,Mini Turkey Wrap recipe,assets/image.avif,,not-included-see-readme
2196,REC-CAND-2196,Banana Toast,banana toast,Small Meal,Snack,Spain,False,False,False,Banana Toast recipe,assets/image.avif,,not-included-see-readme
2197,REC-CAND-2197,Chicken Fresh Parfait,chicken fresh parfait,Small Meal,Snack,Greece,False,False,False,Chicken Fresh Parfait recipe,assets/image.avif,,not-included-see-readme
2198,REC-CAND-2198,Egg Fresh Rice Bowl,egg fresh rice bowl,Small Meal,Snack,Thailand,False,False,False,Egg Fresh Rice Bowl recipe,assets/image.avif,,not-included-see-readme
2199,REC-CAND-2199,Egg Protein Toast,egg protein toast,Small Meal,Breakfast,Jamaica,False,False,False,Egg Protein Toast recipe,assets/image.avif,,not-included-see-readme
2200,REC-CAND-2200,Meal Prep Tuna Wrap,meal prep tuna wrap,Small Meal,Lunch,France,False,False,False,Meal Prep Tuna Wrap recipe,assets/image.avif,,not-included-see-readme
2201,REC-CAND-2201,Apple Parfait,apple parfait,Small Meal,Snack,Thailand,False,False,False,Apple Parfait recipe,assets/image.avif,,not-included-see-readme
2202,REC-CAND-2202,Cottage Cheese Fresh Bowl,cottage cheese fresh bowl,Small Meal,Snack,Egypt,True,False,False,Cottage Cheese Fresh Bowl recipe,assets/image.avif,,not-included-see-readme
2203,REC-CAND-2203,Avocado Toast,avocado toast,Small Meal,Snack,Korea,False,False,False,Avocado Toast recipe,assets/image.avif,,not-included-see-readme
2204,REC-CAND-2204,Mini Tuna Sandwich,mini tuna sandwich,Small Meal,Snack,Japan,False,False,False,Mini Tuna Sandwich recipe,assets/image.avif,,not-included-see-readme
2205,REC-CAND-2205,Chicken Fresh Rice Bowl,chicken fresh rice bowl,Small Meal,Breakfast,Korea,False,False,False,Chicken Fresh Rice Bowl recipe,assets/image.avif,,not-included-see-readme
2206,REC-CAND-2206,Greek Yogurt Protein Potato Bowl,greek yogurt protein potato bowl,Small Meal,Breakfast,India,False,False,False,Greek Yogurt Protein Potato Bowl recipe,assets/image.avif,,not-included-see-readme
2207,REC-CAND-2207,Egg Fresh Overnight Oats,egg fresh overnight oats,Small Meal,Breakfast,India,False,False,False,Egg Fresh Overnight Oats recipe,assets/image.avif,,not-included-see-readme
2208,REC-CAND-2208,Meal Prep Tofu Sandwich,meal prep tofu sandwich,Small Meal,Lunch,Thailand,False,False,False,Meal Prep Tofu Sandwich recipe,assets/image.avif,,not-included-see-readme
2209,REC-CAND-2209,Tuna Protein Overnight Oats,tuna protein overnight oats,Small Meal,Breakfast,India,False,False,False,Tuna Protein Overnight Oats recipe,assets/image.avif,,not-included-see-readme
2210,REC-CAND-2210,Greek Yogurt Protein Bowl,greek yogurt protein bowl,Small Meal,Snack,France,False,False,False,Greek Yogurt Protein Bowl recipe,assets/image.avif,,not-included-see-readme
2211,REC-CAND-2211,Quick Tofu Wrap,quick tofu wrap,Small Meal,Lunch,Brazil,False,False,False,Quick Tofu Wrap recipe,assets/image.avif,,not-included-see-readme
2212,REC-CAND-2212,Meal Prep Tuna Sandwich,meal prep tuna sandwich,Small Meal,Snack,Mexico,False,False,False,Meal Prep Tuna Sandwich recipe,assets/image.avif,,not-included-see-readme
2213,REC-CAND-2213,Meal Prep Turkey Wrap,meal prep turkey wrap,Small Meal,Snack,Japan,False,False,False,Meal Prep Turkey Wrap recipe,assets/image.avif,,not-included-see-readme
2214,REC-CAND-2214,Egg Fresh Pita Pocket,egg fresh pita pocket,Small Meal,Breakfast,India,False,False,False,Egg Fresh Pita Pocket recipe,assets/image.avif,,not-included-see-readme
2215,REC-CAND-2215,Turkey Fresh Pita Pocket,turkey fresh pita pocket,Small Meal,Lunch,Italy,False,False,False,Turkey Fresh Pita Pocket recipe,assets/image.avif,,not-included-see-readme
2216,REC-CAND-2216,Tuna Toast,tuna toast,Small Meal,Breakfast,Spain,False,False,False,Tuna Toast recipe,assets/image.avif,,not-included-see-readme
2217,REC-CAND-2217,Chicken Fresh Bowl,chicken fresh bowl,Small Meal,Breakfast,Philippines,False,False,False,Chicken Fresh Bowl recipe,assets/image.avif,,not-included-see-readme
2218,REC-CAND-2218,Greek Yogurt Protein Parfait,greek yogurt protein parfait,Small Meal,Breakfast,Uzbekistan,True,False,False,Greek Yogurt Protein Parfait recipe,assets/image.avif,,not-included-see-readme
2219,REC-CAND-2219,Greek Yogurt Protein Toast,greek yogurt protein toast,Small Meal,Breakfast,Korea,False,False,False,Greek Yogurt Protein Toast recipe,assets/image.avif,,not-included-see-readme
2220,REC-CAND-2220,Egg Fresh Bowl,egg fresh bowl,Small Meal,Snack,Peru,False,False,False,Egg Fresh Bowl recipe,assets/image.avif,,not-included-see-readme
2221,REC-CAND-2221,Mango Overnight Oats,mango overnight oats,Small Meal,Snack,United States,False,False,False,Mango Overnight Oats recipe,assets/image.avif,,not-included-see-readme
2222,REC-CAND-2222,Meal Prep Tofu Wrap,meal prep tofu wrap,Small Meal,Lunch,Brazil,False,False,False,Meal Prep Tofu Wrap recipe,assets/image.avif,,not-included-see-readme
2223,REC-CAND-2223,Mango Smoothie Bowl,mango smoothie bowl,Small Meal,Breakfast,Spain,False,False,False,Mango Smoothie Bowl recipe,assets/image.avif,,not-included-see-readme
2224,REC-CAND-2224,Tuna Protein Wrap,tuna protein wrap,Small Meal,Snack,Peru,False,False,False,Tuna Protein Wrap recipe,assets/image.avif,,not-included-see-readme
2225,REC-CAND-2225,Greek Yogurt Power Parfait,greek yogurt power parfait,Small Meal,Breakfast,Italy,False,False,False,Greek Yogurt Power Parfait recipe,assets/image.avif,,not-included-see-readme
2226,REC-CAND-2226,Peach Parfait,peach parfait,Small Meal,Breakfast,Mexico,False,False,False,Peach Parfait recipe,assets/image.avif,,not-included-see-readme
2227,REC-CAND-2227,Tuna Protein Sandwich,tuna protein sandwich,Small Meal,Snack,Philippines,False,False,False,Tuna Protein Sandwich recipe,assets/image.avif,,not-included-see-readme
2228,REC-CAND-2228,Turkey Protein Pita Pocket,turkey protein pita pocket,Small Meal,Breakfast,China,False,False,False,Turkey Protein Pita Pocket recipe,assets/image.avif,,not-included-see-readme
2229,REC-CAND-2229,Turkey Fresh Sandwich,turkey fresh sandwich,Small Meal,Snack,Brazil,False,False,False,Turkey Fresh Sandwich recipe,assets/image.avif,,not-included-see-readme
2230,REC-CAND-2230,Turkey Fresh Wrap,turkey fresh wrap,Small Meal,Snack,Korea,False,False,False,Turkey Fresh Wrap recipe,assets/image.avif,,not-included-see-readme
2231,REC-CAND-2231,Meal Prep Tofu Bowl,meal prep tofu bowl,Small Meal,Snack,United States,False,False,False,Meal Prep Tofu Bowl recipe,assets/image.avif,,not-included-see-readme
2232,REC-CAND-2232,Tuna Fresh Pita Pocket,tuna fresh pita pocket,Small Meal,Snack,Indonesia,True,False,False,Tuna Fresh Pita Pocket recipe,assets/image.avif,,not-included-see-readme
2233,REC-CAND-2233,Quick Turkey Bowl,quick turkey bowl,Small Meal,Lunch,Brazil,False,False,False,Quick Turkey Bowl recipe,assets/image.avif,,not-included-see-readme
2234,REC-CAND-2234,Turkey Protein Potato Bowl,turkey protein potato bowl,Small Meal,Breakfast,India,False,False,False,Turkey Protein Potato Bowl recipe,assets/image.avif,,not-included-see-readme
2235,REC-CAND-2235,Hummus Pita Pocket,hummus pita pocket,Small Meal,Snack,United States,False,False,False,Hummus Pita Pocket recipe,assets/image.avif,,not-included-see-readme
2236,REC-CAND-2236,Date and Tahini Bites,date and tahini bites,Snack,Snack,Afghanistan,True,False,False,Date and Tahini Bites recipe,assets/image.avif,,not-included-see-readme
2237,REC-CAND-2237,Spiced Roasted Fava Beans,spiced roasted fava beans,Snack,Snack,Romania,True,False,False,Spiced Roasted Fava Beans recipe,assets/image.avif,,not-included-see-readme
2238,REC-CAND-2238,Maple Seed Clusters,maple seed clusters,Snack,Snack,Italy,False,False,False,Maple Seed Clusters recipe,assets/image.avif,,not-included-see-readme
2239,REC-CAND-2239,Peanut Butter Protein Balls,peanut butter protein balls,Snack,Snack,China,False,False,False,Peanut Butter Protein Balls recipe,assets/image.avif,,not-included-see-readme
2240,REC-CAND-2240,Berry Energy Bites,berry energy bites,Snack,Snack,China,False,False,False,Berry Energy Bites recipe,assets/image.avif,,not-included-see-readme
2241,REC-CAND-2241,Honey Granola Bites,honey granola bites,Snack,Snack,France,False,False,False,Honey Granola Bites recipe,assets/image.avif,,not-included-see-readme
2242,REC-CAND-2242,Peanut Butter Roasted Chickpeas,peanut butter roasted chickpeas,Snack,Snack,Italy,False,False,False,Peanut Butter Roasted Chickpeas recipe,assets/image.avif,,not-included-see-readme
2243,REC-CAND-2243,Honey Seed Clusters,honey seed clusters,Snack,Snack,India,False,False,False,Honey Seed Clusters recipe,assets/image.avif,,not-included-see-readme
2244,REC-CAND-2244,Chocolate Energy Bites,chocolate energy bites,Snack,Snack,Mongolia,True,False,False,Chocolate Energy Bites recipe,assets/image.avif,,not-included-see-readme
2245,REC-CAND-2245,Oat Energy Squares,oat energy squares,Snack,Snack,Greece,False,False,False,Oat Energy Squares recipe,assets/image.avif,,not-included-see-readme
2246,REC-CAND-2246,Protein Snack Mix,protein snack mix,Snack,Snack,Thailand,False,False,False,Protein Snack Mix recipe,assets/image.avif,,not-included-see-readme
2247,REC-CAND-2247,Cocoa Granola Bites,cocoa granola bites,Snack,Snack,France,False,False,False,Cocoa Granola Bites recipe,assets/image.avif,,not-included-see-readme
2248,REC-CAND-2248,Fruit and Nut Snack Mix,fruit and nut snack mix,Snack,Snack,Brazil,False,False,False,Fruit and Nut Snack Mix recipe,assets/image.avif,,not-included-see-readme
2249,REC-CAND-2249,Protein Energy Squares,protein energy squares,Snack,Snack,Korea,False,False,False,Protein Energy Squares recipe,assets/image.avif,,not-included-see-readme
2250,REC-CAND-2250,Cocoa Roasted Nuts,cocoa roasted nuts,Snack,Snack,Egypt,True,False,False,Cocoa Roasted Nuts recipe,assets/image.avif,,not-included-see-readme
2251,REC-CAND-2251,Honey Roasted Nuts,honey roasted nuts,Snack,Snack,United States,False,False,False,Honey Roasted Nuts recipe,assets/image.avif,,not-included-see-readme
2252,REC-CAND-2252,Vanilla Granola Bites,vanilla granola bites,Snack,Snack,China,False,False,False,Vanilla Granola Bites recipe,assets/image.avif,,not-included-see-readme
2253,REC-CAND-2253,Apple Cinnamon Mini Muffins,apple cinnamon mini muffins,Snack,Snack,Korea,False,False,False,Apple Cinnamon Mini Muffins recipe,assets/image.avif,,not-included-see-readme
2254,REC-CAND-2254,Protein Snack Box,protein snack box,Snack,Snack,Peru,False,False,False,Protein Snack Box recipe,assets/image.avif,,not-included-see-readme
2255,REC-CAND-2255,Vanilla Seed Clusters,vanilla seed clusters,Snack,Snack,Mexico,False,False,False,Vanilla Seed Clusters recipe,assets/image.avif,,not-included-see-readme
2256,REC-CAND-2256,Fruit and Nut Energy Squares,fruit and nut energy squares,Snack,Snack,Greece,False,False,False,Fruit and Nut Energy Squares recipe,assets/image.avif,,not-included-see-readme
2257,REC-CAND-2257,Maple Granola Bites,maple granola bites,Snack,Snack,Mexico,False,False,False,Maple Granola Bites recipe,assets/image.avif,,not-included-see-readme
2258,REC-CAND-2258,Fruit and Nut Snack Box,fruit and nut snack box,Snack,Snack,China,False,False,False,Fruit and Nut Snack Box recipe,assets/image.avif,,not-included-see-readme
2259,REC-CAND-2259,Berry Protein Balls,berry protein balls,Snack,Snack,Jamaica,False,False,False,Berry Protein Balls recipe,assets/image.avif,,not-included-see-readme
2260,REC-CAND-2260,Peanut Butter Banana Bites,peanut butter banana bites,Snack,Snack,Peru,False,False,False,Peanut Butter Banana Bites recipe,assets/image.avif,,not-included-see-readme
2261,REC-CAND-2261,Vanilla Roasted Nuts,vanilla roasted nuts,Snack,Snack,Italy,False,False,False,Vanilla Roasted Nuts recipe,assets/image.avif,,not-included-see-readme
2262,REC-CAND-2262,Peanut Butter Mini Muffins,peanut butter mini muffins,Snack,Snack,United States,False,False,False,Peanut Butter Mini Muffins recipe,assets/image.avif,,not-included-see-readme
2263,REC-CAND-2263,Chocolate Roasted Chickpeas,chocolate roasted chickpeas,Snack,Snack,Greece,False,False,False,Chocolate Roasted Chickpeas recipe,assets/image.avif,,not-included-see-readme
2264,REC-CAND-2264,Chocolate Apple Bites,chocolate apple bites,Snack,Snack,Korea,False,False,False,Chocolate Apple Bites recipe,assets/image.avif,,not-included-see-readme
2265,REC-CAND-2265,Banana Mini Muffins,banana mini muffins,Snack,Snack,United States,False,False,False,Banana Mini Muffins recipe,assets/image.avif,,not-included-see-readme
2266,REC-CAND-2266,Banana Yogurt Cup,banana yogurt cup,Snack,Snack,Nepal,True,False,False,Banana Yogurt Cup recipe,assets/image.avif,,not-included-see-readme
2267,REC-CAND-2267,Banana Protein Balls,banana protein balls,Snack,Snack,Mexico,False,False,False,Banana Protein Balls recipe,assets/image.avif,,not-included-see-readme
2268,REC-CAND-2268,Banana Cottage Cheese Cups,banana cottage cheese cups,Snack,Snack,Greece,False,False,False,Banana Cottage Cheese Cups recipe,assets/image.avif,,not-included-see-readme
2269,REC-CAND-2269,Cocoa Seed Clusters,cocoa seed clusters,Snack,Snack,Jamaica,False,False,False,Cocoa Seed Clusters recipe,assets/image.avif,,not-included-see-readme
2270,REC-CAND-2270,Oat Snack Mix,oat snack mix,Snack,Snack,Italy,False,False,False,Oat Snack Mix recipe,assets/image.avif,,not-included-see-readme
2271,REC-CAND-2271,Coconut Energy Bites,coconut energy bites,Snack,Snack,India,False,False,False,Coconut Energy Bites recipe,assets/image.avif,,not-included-see-readme
2272,REC-CAND-2272,Coconut Yogurt Cup,coconut yogurt cup,Snack,Snack,Korea,False,False,False,Coconut Yogurt Cup recipe,assets/image.avif,,not-included-see-readme
2273,REC-CAND-2273,Coconut Cottage Cheese Cups,coconut cottage cheese cups,Snack,Snack,Brazil,False,False,False,Coconut Cottage Cheese Cups recipe,assets/image.avif,,not-included-see-readme
2274,REC-CAND-2274,Berry Roasted Chickpeas,berry roasted chickpeas,Snack,Snack,India,False,False,False,Berry Roasted Chickpeas recipe,assets/image.avif,,not-included-see-readme
2275,REC-CAND-2275,Chocolate Yogurt Cup,chocolate yogurt cup,Snack,Snack,Mexico,False,False,False,Chocolate Yogurt Cup recipe,assets/image.avif,,not-included-see-readme
2276,REC-CAND-2276,Oat Snack Box,oat snack box,Snack,Snack,Jamaica,False,False,False,Oat Snack Box recipe,assets/image.avif,,not-included-see-readme
2277,REC-CAND-2277,Peanut Butter Apple Bites,peanut butter apple bites,Snack,Snack,Brazil,False,False,False,Peanut Butter Apple Bites recipe,assets/image.avif,,not-included-see-readme
2278,REC-CAND-2278,Berry Apple Bites,berry apple bites,Snack,Snack,China,False,False,False,Berry Apple Bites recipe,assets/image.avif,,not-included-see-readme
2279,REC-CAND-2279,Coconut Hummus Cups,coconut hummus cups,Snack,Snack,Spain,False,False,False,Coconut Hummus Cups recipe,assets/image.avif,,not-included-see-readme
2280,REC-CAND-2280,Apple Cinnamon Hummus Cups,apple cinnamon hummus cups,Snack,Snack,France,False,False,False,Apple Cinnamon Hummus Cups recipe,assets/image.avif,,not-included-see-readme
2281,REC-CAND-2281,Banana Energy Bites,banana energy bites,Snack,Snack,Mexico,False,False,False,Banana Energy Bites recipe,assets/image.avif,,not-included-see-readme
2282,REC-CAND-2282,Apple Cinnamon Yogurt Cup,apple cinnamon yogurt cup,Snack,Snack,Brazil,False,False,False,Apple Cinnamon Yogurt Cup recipe,assets/image.avif,,not-included-see-readme
2283,REC-CAND-2283,Banana Trail Mix,banana trail mix,Snack,Snack,Morocco,True,False,False,Banana Trail Mix recipe,assets/image.avif,,not-included-see-readme
2284,REC-CAND-2284,Apple Cinnamon Energy Bites,apple cinnamon energy bites,Snack,Snack,Italy,False,False,False,Apple Cinnamon Energy Bites recipe,assets/image.avif,,not-included-see-readme
2285,REC-CAND-2285,Peanut Butter Cottage Cheese Cups,peanut butter cottage cheese cups,Snack,Snack,Philippines,False,False,False,Peanut Butter Cottage Cheese Cups recipe,assets/image.avif,,not-included-see-readme
2286,REC-CAND-2286,Coconut Mini Muffins,coconut mini muffins,Snack,Snack,India,False,False,False,Coconut Mini Muffins recipe,assets/image.avif,,not-included-see-readme
2287,REC-CAND-2287,Apple Cinnamon Roasted Chickpeas,apple cinnamon roasted chickpeas,Snack,Snack,Afghanistan,True,False,False,Apple Cinnamon Roasted Chickpeas recipe,assets/image.avif,,not-included-see-readme
2288,REC-CAND-2288,Maple Roasted Nuts,maple roasted nuts,Snack,Snack,France,False,False,False,Maple Roasted Nuts recipe,assets/image.avif,,not-included-see-readme
2289,REC-CAND-2289,Apple Cinnamon Cottage Cheese Cups,apple cinnamon cottage cheese cups,Snack,Snack,Brazil,False,False,False,Apple Cinnamon Cottage Cheese Cups recipe,assets/image.avif,,not-included-see-readme
2290,REC-CAND-2290,Chocolate Hummus Cups,chocolate hummus cups,Snack,Snack,United States,False,False,False,Chocolate Hummus Cups recipe,assets/image.avif,,not-included-see-readme
2291,REC-CAND-2291,Banana Hummus Cups,banana hummus cups,Snack,Snack,United States,False,False,False,Banana Hummus Cups recipe,assets/image.avif,,not-included-see-readme
2292,REC-CAND-2292,Coconut Roasted Chickpeas,coconut roasted chickpeas,Snack,Snack,Thailand,False,False,False,Coconut Roasted Chickpeas recipe,assets/image.avif,,not-included-see-readme
2293,REC-CAND-2293,Berry Hummus Cups,berry hummus cups,Snack,Snack,Italy,False,False,False,Berry Hummus Cups recipe,assets/image.avif,,not-included-see-readme
2294,REC-CAND-2294,Banana Banana Bites,banana banana bites,Snack,Snack,Romania,True,False,False,Banana Banana Bites recipe,assets/image.avif,,not-included-see-readme
2295,REC-CAND-2295,Peanut Butter Hummus Cups,peanut butter hummus cups,Snack,Snack,Japan,False,False,False,Peanut Butter Hummus Cups recipe,assets/image.avif,,not-included-see-readme
2296,REC-CAND-2296,Berry Mini Muffins,berry mini muffins,Snack,Snack,United States,False,False,False,Berry Mini Muffins recipe,assets/image.avif,,not-included-see-readme
2297,REC-CAND-2297,Berry Cottage Cheese Cups,berry cottage cheese cups,Snack,Snack,Italy,False,False,False,Berry Cottage Cheese Cups recipe,assets/image.avif,,not-included-see-readme
2298,REC-CAND-2298,Coconut Protein Balls,coconut protein balls,Snack,Snack,India,False,False,False,Coconut Protein Balls recipe,assets/image.avif,,not-included-see-readme
2299,REC-CAND-2299,Chocolate Cottage Cheese Cups,chocolate cottage cheese cups,Snack,Snack,Greece,False,False,False,Chocolate Cottage Cheese Cups recipe,assets/image.avif,,not-included-see-readme
2300,REC-CAND-2300,Apple Cinnamon Protein Balls,apple cinnamon protein balls,Snack,Snack,Italy,False,False,False,Apple Cinnamon Protein Balls recipe,assets/image.avif,,not-included-see-readme
2301,REC-CAND-2301,Coconut Trail Mix,coconut trail mix,Snack,Snack,Greece,False,False,False,Coconut Trail Mix recipe,assets/image.avif,,not-included-see-readme
2302,REC-CAND-2302,Coconut Apple Bites,coconut apple bites,Snack,Snack,Jamaica,False,False,False,Coconut Apple Bites recipe,assets/image.avif,,not-included-see-readme
2303,REC-CAND-2303,Peanut Butter Energy Bites,peanut butter energy bites,Snack,Snack,France,False,False,False,Peanut Butter Energy Bites recipe,assets/image.avif,,not-included-see-readme
2304,REC-CAND-2304,Peanut Butter Trail Mix,peanut butter trail mix,Snack,Snack,Uzbekistan,True,False,False,Peanut Butter Trail Mix recipe,assets/image.avif,,not-included-see-readme
2305,REC-CAND-2305,Chocolate Banana Bites,chocolate banana bites,Snack,Snack,Jamaica,False,False,False,Chocolate Banana Bites recipe,assets/image.avif,,not-included-see-readme
2306,REC-CAND-2306,Coconut Banana Bites,coconut banana bites,Snack,Snack,Brazil,False,False,False,Coconut Banana Bites recipe,assets/image.avif,,not-included-see-readme
2307,REC-CAND-2307,Berry Trail Mix,berry trail mix,Snack,Snack,France,False,False,False,Berry Trail Mix recipe,assets/image.avif,,not-included-see-readme
2308,REC-CAND-2308,Apple Cinnamon Trail Mix,apple cinnamon trail mix,Snack,Snack,Thailand,False,False,False,Apple Cinnamon Trail Mix recipe,assets/image.avif,,not-included-see-readme
2309,REC-CAND-2309,Berry Banana Bites,berry banana bites,Snack,Snack,Korea,False,False,False,Berry Banana Bites recipe,assets/image.avif,,not-included-see-readme
2310,REC-CAND-2310,Chocolate Protein Balls,chocolate protein balls,Snack,Snack,Uzbekistan,True,False,False,Chocolate Protein Balls recipe,assets/image.avif,,not-included-see-readme
2311,REC-CAND-2311,Ethiopian Atakilt Wat,ethiopian atakilt wat,Side,Lunch,Lebanon,True,False,False,Ethiopian Atakilt Wat recipe,assets/image.avif,,not-included-see-readme
2312,REC-CAND-2312,Moroccan Carrot Salad,moroccan carrot salad,Side,Dinner,Morocco,True,False,False,Moroccan Carrot Salad recipe,assets/image.avif,,not-included-see-readme
2313,REC-CAND-2313,Garlic Cucumber Salad,garlic cucumber salad,Side,Dinner,Korea,False,False,False,Garlic Cucumber Salad recipe,assets/image.avif,,not-included-see-readme
2314,REC-CAND-2314,Mediterranean Vegetable Medley,mediterranean vegetable medley,Side,Lunch,United States,False,False,False,Mediterranean Vegetable Medley recipe,assets/image.avif,,not-included-see-readme
2315,REC-CAND-2315,Roasted Tomato Salad,roasted tomato salad,Side,Lunch,Spain,False,False,False,Roasted Tomato Salad recipe,assets/image.avif,,not-included-see-readme
2316,REC-CAND-2316,Cajun Slaw,cajun slaw,Side,Dinner,Italy,False,False,False,Cajun Slaw recipe,assets/image.avif,,not-included-see-readme
2317,REC-CAND-2317,Greek Vegetable Medley,greek vegetable medley,Side,Dinner,Japan,False,False,False,Greek Vegetable Medley recipe,assets/image.avif,,not-included-see-readme
2318,REC-CAND-2318,Cajun Vegetable Medley,cajun vegetable medley,Side,Lunch,Italy,False,False,False,Cajun Vegetable Medley recipe,assets/image.avif,,not-included-see-readme
2319,REC-CAND-2319,Asian Slaw,asian slaw,Side,Lunch,Peru,False,False,False,Asian Slaw recipe,assets/image.avif,,not-included-see-readme
2320,REC-CAND-2320,Spicy Couscous Salad,spicy couscous salad,Side,Lunch,Thailand,False,False,False,Spicy Couscous Salad recipe,assets/image.avif,,not-included-see-readme
2321,REC-CAND-2321,Spicy Potatoes,spicy potatoes,Side,Dinner,Thailand,False,False,False,Spicy Potatoes recipe,assets/image.avif,,not-included-see-readme
2322,REC-CAND-2322,Roasted Corn Salsa,roasted corn salsa,Side,Lunch,Japan,False,False,False,Roasted Corn Salsa recipe,assets/image.avif,,not-included-see-readme
2323,REC-CAND-2323,Lemon Tomato Salad,lemon tomato salad,Side,Lunch,Philippines,False,False,False,Lemon Tomato Salad recipe,assets/image.avif,,not-included-see-readme
2324,REC-CAND-2324,Cajun Rice,cajun rice,Side,Lunch,Brazil,False,False,False,Cajun Rice recipe,assets/image.avif,,not-included-see-readme
2325,REC-CAND-2325,Mexican Bean Salad,mexican bean salad,Side,Dinner,India,False,False,False,Mexican Bean Salad recipe,assets/image.avif,,not-included-see-readme
2326,REC-CAND-2326,Roasted Couscous Salad,roasted couscous salad,Side,Dinner,Afghanistan,True,False,False,Roasted Couscous Salad recipe,assets/image.avif,,not-included-see-readme
2327,REC-CAND-2327,Roasted Rice,roasted rice,Side,Lunch,Mexico,False,False,False,Roasted Rice recipe,assets/image.avif,,not-included-see-readme
2328,REC-CAND-2328,Lemon Rice,lemon rice,Side,Lunch,Brazil,False,False,False,Lemon Rice recipe,assets/image.avif,,not-included-see-readme
2329,REC-CAND-2329,Greek Slaw,greek slaw,Side,Lunch,Peru,False,False,False,Greek Slaw recipe,assets/image.avif,,not-included-see-readme
2330,REC-CAND-2330,Roasted Potatoes,roasted potatoes,Side,Lunch,United States,False,False,False,Roasted Potatoes recipe,assets/image.avif,,not-included-see-readme
2331,REC-CAND-2331,Asian Rice,asian rice,Side,Lunch,France,False,False,False,Asian Rice recipe,assets/image.avif,,not-included-see-readme
2332,REC-CAND-2332,Roasted Carrots,roasted carrots,Side,Lunch,India,False,False,False,Roasted Carrots recipe,assets/image.avif,,not-included-see-readme
2333,REC-CAND-2333,Herbed Green Beans,herbed green beans,Side,Lunch,China,False,False,False,Herbed Green Beans recipe,assets/image.avif,,not-included-see-readme
2334,REC-CAND-2334,Spicy Green Beans,spicy green beans,Side,Lunch,China,False,False,False,Spicy Green Beans recipe,assets/image.avif,,not-included-see-readme
2335,REC-CAND-2335,Garlic Quinoa Pilaf,garlic quinoa pilaf,Side,Dinner,Greece,False,False,False,Garlic Quinoa Pilaf recipe,assets/image.avif,,not-included-see-readme
2336,REC-CAND-2336,Spicy Broccoli,spicy broccoli,Side,Lunch,Japan,False,False,False,Spicy Broccoli recipe,assets/image.avif,,not-included-see-readme
2337,REC-CAND-2337,Asian Bean Salad,asian bean salad,Side,Lunch,China,False,False,False,Asian Bean Salad recipe,assets/image.avif,,not-included-see-readme
2338,REC-CAND-2338,Mexican Rice,mexican rice,Side,Lunch,China,False,False,False,Mexican Rice recipe,assets/image.avif,,not-included-see-readme
2339,REC-CAND-2339,Spicy Carrots,spicy carrots,Side,Dinner,Spain,False,False,False,Spicy Carrots recipe,assets/image.avif,,not-included-see-readme
2340,REC-CAND-2340,Greek Rice,greek rice,Side,Dinner,Jamaica,False,False,False,Greek Rice recipe,assets/image.avif,,not-included-see-readme
2341,REC-CAND-2341,Mediterranean Slaw,mediterranean slaw,Side,Lunch,Korea,False,False,False,Mediterranean Slaw recipe,assets/image.avif,,not-included-see-readme
2342,REC-CAND-2342,Cajun Bean Salad,cajun bean salad,Side,Dinner,Japan,False,False,False,Cajun Bean Salad recipe,assets/image.avif,,not-included-see-readme
2343,REC-CAND-2343,Asian Vegetable Medley,asian vegetable medley,Side,Lunch,Italy,False,False,False,Asian Vegetable Medley recipe,assets/image.avif,,not-included-see-readme
2344,REC-CAND-2344,Mediterranean Rice,mediterranean rice,Side,Lunch,Philippines,False,False,False,Mediterranean Rice recipe,assets/image.avif,,not-included-see-readme
2345,REC-CAND-2345,Garlic Couscous Salad,garlic couscous salad,Side,Dinner,India,False,False,False,Garlic Couscous Salad recipe,assets/image.avif,,not-included-see-readme
2346,REC-CAND-2346,Mexican Slaw,mexican slaw,Side,Dinner,India,False,False,False,Mexican Slaw recipe,assets/image.avif,,not-included-see-readme
2347,REC-CAND-2347,Lemon Cucumber Salad,lemon cucumber salad,Side,Dinner,Philippines,False,False,False,Lemon Cucumber Salad recipe,assets/image.avif,,not-included-see-readme
2348,REC-CAND-2348,Lemon Couscous Salad,lemon couscous salad,Side,Dinner,Jamaica,False,False,False,Lemon Couscous Salad recipe,assets/image.avif,,not-included-see-readme
2349,REC-CAND-2349,Herbed Quinoa Pilaf,herbed quinoa pilaf,Side,Lunch,United States,False,False,False,Herbed Quinoa Pilaf recipe,assets/image.avif,,not-included-see-readme
2350,REC-CAND-2350,Spicy Rice,spicy rice,Side,Dinner,India,False,False,False,Spicy Rice recipe,assets/image.avif,,not-included-see-readme
2351,REC-CAND-2351,Herbed Corn Salsa,herbed corn salsa,Side,Lunch,China,False,False,False,Herbed Corn Salsa recipe,assets/image.avif,,not-included-see-readme
2352,REC-CAND-2352,Roasted Green Beans,roasted green beans,Side,Lunch,Philippines,False,False,False,Roasted Green Beans recipe,assets/image.avif,,not-included-see-readme
2353,REC-CAND-2353,Garlic Tomato Salad,garlic tomato salad,Side,Dinner,Philippines,False,False,False,Garlic Tomato Salad recipe,assets/image.avif,,not-included-see-readme
2354,REC-CAND-2354,Herbed Carrots,herbed carrots,Side,Dinner,Philippines,False,False,False,Herbed Carrots recipe,assets/image.avif,,not-included-see-readme
2355,REC-CAND-2355,Lemon Corn Salsa,lemon corn salsa,Side,Dinner,China,False,False,False,Lemon Corn Salsa recipe,assets/image.avif,,not-included-see-readme
2356,REC-CAND-2356,Herbed Cucumber Salad,herbed cucumber salad,Side,Lunch,Ethiopia,True,False,False,Herbed Cucumber Salad recipe,assets/image.avif,,not-included-see-readme
2357,REC-CAND-2357,Herbed Couscous Salad,herbed couscous salad,Side,Dinner,Korea,False,False,False,Herbed Couscous Salad recipe,assets/image.avif,,not-included-see-readme
2358,REC-CAND-2358,Garlic Broccoli,garlic broccoli,Side,Lunch,Jamaica,False,False,False,Garlic Broccoli recipe,assets/image.avif,,not-included-see-readme
2359,REC-CAND-2359,Spicy Quinoa Pilaf,spicy quinoa pilaf,Side,Dinner,Peru,False,False,False,Spicy Quinoa Pilaf recipe,assets/image.avif,,not-included-see-readme
2360,REC-CAND-2360,Herbed Potatoes,herbed potatoes,Side,Dinner,United States,False,False,False,Herbed Potatoes recipe,assets/image.avif,,not-included-see-readme
2361,REC-CAND-2361,Spicy Cucumber Salad,spicy cucumber salad,Side,Dinner,Georgia,True,False,False,Spicy Cucumber Salad recipe,assets/image.avif,,not-included-see-readme
2362,REC-CAND-2362,Roasted Broccoli,roasted broccoli,Side,Dinner,Jamaica,False,False,False,Roasted Broccoli recipe,assets/image.avif,,not-included-see-readme
2363,REC-CAND-2363,Greek Bean Salad,greek bean salad,Side,Lunch,Spain,False,False,False,Greek Bean Salad recipe,assets/image.avif,,not-included-see-readme
2364,REC-CAND-2364,Garlic Green Beans,garlic green beans,Side,Dinner,Jamaica,False,False,False,Garlic Green Beans recipe,assets/image.avif,,not-included-see-readme
2365,REC-CAND-2365,Lemon Broccoli,lemon broccoli,Side,Dinner,Greece,False,False,False,Lemon Broccoli recipe,assets/image.avif,,not-included-see-readme
2366,REC-CAND-2366,Garlic Corn Salsa,garlic corn salsa,Side,Lunch,Italy,False,False,False,Garlic Corn Salsa recipe,assets/image.avif,,not-included-see-readme
2367,REC-CAND-2367,Mexican Vegetable Medley,mexican vegetable medley,Side,Lunch,Mexico,False,False,False,Mexican Vegetable Medley recipe,assets/image.avif,,not-included-see-readme
2368,REC-CAND-2368,Mediterranean Bean Salad,mediterranean bean salad,Side,Lunch,Peru,False,False,False,Mediterranean Bean Salad recipe,assets/image.avif,,not-included-see-readme
2369,REC-CAND-2369,Roasted Cucumber Salad,roasted cucumber salad,Side,Lunch,Peru,False,False,False,Roasted Cucumber Salad recipe,assets/image.avif,,not-included-see-readme
2370,REC-CAND-2370,Lemon Quinoa Pilaf,lemon quinoa pilaf,Side,Dinner,Philippines,False,False,False,Lemon Quinoa Pilaf recipe,assets/image.avif,,not-included-see-readme
2371,REC-CAND-2371,Chermoula Roasted Vegetables,chermoula roasted vegetables,Meal Component,Dinner,Mongolia,True,False,False,Chermoula Roasted Vegetables recipe,assets/image.avif,,not-included-see-readme
2372,REC-CAND-2372,Zhug Chicken Strips,zhug chicken strips,Meal Component,Dinner,Armenia,True,False,False,Zhug Chicken Strips recipe,assets/image.avif,,not-included-see-readme
2373,REC-CAND-2373,Seasoned Steamed Quinoa,seasoned steamed quinoa,Meal Component,Dinner,Brazil,False,False,False,Seasoned Steamed Quinoa recipe,assets/image.avif,,not-included-see-readme
2374,REC-CAND-2374,Garlic Air Fryer Potatoes,garlic air fryer potatoes,Meal Component,Lunch,Mexico,False,False,False,Garlic Air Fryer Potatoes recipe,assets/image.avif,,not-included-see-readme
2375,REC-CAND-2375,Garlic Grilled Chicken Breast,garlic grilled chicken breast,Meal Component,Lunch,Brazil,False,False,False,Garlic Grilled Chicken Breast recipe,assets/image.avif,,not-included-see-readme
2376,REC-CAND-2376,Skillet Sweet Potato Cubes,skillet sweet potato cubes,Meal Component,Lunch,Japan,False,False,False,Skillet Sweet Potato Cubes recipe,assets/image.avif,,not-included-see-readme
2377,REC-CAND-2377,Skillet Chicken Thighs,skillet chicken thighs,Meal Component,Dinner,Korea,False,False,False,Skillet Chicken Thighs recipe,assets/image.avif,,not-included-see-readme
2378,REC-CAND-2378,Chipotle Jasmine Rice,chipotle jasmine rice,Meal Component,Lunch,Korea,False,False,False,Chipotle Jasmine Rice recipe,assets/image.avif,,not-included-see-readme
2379,REC-CAND-2379,Chipotle Shredded Chicken,chipotle shredded chicken,Meal Component,Dinner,Peru,False,False,False,Chipotle Shredded Chicken recipe,assets/image.avif,,not-included-see-readme
2380,REC-CAND-2380,Air Fryer Chicken Thighs,air fryer chicken thighs,Meal Component,Lunch,Italy,False,False,False,Air Fryer Chicken Thighs recipe,assets/image.avif,,not-included-see-readme
2381,REC-CAND-2381,Skillet Rice Pilaf,skillet rice pilaf,Meal Component,Dinner,Mexico,False,False,False,Skillet Rice Pilaf recipe,assets/image.avif,,not-included-see-readme
2382,REC-CAND-2382,Air Fryer Turkey Patties,air fryer turkey patties,Meal Component,Lunch,China,False,False,False,Air Fryer Turkey Patties recipe,assets/image.avif,,not-included-see-readme
2383,REC-CAND-2383,Baked Turkey Patties,baked turkey patties,Meal Component,Dinner,Senegal,True,False,False,Baked Turkey Patties recipe,assets/image.avif,,not-included-see-readme
2384,REC-CAND-2384,Seasoned Roasted Sweet Potatoes,seasoned roasted sweet potatoes,Meal Component,Dinner,Jamaica,False,False,False,Seasoned Roasted Sweet Potatoes recipe,assets/image.avif,,not-included-see-readme
2385,REC-CAND-2385,Air Fryer Tofu Strips,air fryer tofu strips,Meal Component,Dinner,Egypt,True,False,False,Air Fryer Tofu Strips recipe,assets/image.avif,,not-included-see-readme
2386,REC-CAND-2386,Baked Chicken Thighs,baked chicken thighs,Meal Component,Lunch,Korea,False,False,False,Baked Chicken Thighs recipe,assets/image.avif,,not-included-see-readme
2387,REC-CAND-2387,Roasted Chicken Thighs,roasted chicken thighs,Meal Component,Lunch,Thailand,False,False,False,Roasted Chicken Thighs recipe,assets/image.avif,,not-included-see-readme
2388,REC-CAND-2388,Chipotle Ground Turkey,chipotle ground turkey,Meal Component,Dinner,Mexico,False,False,False,Chipotle Ground Turkey recipe,assets/image.avif,,not-included-see-readme
2389,REC-CAND-2389,Air Fryer Sweet Potato Cubes,air fryer sweet potato cubes,Meal Component,Lunch,India,False,False,False,Air Fryer Sweet Potato Cubes recipe,assets/image.avif,,not-included-see-readme
2390,REC-CAND-2390,Roasted Turkey Patties,roasted turkey patties,Meal Component,Dinner,Mexico,False,False,False,Roasted Turkey Patties recipe,assets/image.avif,,not-included-see-readme
2391,REC-CAND-2391,Seasoned Ground Turkey,seasoned ground turkey,Meal Component,Lunch,Japan,False,False,False,Seasoned Ground Turkey recipe,assets/image.avif,,not-included-see-readme
2392,REC-CAND-2392,Lemon Pepper Grilled Chicken Breast,lemon pepper grilled chicken breast,Meal Component,Lunch,Italy,False,False,False,Lemon Pepper Grilled Chicken Breast recipe,assets/image.avif,,not-included-see-readme
2393,REC-CAND-2393,Baked Sweet Potato Cubes,baked sweet potato cubes,Meal Component,Dinner,Italy,False,False,False,Baked Sweet Potato Cubes recipe,assets/image.avif,,not-included-see-readme
2394,REC-CAND-2394,Lemon Pepper Baked Salmon Fillets,lemon pepper baked salmon fillets,Meal Component,Dinner,China,False,False,False,Lemon Pepper Baked Salmon Fillets recipe,assets/image.avif,,not-included-see-readme
2395,REC-CAND-2395,Meal Prep Ground Turkey,meal prep ground turkey,Meal Component,Dinner,Spain,False,False,False,Meal Prep Ground Turkey recipe,assets/image.avif,,not-included-see-readme
2396,REC-CAND-2396,Garlic Baked Tofu Cubes,garlic baked tofu cubes,Meal Component,Dinner,Philippines,False,False,False,Garlic Baked Tofu Cubes recipe,assets/image.avif,,not-included-see-readme
2397,REC-CAND-2397,Skillet Turkey Patties,skillet turkey patties,Meal Component,Lunch,Korea,False,False,False,Skillet Turkey Patties recipe,assets/image.avif,,not-included-see-readme
2398,REC-CAND-2398,Chipotle Baked Salmon Fillets,chipotle baked salmon fillets,Meal Component,Dinner,Philippines,False,False,False,Chipotle Baked Salmon Fillets recipe,assets/image.avif,,not-included-see-readme
2399,REC-CAND-2399,Seasoned Grilled Chicken Breast,seasoned grilled chicken breast,Meal Component,Dinner,Philippines,False,False,False,Seasoned Grilled Chicken Breast recipe,assets/image.avif,,not-included-see-readme
2400,REC-CAND-2400,Baked Tofu Strips,baked tofu strips,Meal Component,Dinner,United States,False,False,False,Baked Tofu Strips recipe,assets/image.avif,,not-included-see-readme
2401,REC-CAND-2401,Chipotle Steamed Quinoa,chipotle steamed quinoa,Meal Component,Lunch,Jamaica,False,False,False,Chipotle Steamed Quinoa recipe,assets/image.avif,,not-included-see-readme
2402,REC-CAND-2402,Baked Rice Pilaf,baked rice pilaf,Meal Component,Lunch,Armenia,True,False,False,Baked Rice Pilaf recipe,assets/image.avif,,not-included-see-readme
2403,REC-CAND-2403,Roasted Rice Pilaf,roasted rice pilaf,Meal Component,Lunch,Romania,True,False,False,Roasted Rice Pilaf recipe,assets/image.avif,,not-included-see-readme
2404,REC-CAND-2404,Chipotle Roasted Sweet Potatoes,chipotle roasted sweet potatoes,Meal Component,Lunch,Italy,False,False,False,Chipotle Roasted Sweet Potatoes recipe,assets/image.avif,,not-included-see-readme
2405,REC-CAND-2405,Lemon Pepper Baked Tofu Cubes,lemon pepper baked tofu cubes,Meal Component,Lunch,Italy,False,False,False,Lemon Pepper Baked Tofu Cubes recipe,assets/image.avif,,not-included-see-readme
2406,REC-CAND-2406,Seasoned Turkey Meatballs,seasoned turkey meatballs,Meal Component,Lunch,Tunisia,True,False,False,Seasoned Turkey Meatballs recipe,assets/image.avif,,not-included-see-readme
2407,REC-CAND-2407,Lemon Pepper Shredded Chicken,lemon pepper shredded chicken,Meal Component,Lunch,China,False,False,False,Lemon Pepper Shredded Chicken recipe,assets/image.avif,,not-included-see-readme
2408,REC-CAND-2408,Garlic Turkey Meatballs,garlic turkey meatballs,Meal Component,Dinner,France,False,False,False,Garlic Turkey Meatballs recipe,assets/image.avif,,not-included-see-readme
2409,REC-CAND-2409,Garlic Roasted Sweet Potatoes,garlic roasted sweet potatoes,Meal Component,Dinner,Brazil,False,False,False,Garlic Roasted Sweet Potatoes recipe,assets/image.avif,,not-included-see-readme
2410,REC-CAND-2410,Meal Prep Jasmine Rice,meal prep jasmine rice,Meal Component,Lunch,Italy,False,False,False,Meal Prep Jasmine Rice recipe,assets/image.avif,,not-included-see-readme
2411,REC-CAND-2411,Lemon Pepper Steamed Quinoa,lemon pepper steamed quinoa,Meal Component,Lunch,Jamaica,False,False,False,Lemon Pepper Steamed Quinoa recipe,assets/image.avif,,not-included-see-readme
2412,REC-CAND-2412,Meal Prep Baked Salmon Fillets,meal prep baked salmon fillets,Meal Component,Lunch,India,False,False,False,Meal Prep Baked Salmon Fillets recipe,assets/image.avif,,not-included-see-readme
2413,REC-CAND-2413,Lemon Pepper Ground Turkey,lemon pepper ground turkey,Meal Component,Lunch,Peru,False,False,False,Lemon Pepper Ground Turkey recipe,assets/image.avif,,not-included-see-readme
2414,REC-CAND-2414,Lemon Pepper Turkey Meatballs,lemon pepper turkey meatballs,Meal Component,Dinner,France,False,False,False,Lemon Pepper Turkey Meatballs recipe,assets/image.avif,,not-included-see-readme
2415,REC-CAND-2415,Chipotle Baked Tofu Cubes,chipotle baked tofu cubes,Meal Component,Lunch,France,False,False,False,Chipotle Baked Tofu Cubes recipe,assets/image.avif,,not-included-see-readme
2416,REC-CAND-2416,Garlic Steamed Quinoa,garlic steamed quinoa,Meal Component,Dinner,Egypt,True,False,False,Garlic Steamed Quinoa recipe,assets/image.avif,,not-included-see-readme
2417,REC-CAND-2417,Roasted Sweet Potato Cubes,roasted sweet potato cubes,Meal Component,Lunch,Georgia,True,False,False,Roasted Sweet Potato Cubes recipe,assets/image.avif,,not-included-see-readme
2418,REC-CAND-2418,Meal Prep Steamed Quinoa,meal prep steamed quinoa,Meal Component,Lunch,Brazil,False,False,False,Meal Prep Steamed Quinoa recipe,assets/image.avif,,not-included-see-readme
2419,REC-CAND-2419,Chipotle Grilled Chicken Breast,chipotle grilled chicken breast,Meal Component,Dinner,Japan,False,False,False,Chipotle Grilled Chicken Breast recipe,assets/image.avif,,not-included-see-readme
2420,REC-CAND-2420,Garlic Shredded Chicken,garlic shredded chicken,Meal Component,Lunch,Romania,True,False,False,Garlic Shredded Chicken recipe,assets/image.avif,,not-included-see-readme
2421,REC-CAND-2421,Seasoned Baked Salmon Fillets,seasoned baked salmon fillets,Meal Component,Dinner,France,False,False,False,Seasoned Baked Salmon Fillets recipe,assets/image.avif,,not-included-see-readme
2422,REC-CAND-2422,Meal Prep Turkey Meatballs,meal prep turkey meatballs,Meal Component,Dinner,Brazil,False,False,False,Meal Prep Turkey Meatballs recipe,assets/image.avif,,not-included-see-readme
2423,REC-CAND-2423,Lemon Pepper Jasmine Rice,lemon pepper jasmine rice,Meal Component,Dinner,Jamaica,False,False,False,Lemon Pepper Jasmine Rice recipe,assets/image.avif,,not-included-see-readme
2424,REC-CAND-2424,Air Fryer Rice Pilaf,air fryer rice pilaf,Meal Component,Lunch,Jamaica,False,False,False,Air Fryer Rice Pilaf recipe,assets/image.avif,,not-included-see-readme
2425,REC-CAND-2425,Seasoned Shredded Chicken,seasoned shredded chicken,Meal Component,Dinner,Thailand,False,False,False,Seasoned Shredded Chicken recipe,assets/image.avif,,not-included-see-readme
2426,REC-CAND-2426,Skillet Tofu Strips,skillet tofu strips,Meal Component,Dinner,Italy,False,False,False,Skillet Tofu Strips recipe,assets/image.avif,,not-included-see-readme
2427,REC-CAND-2427,Garlic Jasmine Rice,garlic jasmine rice,Meal Component,Dinner,United States,False,False,False,Garlic Jasmine Rice recipe,assets/image.avif,,not-included-see-readme
2428,REC-CAND-2428,Chipotle Turkey Meatballs,chipotle turkey meatballs,Meal Component,Lunch,Philippines,False,False,False,Chipotle Turkey Meatballs recipe,assets/image.avif,,not-included-see-readme
2429,REC-CAND-2429,Seasoned Baked Tofu Cubes,seasoned baked tofu cubes,Meal Component,Lunch,Jamaica,False,False,False,Seasoned Baked Tofu Cubes recipe,assets/image.avif,,not-included-see-readme
2430,REC-CAND-2430,Seasoned Jasmine Rice,seasoned jasmine rice,Meal Component,Dinner,Thailand,False,False,False,Seasoned Jasmine Rice recipe,assets/image.avif,,not-included-see-readme
2431,REC-CAND-2431,Roasted Tofu Strips,roasted tofu strips,Meal Component,Lunch,France,False,False,False,Roasted Tofu Strips recipe,assets/image.avif,,not-included-see-readme
2432,REC-CAND-2432,Garlic Baked Salmon Fillets,garlic baked salmon fillets,Meal Component,Dinner,Japan,False,False,False,Garlic Baked Salmon Fillets recipe,assets/image.avif,,not-included-see-readme
2433,REC-CAND-2433,Lemon Pepper Roasted Sweet Potatoes,lemon pepper roasted sweet potatoes,Meal Component,Dinner,Japan,False,False,False,Lemon Pepper Roasted Sweet Potatoes recipe,assets/image.avif,,not-included-see-readme
2434,REC-CAND-2434,Lemon Pepper Air Fryer Potatoes,lemon pepper air fryer potatoes,Meal Component,Lunch,France,False,False,False,Lemon Pepper Air Fryer Potatoes recipe,assets/image.avif,,not-included-see-readme
2435,REC-CAND-2435,Meal Prep Air Fryer Potatoes,meal prep air fryer potatoes,Meal Component,Dinner,Japan,False,False,False,Meal Prep Air Fryer Potatoes recipe,assets/image.avif,,not-included-see-readme
2436,REC-CAND-2436,Orange Blossom Rice Pudding,orange blossom rice pudding,Dessert,Snack,Ethiopia,True,False,False,Orange Blossom Rice Pudding recipe,assets/image.avif,,not-included-see-readme
2437,REC-CAND-2437,Semolina Honey Cake,semolina honey cake,Dessert,Snack,Morocco,True,False,False,Semolina Honey Cake recipe,assets/image.avif,,not-included-see-readme
2438,REC-CAND-2438,Cherry Crisp,cherry crisp,Dessert,Snack,United States,False,False,False,Cherry Crisp recipe,assets/image.avif,,not-included-see-readme
2439,REC-CAND-2439,Pumpkin Crumble Cups,pumpkin crumble cups,Dessert,Snack,Korea,False,False,False,Pumpkin Crumble Cups recipe,assets/image.avif,,not-included-see-readme
2440,REC-CAND-2440,Banana Crisp,banana crisp,Dessert,Snack,United States,False,False,False,Banana Crisp recipe,assets/image.avif,,not-included-see-readme
2441,REC-CAND-2441,Mango Oat Cups,mango oat cups,Dessert,Snack,Greece,False,False,False,Mango Oat Cups recipe,assets/image.avif,,not-included-see-readme
2442,REC-CAND-2442,Peach Mousse,peach mousse,Dessert,Snack,Japan,False,False,False,Peach Mousse recipe,assets/image.avif,,not-included-see-readme
2443,REC-CAND-2443,Banana Date Squares,banana date squares,Dessert,Snack,India,False,False,False,Banana Date Squares recipe,assets/image.avif,,not-included-see-readme
2444,REC-CAND-2444,Peach Crumble Cups,peach crumble cups,Dessert,Snack,United States,False,False,False,Peach Crumble Cups recipe,assets/image.avif,,not-included-see-readme
2445,REC-CAND-2445,Banana Mousse,banana mousse,Dessert,Snack,Spain,False,False,False,Banana Mousse recipe,assets/image.avif,,not-included-see-readme
2446,REC-CAND-2446,Lemon Crumble Cups,lemon crumble cups,Dessert,Snack,United States,False,False,False,Lemon Crumble Cups recipe,assets/image.avif,,not-included-see-readme
2447,REC-CAND-2447,Chocolate Frozen Bites,chocolate frozen bites,Dessert,Snack,Peru,False,False,False,Chocolate Frozen Bites recipe,assets/image.avif,,not-included-see-readme
2448,REC-CAND-2448,Apple Yogurt Bark,apple yogurt bark,Dessert,Snack,Philippines,False,False,False,Apple Yogurt Bark recipe,assets/image.avif,,not-included-see-readme
2449,REC-CAND-2449,Apple Crisp,apple crisp,Dessert,Snack,China,False,False,False,Apple Crisp recipe,assets/image.avif,,not-included-see-readme
2450,REC-CAND-2450,Lemon Date Squares,lemon date squares,Dessert,Snack,Spain,False,False,False,Lemon Date Squares recipe,assets/image.avif,,not-included-see-readme
2451,REC-CAND-2451,Pumpkin Protein Pudding,pumpkin protein pudding,Dessert,Snack,France,False,False,False,Pumpkin Protein Pudding recipe,assets/image.avif,,not-included-see-readme
2452,REC-CAND-2452,Berry Frozen Bites,berry frozen bites,Dessert,Snack,Thailand,False,False,False,Berry Frozen Bites recipe,assets/image.avif,,not-included-see-readme
2453,REC-CAND-2453,Cherry Frozen Bites,cherry frozen bites,Dessert,Snack,China,False,False,False,Cherry Frozen Bites recipe,assets/image.avif,,not-included-see-readme
2454,REC-CAND-2454,Mango Crumble Cups,mango crumble cups,Dessert,Snack,India,False,False,False,Mango Crumble Cups recipe,assets/image.avif,,not-included-see-readme
2455,REC-CAND-2455,Mango Date Squares,mango date squares,Dessert,Snack,Jamaica,False,False,False,Mango Date Squares recipe,assets/image.avif,,not-included-see-readme
2456,REC-CAND-2456,Berry Crisp,berry crisp,Dessert,Snack,Thailand,False,False,False,Berry Crisp recipe,assets/image.avif,,not-included-see-readme
2457,REC-CAND-2457,Peach Date Squares,peach date squares,Dessert,Snack,China,False,False,False,Peach Date Squares recipe,assets/image.avif,,not-included-see-readme
2458,REC-CAND-2458,Peach Chia Pudding,peach chia pudding,Dessert,Snack,Spain,False,False,False,Peach Chia Pudding recipe,assets/image.avif,,not-included-see-readme
2459,REC-CAND-2459,Apple Frozen Bites,apple frozen bites,Dessert,Snack,Philippines,False,False,False,Apple Frozen Bites recipe,assets/image.avif,,not-included-see-readme
2460,REC-CAND-2460,Pear Frozen Bites,pear frozen bites,Dessert,Snack,Jamaica,False,False,False,Pear Frozen Bites recipe,assets/image.avif,,not-included-see-readme
2461,REC-CAND-2461,Lemon Crisp,lemon crisp,Dessert,Snack,United States,False,False,False,Lemon Crisp recipe,assets/image.avif,,not-included-see-readme
2462,REC-CAND-2462,Berry Chia Pudding,berry chia pudding,Dessert,Snack,France,False,False,False,Berry Chia Pudding recipe,assets/image.avif,,not-included-see-readme
2463,REC-CAND-2463,Chocolate Mousse,chocolate mousse,Dessert,Snack,United States,False,False,False,Chocolate Mousse recipe,assets/image.avif,,not-included-see-readme
2464,REC-CAND-2464,Pumpkin Frozen Bites,pumpkin frozen bites,Dessert,Snack,China,False,False,False,Pumpkin Frozen Bites recipe,assets/image.avif,,not-included-see-readme
2465,REC-CAND-2465,Apple Oat Cups,apple oat cups,Dessert,Snack,Jamaica,False,False,False,Apple Oat Cups recipe,assets/image.avif,,not-included-see-readme
2466,REC-CAND-2466,Chocolate Crisp,chocolate crisp,Dessert,Snack,Ghana,True,False,False,Chocolate Crisp recipe,assets/image.avif,,not-included-see-readme
2467,REC-CAND-2467,Apple Date Squares,apple date squares,Dessert,Snack,Peru,False,False,False,Apple Date Squares recipe,assets/image.avif,,not-included-see-readme
2468,REC-CAND-2468,Berry Mousse,berry mousse,Dessert,Snack,Greece,False,False,False,Berry Mousse recipe,assets/image.avif,,not-included-see-readme
2469,REC-CAND-2469,Pear Date Squares,pear date squares,Dessert,Snack,Italy,False,False,False,Pear Date Squares recipe,assets/image.avif,,not-included-see-readme
2470,REC-CAND-2470,Cherry Date Squares,cherry date squares,Dessert,Snack,Mexico,False,False,False,Cherry Date Squares recipe,assets/image.avif,,not-included-see-readme
2471,REC-CAND-2471,Apple Mousse,apple mousse,Dessert,Snack,Mexico,False,False,False,Apple Mousse recipe,assets/image.avif,,not-included-see-readme
2472,REC-CAND-2472,Cherry Yogurt Bark,cherry yogurt bark,Dessert,Snack,China,False,False,False,Cherry Yogurt Bark recipe,assets/image.avif,,not-included-see-readme
2473,REC-CAND-2473,Lemon Oat Cups,lemon oat cups,Dessert,Snack,India,False,False,False,Lemon Oat Cups recipe,assets/image.avif,,not-included-see-readme
2474,REC-CAND-2474,Banana Chia Pudding,banana chia pudding,Dessert,Snack,France,False,False,False,Banana Chia Pudding recipe,assets/image.avif,,not-included-see-readme
2475,REC-CAND-2475,Pumpkin Yogurt Bark,pumpkin yogurt bark,Dessert,Snack,China,False,False,False,Pumpkin Yogurt Bark recipe,assets/image.avif,,not-included-see-readme
2476,REC-CAND-2476,Ayran Yogurt Drink,ayran yogurt drink,Drink,Snack,Nepal,True,False,False,Ayran Yogurt Drink recipe,assets/image.avif,,not-included-see-readme
2477,REC-CAND-2477,Hibiscus Ginger Cooler,hibiscus ginger cooler,Drink,Breakfast,Afghanistan,True,False,False,Hibiscus Ginger Cooler recipe,assets/image.avif,,not-included-see-readme
2478,REC-CAND-2478,Cold Brew Protein Shake,cold brew protein shake,Drink,Breakfast,India,False,False,False,Cold Brew Protein Shake recipe,assets/image.avif,,not-included-see-readme
2479,REC-CAND-2479,Green Recovery Smoothie,green recovery smoothie,Drink,Snack,Korea,False,False,False,Green Recovery Smoothie recipe,assets/image.avif,,not-included-see-readme
2480,REC-CAND-2480,Mango Lassi Smoothie,mango lassi smoothie,Drink,Snack,Japan,False,False,False,Mango Lassi Smoothie recipe,assets/image.avif,,not-included-see-readme
2481,REC-CAND-2481,Peach Protein Smoothie,peach protein smoothie,Drink,Breakfast,China,False,False,False,Peach Protein Smoothie recipe,assets/image.avif,,not-included-see-readme
2482,REC-CAND-2482,Mocha Protein Smoothie,mocha protein smoothie,Drink,Snack,Korea,False,False,False,Mocha Protein Smoothie recipe,assets/image.avif,,not-included-see-readme
2483,REC-CAND-2483,Chocolate Oat Smoothie,chocolate oat smoothie,Drink,Snack,Greece,False,False,False,Chocolate Oat Smoothie recipe,assets/image.avif,,not-included-see-readme
2484,REC-CAND-2484,Berry Protein Smoothie,berry protein smoothie,Drink,Breakfast,Philippines,False,False,False,Berry Protein Smoothie recipe,assets/image.avif,,not-included-see-readme
2485,REC-CAND-2485,Pineapple Ginger Smoothie,pineapple ginger smoothie,Drink,Breakfast,Philippines,False,False,False,Pineapple Ginger Smoothie recipe,assets/image.avif,,not-included-see-readme
2486,REC-CAND-2486,Vanilla Recovery Shake,vanilla recovery shake,Drink,Breakfast,Spain,False,False,False,Vanilla Recovery Shake recipe,assets/image.avif,,not-included-see-readme
2487,REC-CAND-2487,Pineapple Protein Smoothie,pineapple protein smoothie,Drink,Breakfast,Korea,False,False,False,Pineapple Protein Smoothie recipe,assets/image.avif,,not-included-see-readme
2488,REC-CAND-2488,Vanilla Protein Smoothie,vanilla protein smoothie,Drink,Breakfast,Thailand,False,False,False,Vanilla Protein Smoothie recipe,assets/image.avif,,not-included-see-readme
2489,REC-CAND-2489,Tropical Kefir Smoothie,tropical kefir smoothie,Drink,Breakfast,Spain,False,False,False,Tropical Kefir Smoothie recipe,assets/image.avif,,not-included-see-readme
2490,REC-CAND-2490,Pineapple Kefir Shake,pineapple kefir shake,Drink,Breakfast,Morocco,True,False,False,Pineapple Kefir Shake recipe,assets/image.avif,,not-included-see-readme
2491,REC-CAND-2491,Pineapple Yogurt Smoothie,pineapple yogurt smoothie,Drink,Snack,Brazil,False,False,False,Pineapple Yogurt Smoothie recipe,assets/image.avif,,not-included-see-readme
2492,REC-CAND-2492,Mango Protein Smoothie,mango protein smoothie,Drink,Breakfast,China,False,False,False,Mango Protein Smoothie recipe,assets/image.avif,,not-included-see-readme
2493,REC-CAND-2493,Mango Kefir Shake,mango kefir shake,Drink,Breakfast,Brazil,False,False,False,Mango Kefir Shake recipe,assets/image.avif,,not-included-see-readme
2494,REC-CAND-2494,Iced Matcha Protein Latte,iced matcha protein latte,Drink,Snack,Greece,False,False,False,Iced Matcha Protein Latte recipe,assets/image.avif,,not-included-see-readme
2495,REC-CAND-2495,Mocha Kefir Shake,mocha kefir shake,Drink,Breakfast,France,False,False,False,Mocha Kefir Shake recipe,assets/image.avif,,not-included-see-readme
2496,REC-CAND-2496,Peanut Butter Banana Shake,peanut butter banana shake,Drink,Snack,Greece,False,False,False,Peanut Butter Banana Shake recipe,assets/image.avif,,not-included-see-readme
2497,REC-CAND-2497,Peach Kefir Shake,peach kefir shake,Drink,Breakfast,Brazil,False,False,False,Peach Kefir Shake recipe,assets/image.avif,,not-included-see-readme
2498,REC-CAND-2498,Berry Recovery Shake,berry recovery shake,Drink,Snack,Peru,False,False,False,Berry Recovery Shake recipe,assets/image.avif,,not-included-see-readme
2499,REC-CAND-2499,Banana Recovery Shake,banana recovery shake,Drink,Snack,Uzbekistan,True,False,False,Banana Recovery Shake recipe,assets/image.avif,,not-included-see-readme
2500,REC-CAND-2500,Vanilla Kefir Shake,vanilla kefir shake,Drink,Breakfast,China,False,False,False,Vanilla Kefir Shake recipe,assets/image.avif,,not-included-see-readme
